{
"type": "FeatureCollection",
"name": "areas_executivo_reassentamento",
"features": [
{ "type": "Feature", "properties": { "Name": "Área Executivo / Reassentamento", "description": "Área Executivo / Reassentamento", "timestamp": null, "begin": null, "end": null, "altitudeMode": null, "tessellate": -1, "extrude": 0, "visibility": -1, "drawOrder": null, "icon": null, "handle": 5652.0, "block": -1.0, "etype": 18.0, "space": 0.0, "layer": "REINTEGRAÃ‡ÃƒO DE POSSE 01", "olinetype": "BYLAYER", "linetype": null, "color": "255,127,0,254", "ocolor": 256.0, "color24": -1.0, "transparen": 0.0, "lweight": -1.0, "linewidth": 0.0, "ltscale": 1.0, "visible": 1.0, "width": 0.2, "thickness": 0.0, "ext": "(3:0,0,0.1)", "fid_2": null, "handle_2": null, "block_2": null, "etype_2": null, "space_2": null, "layer_2": null, "olinetype_": null, "linetype_2": null, "color_2": null, "ocolor_2": null, "color24_2": null, "transpar_1": null, "lweight_2": null, "linewidth_": null, "ltscale_2": null, "visible_2": null, "width_2": null, "thickness_": null, "ext_2": null }, "geometry": { "type": "Polygon", "coordinates": [ [ [ -46.9447052, -23.06321 ], [ -46.9447025, -23.0631537 ], [ -46.9447482, -23.0631514 ], [ -46.9447539, -23.0632044 ], [ -46.9447052, -23.06321 ] ] ] } },
{ "type": "Feature", "properties": { "Name": "Área Executivo / Reassentamento", "description": "Área Executivo / Reassentamento", "timestamp": null, "begin": null, "end": null, "altitudeMode": null, "tessellate": -1, "extrude": 0, "visibility": -1, "drawOrder": null, "icon": null, "handle": null, "block": null, "etype": null, "space": null, "layer": null, "olinetype": null, "linetype": null, "color": null, "ocolor": null, "color24": null, "transparen": null, "lweight": null, "linewidth": null, "ltscale": null, "visible": null, "width": null, "thickness": null, "ext": null, "fid_2": 482.0, "handle_2": 5120.0, "block_2": -1.0, "etype_2": 18.0, "space_2": 0.0, "layer_2": "REINTEGRAÃ‡ÃƒO DE POSSE", "olinetype_": "BYLAYER", "linetype_2": null, "color_2": "255,127,0,254", "ocolor_2": 256.0, "color24_2": -1.0, "transpar_1": 0.0, "lweight_2": -1.0, "linewidth_": 0.09, "ltscale_2": 1.0, "visible_2": 1.0, "width_2": 0.1, "thickness_": 0.0, "ext_2": "(3:0,0,0.1)" }, "geometry": { "type": "Polygon", "coordinates": [ [ [ -46.9489194, -23.0913221 ], [ -46.9488811, -23.091302 ], [ -46.9491479, -23.0907408 ], [ -46.9491901, -23.0907471 ], [ -46.9491411, -23.0909165 ], [ -46.9490633, -23.0910694 ], [ -46.9489865, -23.0912088 ], [ -46.9489194, -23.0913221 ] ] ] } },
{ "type": "Feature", "properties": { "Name": "Área Executivo / Reassentamento", "description": "Área Executivo / Reassentamento", "timestamp": null, "begin": null, "end": null, "altitudeMode": null, "tessellate": -1, "extrude": 0, "visibility": -1, "drawOrder": null, "icon": null, "handle": null, "block": null, "etype": null, "space": null, "layer": null, "olinetype": null, "linetype": null, "color": null, "ocolor": null, "color24": null, "transparen": null, "lweight": null, "linewidth": null, "ltscale": null, "visible": null, "width": null, "thickness": null, "ext": null, "fid_2": 483.0, "handle_2": 5121.0, "block_2": -1.0, "etype_2": 18.0, "space_2": 0.0, "layer_2": "REINTEGRAÃ‡ÃƒO DE POSSE", "olinetype_": "BYLAYER", "linetype_2": null, "color_2": "255,127,0,254", "ocolor_2": 256.0, "color24_2": -1.0, "transpar_1": 0.0, "lweight_2": -1.0, "linewidth_": 0.09, "ltscale_2": 1.0, "visible_2": 1.0, "width_2": 0.1, "thickness_": 0.0, "ext_2": "(3:0,0,0.1)" }, "geometry": { "type": "Polygon", "coordinates": [ [ [ -46.8854391, -23.1784159 ], [ -46.8856761, -23.1782786 ], [ -46.8857948, -23.1782146 ], [ -46.8859715, -23.1781139 ], [ -46.8860184, -23.1781869 ], [ -46.8857773, -23.1783266 ], [ -46.8854794, -23.1784749 ], [ -46.8854391, -23.1784159 ] ] ] } },
{ "type": "Feature", "properties": { "Name": "Área Executivo / Reassentamento", "description": "Área Executivo / Reassentamento", "timestamp": null, "begin": null, "end": null, "altitudeMode": null, "tessellate": -1, "extrude": 0, "visibility": -1, "drawOrder": null, "icon": null, "handle": null, "block": null, "etype": null, "space": null, "layer": null, "olinetype": null, "linetype": null, "color": null, "ocolor": null, "color24": null, "transparen": null, "lweight": null, "linewidth": null, "ltscale": null, "visible": null, "width": null, "thickness": null, "ext": null, "fid_2": 484.0, "handle_2": 5122.0, "block_2": -1.0, "etype_2": 18.0, "space_2": 0.0, "layer_2": "REINTEGRAÃ‡ÃƒO DE POSSE", "olinetype_": "BYLAYER", "linetype_2": null, "color_2": "255,127,0,254", "ocolor_2": 256.0, "color24_2": -1.0, "transpar_1": 0.0, "lweight_2": -1.0, "linewidth_": 0.09, "ltscale_2": 1.0, "visible_2": 1.0, "width_2": 0.1, "thickness_": 0.0, "ext_2": "(3:0,0,0.1)" }, "geometry": { "type": "Polygon", "coordinates": [ [ [ -46.9091633, -23.1390518 ], [ -46.9091194, -23.1390239 ], [ -46.9092011, -23.1389256 ], [ -46.9092409, -23.1389524 ], [ -46.9091633, -23.1390518 ] ] ] } },
{ "type": "Feature", "properties": { "Name": "Área Executivo / Reassentamento", "description": "Área Executivo / Reassentamento", "timestamp": null, "begin": null, "end": null, "altitudeMode": null, "tessellate": -1, "extrude": 0, "visibility": -1, "drawOrder": null, "icon": null, "handle": null, "block": null, "etype": null, "space": null, "layer": null, "olinetype": null, "linetype": null, "color": null, "ocolor": null, "color24": null, "transparen": null, "lweight": null, "linewidth": null, "ltscale": null, "visible": null, "width": null, "thickness": null, "ext": null, "fid_2": 485.0, "handle_2": 5123.0, "block_2": -1.0, "etype_2": 18.0, "space_2": 0.0, "layer_2": "REINTEGRAÃ‡ÃƒO DE POSSE", "olinetype_": "BYLAYER", "linetype_2": null, "color_2": "255,127,0,254", "ocolor_2": 256.0, "color24_2": -1.0, "transpar_1": 0.0, "lweight_2": -1.0, "linewidth_": 0.09, "ltscale_2": 1.0, "visible_2": 1.0, "width_2": 0.1, "thickness_": 0.0, "ext_2": "(3:0,0,0.1)" }, "geometry": { "type": "Polygon", "coordinates": [ [ [ -46.9201807, -23.131171 ], [ -46.9202542, -23.1311358 ], [ -46.9202797, -23.1311656 ], [ -46.9202018, -23.1312315 ], [ -46.9201807, -23.131171 ] ] ] } },
{ "type": "Feature", "properties": { "Name": "Área Executivo / Reassentamento", "description": "Área Executivo / Reassentamento", "timestamp": null, "begin": null, "end": null, "altitudeMode": null, "tessellate": -1, "extrude": 0, "visibility": -1, "drawOrder": null, "icon": null, "handle": null, "block": null, "etype": null, "space": null, "layer": null, "olinetype": null, "linetype": null, "color": null, "ocolor": null, "color24": null, "transparen": null, "lweight": null, "linewidth": null, "ltscale": null, "visible": null, "width": null, "thickness": null, "ext": null, "fid_2": 486.0, "handle_2": 5124.0, "block_2": -1.0, "etype_2": 18.0, "space_2": 0.0, "layer_2": "REINTEGRAÃ‡ÃƒO DE POSSE", "olinetype_": "BYLAYER", "linetype_2": null, "color_2": "255,127,0,254", "ocolor_2": 256.0, "color24_2": -1.0, "transpar_1": 0.0, "lweight_2": -1.0, "linewidth_": 0.09, "ltscale_2": 1.0, "visible_2": 1.0, "width_2": 0.1, "thickness_": 0.0, "ext_2": "(3:0,0,0.1)" }, "geometry": { "type": "Polygon", "coordinates": [ [ [ -46.9415317, -23.1040129 ], [ -46.9414788, -23.1040155 ], [ -46.9414317, -23.1038693 ], [ -46.941477, -23.1035725 ], [ -46.9414172, -23.1035609 ], [ -46.9414661, -23.1033934 ], [ -46.9416628, -23.1028947 ], [ -46.9417755, -23.1026818 ], [ -46.9418906, -23.1024899 ], [ -46.9421596, -23.1021037 ], [ -46.942246, -23.102161 ], [ -46.9419992, -23.102518 ], [ -46.9420709, -23.102548 ], [ -46.9419134, -23.1027761 ], [ -46.9418797, -23.1028263 ], [ -46.9417956, -23.1029691 ], [ -46.9418433, -23.1029962 ], [ -46.9416706, -23.1034128 ], [ -46.9416862, -23.1034664 ], [ -46.9416388, -23.1036611 ], [ -46.9415409, -23.1038856 ], [ -46.9415317, -23.1040129 ] ] ] } },
{ "type": "Feature", "properties": { "Name": "Área Executivo / Reassentamento", "description": "Área Executivo / Reassentamento", "timestamp": null, "begin": null, "end": null, "altitudeMode": null, "tessellate": -1, "extrude": 0, "visibility": -1, "drawOrder": null, "icon": null, "handle": null, "block": null, "etype": null, "space": null, "layer": null, "olinetype": null, "linetype": null, "color": null, "ocolor": null, "color24": null, "transparen": null, "lweight": null, "linewidth": null, "ltscale": null, "visible": null, "width": null, "thickness": null, "ext": null, "fid_2": 487.0, "handle_2": 5125.0, "block_2": -1.0, "etype_2": 18.0, "space_2": 0.0, "layer_2": "REINTEGRAÃ‡ÃƒO DE POSSE", "olinetype_": "BYLAYER", "linetype_2": null, "color_2": "255,127,0,254", "ocolor_2": 256.0, "color24_2": -1.0, "transpar_1": 0.0, "lweight_2": -1.0, "linewidth_": 0.09, "ltscale_2": 1.0, "visible_2": 1.0, "width_2": 0.1, "thickness_": 0.0, "ext_2": "(3:0,0,0.1)" }, "geometry": { "type": "Polygon", "coordinates": [ [ [ -46.9416254, -23.1028386 ], [ -46.9416005, -23.1028994 ], [ -46.9415406, -23.1028783 ], [ -46.9415723, -23.1028141 ], [ -46.9416254, -23.1028386 ] ] ] } },
{ "type": "Feature", "properties": { "Name": "Área Executivo / Reassentamento", "description": "Área Executivo / Reassentamento", "timestamp": null, "begin": null, "end": null, "altitudeMode": null, "tessellate": -1, "extrude": 0, "visibility": -1, "drawOrder": null, "icon": null, "handle": null, "block": null, "etype": null, "space": null, "layer": null, "olinetype": null, "linetype": null, "color": null, "ocolor": null, "color24": null, "transparen": null, "lweight": null, "linewidth": null, "ltscale": null, "visible": null, "width": null, "thickness": null, "ext": null, "fid_2": 488.0, "handle_2": 5126.0, "block_2": -1.0, "etype_2": 18.0, "space_2": 0.0, "layer_2": "REINTEGRAÃ‡ÃƒO DE POSSE", "olinetype_": "BYLAYER", "linetype_2": null, "color_2": "255,127,0,254", "ocolor_2": 256.0, "color24_2": -1.0, "transpar_1": 0.0, "lweight_2": -1.0, "linewidth_": 0.09, "ltscale_2": 1.0, "visible_2": 1.0, "width_2": 0.1, "thickness_": 0.0, "ext_2": "(3:0,0,0.1)" }, "geometry": { "type": "Polygon", "coordinates": [ [ [ -46.9414716, -23.1031712 ], [ -46.9413765, -23.1031499 ], [ -46.9413898, -23.1030991 ], [ -46.9414346, -23.1030953 ], [ -46.9414851, -23.1029718 ], [ -46.9415518, -23.1029895 ], [ -46.9414716, -23.1031712 ] ] ] } },
{ "type": "Feature", "properties": { "Name": "Área Executivo / Reassentamento", "description": "Área Executivo / Reassentamento", "timestamp": null, "begin": null, "end": null, "altitudeMode": null, "tessellate": -1, "extrude": 0, "visibility": -1, "drawOrder": null, "icon": null, "handle": null, "block": null, "etype": null, "space": null, "layer": null, "olinetype": null, "linetype": null, "color": null, "ocolor": null, "color24": null, "transparen": null, "lweight": null, "linewidth": null, "ltscale": null, "visible": null, "width": null, "thickness": null, "ext": null, "fid_2": 489.0, "handle_2": 5127.0, "block_2": -1.0, "etype_2": 18.0, "space_2": 0.0, "layer_2": "REINTEGRAÃ‡ÃƒO DE POSSE", "olinetype_": "BYLAYER", "linetype_2": null, "color_2": "255,127,0,254", "ocolor_2": 256.0, "color24_2": -1.0, "transpar_1": 0.0, "lweight_2": -1.0, "linewidth_": 0.09, "ltscale_2": 1.0, "visible_2": 1.0, "width_2": 0.1, "thickness_": 0.0, "ext_2": "(3:0,0,0.1)" }, "geometry": { "type": "Polygon", "coordinates": [ [ [ -46.9413876, -23.1034472 ], [ -46.9413648, -23.1035203 ], [ -46.9412868, -23.1035041 ], [ -46.9413054, -23.1034334 ], [ -46.9413876, -23.1034472 ] ] ] } },
{ "type": "Feature", "properties": { "Name": "Área Executivo / Reassentamento", "description": "Área Executivo / Reassentamento", "timestamp": null, "begin": null, "end": null, "altitudeMode": null, "tessellate": -1, "extrude": 0, "visibility": -1, "drawOrder": null, "icon": null, "handle": null, "block": null, "etype": null, "space": null, "layer": null, "olinetype": null, "linetype": null, "color": null, "ocolor": null, "color24": null, "transparen": null, "lweight": null, "linewidth": null, "ltscale": null, "visible": null, "width": null, "thickness": null, "ext": null, "fid_2": 490.0, "handle_2": 5128.0, "block_2": -1.0, "etype_2": 18.0, "space_2": 0.0, "layer_2": "REINTEGRAÃ‡ÃƒO DE POSSE", "olinetype_": "BYLAYER", "linetype_2": null, "color_2": "255,127,0,254", "ocolor_2": 256.0, "color24_2": -1.0, "transpar_1": 0.0, "lweight_2": -1.0, "linewidth_": 0.09, "ltscale_2": 1.0, "visible_2": 1.0, "width_2": 0.1, "thickness_": 0.0, "ext_2": "(3:0,0,0.1)" }, "geometry": { "type": "Polygon", "coordinates": [ [ [ -46.9414353, -23.1032111 ], [ -46.9414197, -23.1032592 ], [ -46.9413497, -23.1032451 ], [ -46.9413611, -23.1031994 ], [ -46.9414353, -23.1032111 ] ] ] } },
{ "type": "Feature", "properties": { "Name": "Área Executivo / Reassentamento", "description": "Área Executivo / Reassentamento", "timestamp": null, "begin": null, "end": null, "altitudeMode": null, "tessellate": -1, "extrude": 0, "visibility": -1, "drawOrder": null, "icon": null, "handle": null, "block": null, "etype": null, "space": null, "layer": null, "olinetype": null, "linetype": null, "color": null, "ocolor": null, "color24": null, "transparen": null, "lweight": null, "linewidth": null, "ltscale": null, "visible": null, "width": null, "thickness": null, "ext": null, "fid_2": 491.0, "handle_2": 5129.0, "block_2": -1.0, "etype_2": 18.0, "space_2": 0.0, "layer_2": "REINTEGRAÃ‡ÃƒO DE POSSE", "olinetype_": "BYLAYER", "linetype_2": null, "color_2": "255,127,0,254", "ocolor_2": 256.0, "color24_2": -1.0, "transpar_1": 0.0, "lweight_2": -1.0, "linewidth_": 0.09, "ltscale_2": 1.0, "visible_2": 1.0, "width_2": 0.1, "thickness_": 0.0, "ext_2": "(3:0,0,0.1)" }, "geometry": { "type": "Polygon", "coordinates": [ [ [ -46.947487, -23.0941706 ], [ -46.9473921, -23.0941291 ], [ -46.9474227, -23.0939614 ], [ -46.9475031, -23.0936781 ], [ -46.9477457, -23.0930975 ], [ -46.9477882, -23.0930225 ], [ -46.947874, -23.0930342 ], [ -46.9478124, -23.0931569 ], [ -46.9477332, -23.0933351 ], [ -46.9476729, -23.0934956 ], [ -46.947637, -23.0935917 ], [ -46.9475895, -23.0937427 ], [ -46.947524, -23.0940048 ], [ -46.947487, -23.0941706 ] ] ] } },
{ "type": "Feature", "properties": { "Name": "Área Executivo / Reassentamento", "description": "Área Executivo / Reassentamento", "timestamp": null, "begin": null, "end": null, "altitudeMode": null, "tessellate": -1, "extrude": 0, "visibility": -1, "drawOrder": null, "icon": null, "handle": null, "block": null, "etype": null, "space": null, "layer": null, "olinetype": null, "linetype": null, "color": null, "ocolor": null, "color24": null, "transparen": null, "lweight": null, "linewidth": null, "ltscale": null, "visible": null, "width": null, "thickness": null, "ext": null, "fid_2": 492.0, "handle_2": 5130.0, "block_2": -1.0, "etype_2": 18.0, "space_2": 0.0, "layer_2": "REINTEGRAÃ‡ÃƒO DE POSSE", "olinetype_": "BYLAYER", "linetype_2": null, "color_2": "255,127,0,254", "ocolor_2": 256.0, "color24_2": -1.0, "transpar_1": 0.0, "lweight_2": -1.0, "linewidth_": 0.09, "ltscale_2": 1.0, "visible_2": 1.0, "width_2": 0.1, "thickness_": 0.0, "ext_2": "(3:0,0,0.1)" }, "geometry": { "type": "Polygon", "coordinates": [ [ [ -46.9471643, -23.096821 ], [ -46.9471298, -23.0968128 ], [ -46.9472192, -23.0964261 ], [ -46.9472472, -23.0964312 ], [ -46.9472059, -23.096642 ], [ -46.9471643, -23.096821 ] ] ] } },
{ "type": "Feature", "properties": { "Name": "Área Executivo / Reassentamento", "description": "Área Executivo / Reassentamento", "timestamp": null, "begin": null, "end": null, "altitudeMode": null, "tessellate": -1, "extrude": 0, "visibility": -1, "drawOrder": null, "icon": null, "handle": null, "block": null, "etype": null, "space": null, "layer": null, "olinetype": null, "linetype": null, "color": null, "ocolor": null, "color24": null, "transparen": null, "lweight": null, "linewidth": null, "ltscale": null, "visible": null, "width": null, "thickness": null, "ext": null, "fid_2": 493.0, "handle_2": 5131.0, "block_2": -1.0, "etype_2": 18.0, "space_2": 0.0, "layer_2": "REINTEGRAÃ‡ÃƒO DE POSSE", "olinetype_": "BYLAYER", "linetype_2": null, "color_2": "255,127,0,254", "ocolor_2": 256.0, "color24_2": -1.0, "transpar_1": 0.0, "lweight_2": -1.0, "linewidth_": 0.09, "ltscale_2": 1.0, "visible_2": 1.0, "width_2": 0.1, "thickness_": 0.0, "ext_2": "(3:0,0,0.1)" }, "geometry": { "type": "Polygon", "coordinates": [ [ [ -46.8862814, -23.1783291 ], [ -46.8862493, -23.1782882 ], [ -46.88631, -23.1782476 ], [ -46.8863421, -23.178287 ], [ -46.8862814, -23.1783291 ] ] ] } },
{ "type": "Feature", "properties": { "Name": "Área Executivo / Reassentamento", "description": "Área Executivo / Reassentamento", "timestamp": null, "begin": null, "end": null, "altitudeMode": null, "tessellate": -1, "extrude": 0, "visibility": -1, "drawOrder": null, "icon": null, "handle": null, "block": null, "etype": null, "space": null, "layer": null, "olinetype": null, "linetype": null, "color": null, "ocolor": null, "color24": null, "transparen": null, "lweight": null, "linewidth": null, "ltscale": null, "visible": null, "width": null, "thickness": null, "ext": null, "fid_2": 494.0, "handle_2": 5132.0, "block_2": -1.0, "etype_2": 18.0, "space_2": 0.0, "layer_2": "REINTEGRAÃ‡ÃƒO DE POSSE", "olinetype_": "BYLAYER", "linetype_2": null, "color_2": "255,127,0,254", "ocolor_2": 256.0, "color24_2": -1.0, "transpar_1": 0.0, "lweight_2": -1.0, "linewidth_": 0.09, "ltscale_2": 1.0, "visible_2": 1.0, "width_2": 0.1, "thickness_": 0.0, "ext_2": "(3:0,0,0.1)" }, "geometry": { "type": "Polygon", "coordinates": [ [ [ -46.8918952, -23.1749378 ], [ -46.891985, -23.174905 ], [ -46.8921669, -23.1748385 ], [ -46.8926602, -23.1746581 ], [ -46.8926839, -23.1747085 ], [ -46.8919151, -23.1749849 ], [ -46.8918952, -23.1749378 ] ] ] } },
{ "type": "Feature", "properties": { "Name": "Área Executivo / Reassentamento", "description": "Área Executivo / Reassentamento", "timestamp": null, "begin": null, "end": null, "altitudeMode": null, "tessellate": -1, "extrude": 0, "visibility": -1, "drawOrder": null, "icon": null, "handle": null, "block": null, "etype": null, "space": null, "layer": null, "olinetype": null, "linetype": null, "color": null, "ocolor": null, "color24": null, "transparen": null, "lweight": null, "linewidth": null, "ltscale": null, "visible": null, "width": null, "thickness": null, "ext": null, "fid_2": 495.0, "handle_2": 5133.0, "block_2": -1.0, "etype_2": 18.0, "space_2": 0.0, "layer_2": "REINTEGRAÃ‡ÃƒO DE POSSE", "olinetype_": "BYLAYER", "linetype_2": null, "color_2": "255,127,0,254", "ocolor_2": 256.0, "color24_2": -1.0, "transpar_1": 0.0, "lweight_2": -1.0, "linewidth_": 0.09, "ltscale_2": 1.0, "visible_2": 1.0, "width_2": 0.0, "thickness_": 0.0, "ext_2": "(3:0,0,0.1)" }, "geometry": { "type": "Polygon", "coordinates": [ [ [ -46.9481863, -23.0925026 ], [ -46.94814, -23.0924839 ], [ -46.9482078, -23.0923903 ], [ -46.9482483, -23.0924148 ], [ -46.9481863, -23.0925026 ] ] ] } },
{ "type": "Feature", "properties": { "Name": "Área Executivo / Reassentamento", "description": "Área Executivo / Reassentamento", "timestamp": null, "begin": null, "end": null, "altitudeMode": null, "tessellate": -1, "extrude": 0, "visibility": -1, "drawOrder": null, "icon": null, "handle": null, "block": null, "etype": null, "space": null, "layer": null, "olinetype": null, "linetype": null, "color": null, "ocolor": null, "color24": null, "transparen": null, "lweight": null, "linewidth": null, "ltscale": null, "visible": null, "width": null, "thickness": null, "ext": null, "fid_2": 496.0, "handle_2": 5134.0, "block_2": -1.0, "etype_2": 18.0, "space_2": 0.0, "layer_2": "REINTEGRAÃ‡ÃƒO DE POSSE", "olinetype_": "BYLAYER", "linetype_2": null, "color_2": "255,127,0,254", "ocolor_2": 256.0, "color24_2": -1.0, "transpar_1": 0.0, "lweight_2": -1.0, "linewidth_": 0.09, "ltscale_2": 1.0, "visible_2": 1.0, "width_2": 0.1, "thickness_": 0.0, "ext_2": "(3:0,0,0.1)" }, "geometry": { "type": "Polygon", "coordinates": [ [ [ -46.8976261, -23.1724389 ], [ -46.8977837, -23.1722365 ], [ -46.8978343, -23.1722705 ], [ -46.8976773, -23.1724715 ], [ -46.8976261, -23.1724389 ] ] ] } },
{ "type": "Feature", "properties": { "Name": "Área Executivo / Reassentamento", "description": "Área Executivo / Reassentamento", "timestamp": null, "begin": null, "end": null, "altitudeMode": null, "tessellate": -1, "extrude": 0, "visibility": -1, "drawOrder": null, "icon": null, "handle": null, "block": null, "etype": null, "space": null, "layer": null, "olinetype": null, "linetype": null, "color": null, "ocolor": null, "color24": null, "transparen": null, "lweight": null, "linewidth": null, "ltscale": null, "visible": null, "width": null, "thickness": null, "ext": null, "fid_2": 497.0, "handle_2": 5135.0, "block_2": -1.0, "etype_2": 18.0, "space_2": 0.0, "layer_2": "REINTEGRAÃ‡ÃƒO DE POSSE", "olinetype_": "BYLAYER", "linetype_2": null, "color_2": "255,127,0,254", "ocolor_2": 256.0, "color24_2": -1.0, "transpar_1": 0.0, "lweight_2": -1.0, "linewidth_": 0.09, "ltscale_2": 1.0, "visible_2": 1.0, "width_2": 0.1, "thickness_": 0.0, "ext_2": "(3:0,0,0.1)" }, "geometry": { "type": "Polygon", "coordinates": [ [ [ -46.9003987, -23.1685564 ], [ -46.9008542, -23.1679076 ], [ -46.9009608, -23.167972 ], [ -46.9004985, -23.1686094 ], [ -46.9003987, -23.1685564 ] ] ] } },
{ "type": "Feature", "properties": { "Name": "Área Executivo / Reassentamento", "description": "Área Executivo / Reassentamento", "timestamp": null, "begin": null, "end": null, "altitudeMode": null, "tessellate": -1, "extrude": 0, "visibility": -1, "drawOrder": null, "icon": null, "handle": null, "block": null, "etype": null, "space": null, "layer": null, "olinetype": null, "linetype": null, "color": null, "ocolor": null, "color24": null, "transparen": null, "lweight": null, "linewidth": null, "ltscale": null, "visible": null, "width": null, "thickness": null, "ext": null, "fid_2": 498.0, "handle_2": 5136.0, "block_2": -1.0, "etype_2": 18.0, "space_2": 0.0, "layer_2": "REINTEGRAÃ‡ÃƒO DE POSSE", "olinetype_": "BYLAYER", "linetype_2": null, "color_2": "255,127,0,254", "ocolor_2": 256.0, "color24_2": -1.0, "transpar_1": 0.0, "lweight_2": -1.0, "linewidth_": 0.09, "ltscale_2": 1.0, "visible_2": 1.0, "width_2": 0.1, "thickness_": 0.0, "ext_2": "(3:0,0,0.1)" }, "geometry": { "type": "Polygon", "coordinates": [ [ [ -46.9261656, -23.1258275 ], [ -46.9261904, -23.1257898 ], [ -46.9262351, -23.1258167 ], [ -46.9262134, -23.1258554 ], [ -46.9261656, -23.1258275 ] ] ] } },
{ "type": "Feature", "properties": { "Name": "Área Executivo / Reassentamento", "description": "Área Executivo / Reassentamento", "timestamp": null, "begin": null, "end": null, "altitudeMode": null, "tessellate": -1, "extrude": 0, "visibility": -1, "drawOrder": null, "icon": null, "handle": null, "block": null, "etype": null, "space": null, "layer": null, "olinetype": null, "linetype": null, "color": null, "ocolor": null, "color24": null, "transparen": null, "lweight": null, "linewidth": null, "ltscale": null, "visible": null, "width": null, "thickness": null, "ext": null, "fid_2": 499.0, "handle_2": 5137.0, "block_2": -1.0, "etype_2": 18.0, "space_2": 0.0, "layer_2": "REINTEGRAÃ‡ÃƒO DE POSSE", "olinetype_": "BYLAYER", "linetype_2": null, "color_2": "255,127,0,254", "ocolor_2": 256.0, "color24_2": -1.0, "transpar_1": 0.0, "lweight_2": -1.0, "linewidth_": 0.09, "ltscale_2": 1.0, "visible_2": 1.0, "width_2": 0.1, "thickness_": 0.0, "ext_2": "(3:0,0,0.1)" }, "geometry": { "type": "Polygon", "coordinates": [ [ [ -46.931598, -23.1234679 ], [ -46.9314958, -23.1233499 ], [ -46.9316141, -23.1232913 ], [ -46.9317079, -23.12324 ], [ -46.9317634, -23.1232073 ], [ -46.9318429, -23.1233177 ], [ -46.9317902, -23.1233521 ], [ -46.931598, -23.1234679 ] ] ] } },
{ "type": "Feature", "properties": { "Name": "Área Executivo / Reassentamento", "description": "Área Executivo / Reassentamento", "timestamp": null, "begin": null, "end": null, "altitudeMode": null, "tessellate": -1, "extrude": 0, "visibility": -1, "drawOrder": null, "icon": null, "handle": null, "block": null, "etype": null, "space": null, "layer": null, "olinetype": null, "linetype": null, "color": null, "ocolor": null, "color24": null, "transparen": null, "lweight": null, "linewidth": null, "ltscale": null, "visible": null, "width": null, "thickness": null, "ext": null, "fid_2": 500.0, "handle_2": 5138.0, "block_2": -1.0, "etype_2": 18.0, "space_2": 0.0, "layer_2": "REINTEGRAÃ‡ÃƒO DE POSSE", "olinetype_": "BYLAYER", "linetype_2": null, "color_2": "255,127,0,254", "ocolor_2": 256.0, "color24_2": -1.0, "transpar_1": 0.0, "lweight_2": -1.0, "linewidth_": 0.09, "ltscale_2": 1.0, "visible_2": 1.0, "width_2": 0.1, "thickness_": 0.0, "ext_2": "(3:0,0,0.1)" }, "geometry": { "type": "Polygon", "coordinates": [ [ [ -46.9489194, -23.0913221 ], [ -46.9488811, -23.091302 ], [ -46.9491479, -23.0907408 ], [ -46.9491901, -23.0907471 ], [ -46.9491411, -23.0909165 ], [ -46.9490633, -23.0910694 ], [ -46.9489865, -23.0912088 ], [ -46.9489194, -23.0913221 ] ] ] } },
{ "type": "Feature", "properties": { "Name": "Área Executivo / Reassentamento", "description": "Área Executivo / Reassentamento", "timestamp": null, "begin": null, "end": null, "altitudeMode": null, "tessellate": -1, "extrude": 0, "visibility": -1, "drawOrder": null, "icon": null, "handle": null, "block": null, "etype": null, "space": null, "layer": null, "olinetype": null, "linetype": null, "color": null, "ocolor": null, "color24": null, "transparen": null, "lweight": null, "linewidth": null, "ltscale": null, "visible": null, "width": null, "thickness": null, "ext": null, "fid_2": 501.0, "handle_2": 5139.0, "block_2": -1.0, "etype_2": 18.0, "space_2": 0.0, "layer_2": "REINTEGRAÃ‡ÃƒO DE POSSE", "olinetype_": "BYLAYER", "linetype_2": null, "color_2": "255,127,0,254", "ocolor_2": 256.0, "color24_2": -1.0, "transpar_1": 0.0, "lweight_2": -1.0, "linewidth_": 0.09, "ltscale_2": 1.0, "visible_2": 1.0, "width_2": 0.1, "thickness_": 0.0, "ext_2": "(3:0,0,0.1)" }, "geometry": { "type": "Polygon", "coordinates": [ [ [ -46.8854391, -23.1784159 ], [ -46.8856761, -23.1782786 ], [ -46.8857948, -23.1782146 ], [ -46.8859715, -23.1781139 ], [ -46.8860184, -23.1781869 ], [ -46.8857773, -23.1783266 ], [ -46.8854794, -23.1784749 ], [ -46.8854391, -23.1784159 ] ] ] } },
{ "type": "Feature", "properties": { "Name": "Área Executivo / Reassentamento", "description": "Área Executivo / Reassentamento", "timestamp": null, "begin": null, "end": null, "altitudeMode": null, "tessellate": -1, "extrude": 0, "visibility": -1, "drawOrder": null, "icon": null, "handle": null, "block": null, "etype": null, "space": null, "layer": null, "olinetype": null, "linetype": null, "color": null, "ocolor": null, "color24": null, "transparen": null, "lweight": null, "linewidth": null, "ltscale": null, "visible": null, "width": null, "thickness": null, "ext": null, "fid_2": 502.0, "handle_2": 5140.0, "block_2": -1.0, "etype_2": 18.0, "space_2": 0.0, "layer_2": "REINTEGRAÃ‡ÃƒO DE POSSE", "olinetype_": "BYLAYER", "linetype_2": null, "color_2": "255,127,0,254", "ocolor_2": 256.0, "color24_2": -1.0, "transpar_1": 0.0, "lweight_2": -1.0, "linewidth_": 0.09, "ltscale_2": 1.0, "visible_2": 1.0, "width_2": 0.1, "thickness_": 0.0, "ext_2": "(3:0,0,0.1)" }, "geometry": { "type": "Polygon", "coordinates": [ [ [ -46.9091633, -23.1390518 ], [ -46.9091194, -23.1390239 ], [ -46.9092011, -23.1389256 ], [ -46.9092409, -23.1389524 ], [ -46.9091633, -23.1390518 ] ] ] } },
{ "type": "Feature", "properties": { "Name": "Área Executivo / Reassentamento", "description": "Área Executivo / Reassentamento", "timestamp": null, "begin": null, "end": null, "altitudeMode": null, "tessellate": -1, "extrude": 0, "visibility": -1, "drawOrder": null, "icon": null, "handle": null, "block": null, "etype": null, "space": null, "layer": null, "olinetype": null, "linetype": null, "color": null, "ocolor": null, "color24": null, "transparen": null, "lweight": null, "linewidth": null, "ltscale": null, "visible": null, "width": null, "thickness": null, "ext": null, "fid_2": 503.0, "handle_2": 5141.0, "block_2": -1.0, "etype_2": 18.0, "space_2": 0.0, "layer_2": "REINTEGRAÃ‡ÃƒO DE POSSE", "olinetype_": "BYLAYER", "linetype_2": null, "color_2": "255,127,0,254", "ocolor_2": 256.0, "color24_2": -1.0, "transpar_1": 0.0, "lweight_2": -1.0, "linewidth_": 0.09, "ltscale_2": 1.0, "visible_2": 1.0, "width_2": 0.1, "thickness_": 0.0, "ext_2": "(3:0,0,0.1)" }, "geometry": { "type": "Polygon", "coordinates": [ [ [ -46.9201807, -23.131171 ], [ -46.9202542, -23.1311358 ], [ -46.9202797, -23.1311656 ], [ -46.9202018, -23.1312315 ], [ -46.9201807, -23.131171 ] ] ] } },
{ "type": "Feature", "properties": { "Name": "Área Executivo / Reassentamento", "description": "Área Executivo / Reassentamento", "timestamp": null, "begin": null, "end": null, "altitudeMode": null, "tessellate": -1, "extrude": 0, "visibility": -1, "drawOrder": null, "icon": null, "handle": null, "block": null, "etype": null, "space": null, "layer": null, "olinetype": null, "linetype": null, "color": null, "ocolor": null, "color24": null, "transparen": null, "lweight": null, "linewidth": null, "ltscale": null, "visible": null, "width": null, "thickness": null, "ext": null, "fid_2": 504.0, "handle_2": 5142.0, "block_2": -1.0, "etype_2": 18.0, "space_2": 0.0, "layer_2": "REINTEGRAÃ‡ÃƒO DE POSSE", "olinetype_": "BYLAYER", "linetype_2": null, "color_2": "255,127,0,254", "ocolor_2": 256.0, "color24_2": -1.0, "transpar_1": 0.0, "lweight_2": -1.0, "linewidth_": 0.09, "ltscale_2": 1.0, "visible_2": 1.0, "width_2": 0.1, "thickness_": 0.0, "ext_2": "(3:0,0,0.1)" }, "geometry": { "type": "Polygon", "coordinates": [ [ [ -46.9415317, -23.1040129 ], [ -46.9414788, -23.1040155 ], [ -46.9414317, -23.1038693 ], [ -46.941477, -23.1035725 ], [ -46.9414172, -23.1035609 ], [ -46.9414661, -23.1033934 ], [ -46.9416628, -23.1028947 ], [ -46.9417755, -23.1026818 ], [ -46.9418906, -23.1024899 ], [ -46.9421596, -23.1021037 ], [ -46.942246, -23.102161 ], [ -46.9419992, -23.102518 ], [ -46.9420709, -23.102548 ], [ -46.9419134, -23.1027761 ], [ -46.9418797, -23.1028263 ], [ -46.9417956, -23.1029691 ], [ -46.9418433, -23.1029962 ], [ -46.9416706, -23.1034128 ], [ -46.9416862, -23.1034664 ], [ -46.9416388, -23.1036611 ], [ -46.9415409, -23.1038856 ], [ -46.9415317, -23.1040129 ] ] ] } },
{ "type": "Feature", "properties": { "Name": "Área Executivo / Reassentamento", "description": "Área Executivo / Reassentamento", "timestamp": null, "begin": null, "end": null, "altitudeMode": null, "tessellate": -1, "extrude": 0, "visibility": -1, "drawOrder": null, "icon": null, "handle": null, "block": null, "etype": null, "space": null, "layer": null, "olinetype": null, "linetype": null, "color": null, "ocolor": null, "color24": null, "transparen": null, "lweight": null, "linewidth": null, "ltscale": null, "visible": null, "width": null, "thickness": null, "ext": null, "fid_2": 505.0, "handle_2": 5143.0, "block_2": -1.0, "etype_2": 18.0, "space_2": 0.0, "layer_2": "REINTEGRAÃ‡ÃƒO DE POSSE", "olinetype_": "BYLAYER", "linetype_2": null, "color_2": "255,127,0,254", "ocolor_2": 256.0, "color24_2": -1.0, "transpar_1": 0.0, "lweight_2": -1.0, "linewidth_": 0.09, "ltscale_2": 1.0, "visible_2": 1.0, "width_2": 0.1, "thickness_": 0.0, "ext_2": "(3:0,0,0.1)" }, "geometry": { "type": "Polygon", "coordinates": [ [ [ -46.9416254, -23.1028386 ], [ -46.9416005, -23.1028994 ], [ -46.9415406, -23.1028783 ], [ -46.9415723, -23.1028141 ], [ -46.9416254, -23.1028386 ] ] ] } },
{ "type": "Feature", "properties": { "Name": "Área Executivo / Reassentamento", "description": "Área Executivo / Reassentamento", "timestamp": null, "begin": null, "end": null, "altitudeMode": null, "tessellate": -1, "extrude": 0, "visibility": -1, "drawOrder": null, "icon": null, "handle": null, "block": null, "etype": null, "space": null, "layer": null, "olinetype": null, "linetype": null, "color": null, "ocolor": null, "color24": null, "transparen": null, "lweight": null, "linewidth": null, "ltscale": null, "visible": null, "width": null, "thickness": null, "ext": null, "fid_2": 506.0, "handle_2": 5144.0, "block_2": -1.0, "etype_2": 18.0, "space_2": 0.0, "layer_2": "REINTEGRAÃ‡ÃƒO DE POSSE", "olinetype_": "BYLAYER", "linetype_2": null, "color_2": "255,127,0,254", "ocolor_2": 256.0, "color24_2": -1.0, "transpar_1": 0.0, "lweight_2": -1.0, "linewidth_": 0.09, "ltscale_2": 1.0, "visible_2": 1.0, "width_2": 0.1, "thickness_": 0.0, "ext_2": "(3:0,0,0.1)" }, "geometry": { "type": "Polygon", "coordinates": [ [ [ -46.9414716, -23.1031712 ], [ -46.9413765, -23.1031499 ], [ -46.9413898, -23.1030991 ], [ -46.9414346, -23.1030953 ], [ -46.9414851, -23.1029718 ], [ -46.9415518, -23.1029895 ], [ -46.9414716, -23.1031712 ] ] ] } },
{ "type": "Feature", "properties": { "Name": "Área Executivo / Reassentamento", "description": "Área Executivo / Reassentamento", "timestamp": null, "begin": null, "end": null, "altitudeMode": null, "tessellate": -1, "extrude": 0, "visibility": -1, "drawOrder": null, "icon": null, "handle": null, "block": null, "etype": null, "space": null, "layer": null, "olinetype": null, "linetype": null, "color": null, "ocolor": null, "color24": null, "transparen": null, "lweight": null, "linewidth": null, "ltscale": null, "visible": null, "width": null, "thickness": null, "ext": null, "fid_2": 507.0, "handle_2": 5145.0, "block_2": -1.0, "etype_2": 18.0, "space_2": 0.0, "layer_2": "REINTEGRAÃ‡ÃƒO DE POSSE", "olinetype_": "BYLAYER", "linetype_2": null, "color_2": "255,127,0,254", "ocolor_2": 256.0, "color24_2": -1.0, "transpar_1": 0.0, "lweight_2": -1.0, "linewidth_": 0.09, "ltscale_2": 1.0, "visible_2": 1.0, "width_2": 0.1, "thickness_": 0.0, "ext_2": "(3:0,0,0.1)" }, "geometry": { "type": "Polygon", "coordinates": [ [ [ -46.9413876, -23.1034472 ], [ -46.9413648, -23.1035203 ], [ -46.9412868, -23.1035041 ], [ -46.9413054, -23.1034334 ], [ -46.9413876, -23.1034472 ] ] ] } },
{ "type": "Feature", "properties": { "Name": "Área Executivo / Reassentamento", "description": "Área Executivo / Reassentamento", "timestamp": null, "begin": null, "end": null, "altitudeMode": null, "tessellate": -1, "extrude": 0, "visibility": -1, "drawOrder": null, "icon": null, "handle": null, "block": null, "etype": null, "space": null, "layer": null, "olinetype": null, "linetype": null, "color": null, "ocolor": null, "color24": null, "transparen": null, "lweight": null, "linewidth": null, "ltscale": null, "visible": null, "width": null, "thickness": null, "ext": null, "fid_2": 508.0, "handle_2": 5146.0, "block_2": -1.0, "etype_2": 18.0, "space_2": 0.0, "layer_2": "REINTEGRAÃ‡ÃƒO DE POSSE", "olinetype_": "BYLAYER", "linetype_2": null, "color_2": "255,127,0,254", "ocolor_2": 256.0, "color24_2": -1.0, "transpar_1": 0.0, "lweight_2": -1.0, "linewidth_": 0.09, "ltscale_2": 1.0, "visible_2": 1.0, "width_2": 0.1, "thickness_": 0.0, "ext_2": "(3:0,0,0.1)" }, "geometry": { "type": "Polygon", "coordinates": [ [ [ -46.9414353, -23.1032111 ], [ -46.9414197, -23.1032592 ], [ -46.9413497, -23.1032451 ], [ -46.9413611, -23.1031994 ], [ -46.9414353, -23.1032111 ] ] ] } },
{ "type": "Feature", "properties": { "Name": "Área Executivo / Reassentamento", "description": "Área Executivo / Reassentamento", "timestamp": null, "begin": null, "end": null, "altitudeMode": null, "tessellate": -1, "extrude": 0, "visibility": -1, "drawOrder": null, "icon": null, "handle": null, "block": null, "etype": null, "space": null, "layer": null, "olinetype": null, "linetype": null, "color": null, "ocolor": null, "color24": null, "transparen": null, "lweight": null, "linewidth": null, "ltscale": null, "visible": null, "width": null, "thickness": null, "ext": null, "fid_2": 509.0, "handle_2": 5147.0, "block_2": -1.0, "etype_2": 18.0, "space_2": 0.0, "layer_2": "REINTEGRAÃ‡ÃƒO DE POSSE", "olinetype_": "BYLAYER", "linetype_2": null, "color_2": "255,127,0,254", "ocolor_2": 256.0, "color24_2": -1.0, "transpar_1": 0.0, "lweight_2": -1.0, "linewidth_": 0.09, "ltscale_2": 1.0, "visible_2": 1.0, "width_2": 0.1, "thickness_": 0.0, "ext_2": "(3:0,0,0.1)" }, "geometry": { "type": "Polygon", "coordinates": [ [ [ -46.947487, -23.0941706 ], [ -46.9473921, -23.0941291 ], [ -46.9474227, -23.0939614 ], [ -46.9475031, -23.0936781 ], [ -46.9477457, -23.0930975 ], [ -46.9477882, -23.0930225 ], [ -46.947874, -23.0930342 ], [ -46.9478124, -23.0931569 ], [ -46.9477332, -23.0933351 ], [ -46.9476729, -23.0934956 ], [ -46.947637, -23.0935917 ], [ -46.9475895, -23.0937427 ], [ -46.947524, -23.0940048 ], [ -46.947487, -23.0941706 ] ] ] } },
{ "type": "Feature", "properties": { "Name": "Área Executivo / Reassentamento", "description": "Área Executivo / Reassentamento", "timestamp": null, "begin": null, "end": null, "altitudeMode": null, "tessellate": -1, "extrude": 0, "visibility": -1, "drawOrder": null, "icon": null, "handle": null, "block": null, "etype": null, "space": null, "layer": null, "olinetype": null, "linetype": null, "color": null, "ocolor": null, "color24": null, "transparen": null, "lweight": null, "linewidth": null, "ltscale": null, "visible": null, "width": null, "thickness": null, "ext": null, "fid_2": 510.0, "handle_2": 5148.0, "block_2": -1.0, "etype_2": 18.0, "space_2": 0.0, "layer_2": "REINTEGRAÃ‡ÃƒO DE POSSE", "olinetype_": "BYLAYER", "linetype_2": null, "color_2": "255,127,0,254", "ocolor_2": 256.0, "color24_2": -1.0, "transpar_1": 0.0, "lweight_2": -1.0, "linewidth_": 0.09, "ltscale_2": 1.0, "visible_2": 1.0, "width_2": 0.1, "thickness_": 0.0, "ext_2": "(3:0,0,0.1)" }, "geometry": { "type": "Polygon", "coordinates": [ [ [ -46.9471643, -23.096821 ], [ -46.9471298, -23.0968128 ], [ -46.9472192, -23.0964261 ], [ -46.9472472, -23.0964312 ], [ -46.9472059, -23.096642 ], [ -46.9471643, -23.096821 ] ] ] } },
{ "type": "Feature", "properties": { "Name": "Área Executivo / Reassentamento", "description": "Área Executivo / Reassentamento", "timestamp": null, "begin": null, "end": null, "altitudeMode": null, "tessellate": -1, "extrude": 0, "visibility": -1, "drawOrder": null, "icon": null, "handle": null, "block": null, "etype": null, "space": null, "layer": null, "olinetype": null, "linetype": null, "color": null, "ocolor": null, "color24": null, "transparen": null, "lweight": null, "linewidth": null, "ltscale": null, "visible": null, "width": null, "thickness": null, "ext": null, "fid_2": 511.0, "handle_2": 5149.0, "block_2": -1.0, "etype_2": 18.0, "space_2": 0.0, "layer_2": "REINTEGRAÃ‡ÃƒO DE POSSE", "olinetype_": "BYLAYER", "linetype_2": null, "color_2": "255,127,0,254", "ocolor_2": 256.0, "color24_2": -1.0, "transpar_1": 0.0, "lweight_2": -1.0, "linewidth_": 0.09, "ltscale_2": 1.0, "visible_2": 1.0, "width_2": 0.1, "thickness_": 0.0, "ext_2": "(3:0,0,0.1)" }, "geometry": { "type": "Polygon", "coordinates": [ [ [ -46.8862814, -23.1783291 ], [ -46.8862493, -23.1782882 ], [ -46.88631, -23.1782476 ], [ -46.8863421, -23.178287 ], [ -46.8862814, -23.1783291 ] ] ] } },
{ "type": "Feature", "properties": { "Name": "Área Executivo / Reassentamento", "description": "Área Executivo / Reassentamento", "timestamp": null, "begin": null, "end": null, "altitudeMode": null, "tessellate": -1, "extrude": 0, "visibility": -1, "drawOrder": null, "icon": null, "handle": null, "block": null, "etype": null, "space": null, "layer": null, "olinetype": null, "linetype": null, "color": null, "ocolor": null, "color24": null, "transparen": null, "lweight": null, "linewidth": null, "ltscale": null, "visible": null, "width": null, "thickness": null, "ext": null, "fid_2": 512.0, "handle_2": 5150.0, "block_2": -1.0, "etype_2": 18.0, "space_2": 0.0, "layer_2": "REINTEGRAÃ‡ÃƒO DE POSSE", "olinetype_": "BYLAYER", "linetype_2": null, "color_2": "255,127,0,254", "ocolor_2": 256.0, "color24_2": -1.0, "transpar_1": 0.0, "lweight_2": -1.0, "linewidth_": 0.09, "ltscale_2": 1.0, "visible_2": 1.0, "width_2": 0.1, "thickness_": 0.0, "ext_2": "(3:0,0,0.1)" }, "geometry": { "type": "Polygon", "coordinates": [ [ [ -46.8918952, -23.1749378 ], [ -46.891985, -23.174905 ], [ -46.8921669, -23.1748385 ], [ -46.8926602, -23.1746581 ], [ -46.8926839, -23.1747085 ], [ -46.8919151, -23.1749849 ], [ -46.8918952, -23.1749378 ] ] ] } },
{ "type": "Feature", "properties": { "Name": "Área Executivo / Reassentamento", "description": "Área Executivo / Reassentamento", "timestamp": null, "begin": null, "end": null, "altitudeMode": null, "tessellate": -1, "extrude": 0, "visibility": -1, "drawOrder": null, "icon": null, "handle": null, "block": null, "etype": null, "space": null, "layer": null, "olinetype": null, "linetype": null, "color": null, "ocolor": null, "color24": null, "transparen": null, "lweight": null, "linewidth": null, "ltscale": null, "visible": null, "width": null, "thickness": null, "ext": null, "fid_2": 513.0, "handle_2": 5151.0, "block_2": -1.0, "etype_2": 18.0, "space_2": 0.0, "layer_2": "REINTEGRAÃ‡ÃƒO DE POSSE", "olinetype_": "BYLAYER", "linetype_2": null, "color_2": "255,127,0,254", "ocolor_2": 256.0, "color24_2": -1.0, "transpar_1": 0.0, "lweight_2": -1.0, "linewidth_": 0.09, "ltscale_2": 1.0, "visible_2": 1.0, "width_2": 0.1, "thickness_": 0.0, "ext_2": "(3:0,0,0.1)" }, "geometry": { "type": "Polygon", "coordinates": [ [ [ -46.9481863, -23.0925026 ], [ -46.94814, -23.0924839 ], [ -46.9482078, -23.0923903 ], [ -46.9482483, -23.0924148 ], [ -46.9481863, -23.0925026 ] ] ] } },
{ "type": "Feature", "properties": { "Name": "Área Executivo / Reassentamento", "description": "Área Executivo / Reassentamento", "timestamp": null, "begin": null, "end": null, "altitudeMode": null, "tessellate": -1, "extrude": 0, "visibility": -1, "drawOrder": null, "icon": null, "handle": null, "block": null, "etype": null, "space": null, "layer": null, "olinetype": null, "linetype": null, "color": null, "ocolor": null, "color24": null, "transparen": null, "lweight": null, "linewidth": null, "ltscale": null, "visible": null, "width": null, "thickness": null, "ext": null, "fid_2": 514.0, "handle_2": 5152.0, "block_2": -1.0, "etype_2": 18.0, "space_2": 0.0, "layer_2": "REINTEGRAÃ‡ÃƒO DE POSSE", "olinetype_": "BYLAYER", "linetype_2": null, "color_2": "255,127,0,254", "ocolor_2": 256.0, "color24_2": -1.0, "transpar_1": 0.0, "lweight_2": -1.0, "linewidth_": 0.09, "ltscale_2": 1.0, "visible_2": 1.0, "width_2": 0.1, "thickness_": 0.0, "ext_2": "(3:0,0,0.1)" }, "geometry": { "type": "Polygon", "coordinates": [ [ [ -46.8976261, -23.1724389 ], [ -46.8977837, -23.1722365 ], [ -46.8978343, -23.1722705 ], [ -46.8976773, -23.1724715 ], [ -46.8976261, -23.1724389 ] ] ] } },
{ "type": "Feature", "properties": { "Name": "Área Executivo / Reassentamento", "description": "Área Executivo / Reassentamento", "timestamp": null, "begin": null, "end": null, "altitudeMode": null, "tessellate": -1, "extrude": 0, "visibility": -1, "drawOrder": null, "icon": null, "handle": null, "block": null, "etype": null, "space": null, "layer": null, "olinetype": null, "linetype": null, "color": null, "ocolor": null, "color24": null, "transparen": null, "lweight": null, "linewidth": null, "ltscale": null, "visible": null, "width": null, "thickness": null, "ext": null, "fid_2": 515.0, "handle_2": 5153.0, "block_2": -1.0, "etype_2": 18.0, "space_2": 0.0, "layer_2": "REINTEGRAÃ‡ÃƒO DE POSSE", "olinetype_": "BYLAYER", "linetype_2": null, "color_2": "255,127,0,254", "ocolor_2": 256.0, "color24_2": -1.0, "transpar_1": 0.0, "lweight_2": -1.0, "linewidth_": 0.09, "ltscale_2": 1.0, "visible_2": 1.0, "width_2": 0.1, "thickness_": 0.0, "ext_2": "(3:0,0,0.1)" }, "geometry": { "type": "Polygon", "coordinates": [ [ [ -46.9003987, -23.1685564 ], [ -46.9008542, -23.1679076 ], [ -46.9009608, -23.167972 ], [ -46.9004985, -23.1686094 ], [ -46.9003987, -23.1685564 ] ] ] } },
{ "type": "Feature", "properties": { "Name": "Área Executivo / Reassentamento", "description": "Área Executivo / Reassentamento", "timestamp": null, "begin": null, "end": null, "altitudeMode": null, "tessellate": -1, "extrude": 0, "visibility": -1, "drawOrder": null, "icon": null, "handle": null, "block": null, "etype": null, "space": null, "layer": null, "olinetype": null, "linetype": null, "color": null, "ocolor": null, "color24": null, "transparen": null, "lweight": null, "linewidth": null, "ltscale": null, "visible": null, "width": null, "thickness": null, "ext": null, "fid_2": 516.0, "handle_2": 5154.0, "block_2": -1.0, "etype_2": 18.0, "space_2": 0.0, "layer_2": "REINTEGRAÃ‡ÃƒO DE POSSE", "olinetype_": "BYLAYER", "linetype_2": null, "color_2": "255,127,0,254", "ocolor_2": 256.0, "color24_2": -1.0, "transpar_1": 0.0, "lweight_2": -1.0, "linewidth_": 0.09, "ltscale_2": 1.0, "visible_2": 1.0, "width_2": 0.1, "thickness_": 0.0, "ext_2": "(3:0,0,0.1)" }, "geometry": { "type": "Polygon", "coordinates": [ [ [ -46.9261656, -23.1258275 ], [ -46.9261904, -23.1257898 ], [ -46.9262351, -23.1258167 ], [ -46.9262134, -23.1258554 ], [ -46.9261656, -23.1258275 ] ] ] } },
{ "type": "Feature", "properties": { "Name": "Área Executivo / Reassentamento", "description": "Área Executivo / Reassentamento", "timestamp": null, "begin": null, "end": null, "altitudeMode": null, "tessellate": -1, "extrude": 0, "visibility": -1, "drawOrder": null, "icon": null, "handle": null, "block": null, "etype": null, "space": null, "layer": null, "olinetype": null, "linetype": null, "color": null, "ocolor": null, "color24": null, "transparen": null, "lweight": null, "linewidth": null, "ltscale": null, "visible": null, "width": null, "thickness": null, "ext": null, "fid_2": 517.0, "handle_2": 5155.0, "block_2": -1.0, "etype_2": 18.0, "space_2": 0.0, "layer_2": "REINTEGRAÃ‡ÃƒO DE POSSE", "olinetype_": "BYLAYER", "linetype_2": null, "color_2": "255,127,0,254", "ocolor_2": 256.0, "color24_2": -1.0, "transpar_1": 0.0, "lweight_2": -1.0, "linewidth_": 0.09, "ltscale_2": 1.0, "visible_2": 1.0, "width_2": 0.1, "thickness_": 0.0, "ext_2": "(3:0,0,0.1)" }, "geometry": { "type": "Polygon", "coordinates": [ [ [ -46.931598, -23.1234679 ], [ -46.9314958, -23.1233499 ], [ -46.9316141, -23.1232913 ], [ -46.9317079, -23.12324 ], [ -46.9317634, -23.1232073 ], [ -46.9318429, -23.1233177 ], [ -46.9317902, -23.1233521 ], [ -46.931598, -23.1234679 ] ] ] } },
{ "type": "Feature", "properties": { "Name": "Área Executivo / Reassentamento", "description": "Área Executivo / Reassentamento", "timestamp": null, "begin": null, "end": null, "altitudeMode": null, "tessellate": -1, "extrude": 0, "visibility": -1, "drawOrder": null, "icon": null, "handle": null, "block": null, "etype": null, "space": null, "layer": null, "olinetype": null, "linetype": null, "color": null, "ocolor": null, "color24": null, "transparen": null, "lweight": null, "linewidth": null, "ltscale": null, "visible": null, "width": null, "thickness": null, "ext": null, "fid_2": 518.0, "handle_2": 5156.0, "block_2": -1.0, "etype_2": 18.0, "space_2": 0.0, "layer_2": "REINTEGRAÃ‡ÃƒO DE POSSE", "olinetype_": "BYLAYER", "linetype_2": null, "color_2": "255,127,0,254", "ocolor_2": 256.0, "color24_2": -1.0, "transpar_1": 0.0, "lweight_2": -1.0, "linewidth_": 0.09, "ltscale_2": 1.0, "visible_2": 1.0, "width_2": 0.1, "thickness_": 0.0, "ext_2": "(3:0,0,0.1)" }, "geometry": { "type": "Polygon", "coordinates": [ [ [ -46.9489194, -23.0913221 ], [ -46.9488811, -23.091302 ], [ -46.9491479, -23.0907408 ], [ -46.9491901, -23.0907471 ], [ -46.9491411, -23.0909165 ], [ -46.9490633, -23.0910694 ], [ -46.9489865, -23.0912088 ], [ -46.9489194, -23.0913221 ] ] ] } },
{ "type": "Feature", "properties": { "Name": "Área Executivo / Reassentamento", "description": "Área Executivo / Reassentamento", "timestamp": null, "begin": null, "end": null, "altitudeMode": null, "tessellate": -1, "extrude": 0, "visibility": -1, "drawOrder": null, "icon": null, "handle": null, "block": null, "etype": null, "space": null, "layer": null, "olinetype": null, "linetype": null, "color": null, "ocolor": null, "color24": null, "transparen": null, "lweight": null, "linewidth": null, "ltscale": null, "visible": null, "width": null, "thickness": null, "ext": null, "fid_2": 519.0, "handle_2": 5157.0, "block_2": -1.0, "etype_2": 18.0, "space_2": 0.0, "layer_2": "REINTEGRAÃ‡ÃƒO DE POSSE", "olinetype_": "BYLAYER", "linetype_2": null, "color_2": "255,127,0,254", "ocolor_2": 256.0, "color24_2": -1.0, "transpar_1": 0.0, "lweight_2": -1.0, "linewidth_": 0.09, "ltscale_2": 1.0, "visible_2": 1.0, "width_2": 0.1, "thickness_": 0.0, "ext_2": "(3:0,0,0.1)" }, "geometry": { "type": "Polygon", "coordinates": [ [ [ -46.8854391, -23.1784159 ], [ -46.8856761, -23.1782786 ], [ -46.8857948, -23.1782146 ], [ -46.8859715, -23.1781139 ], [ -46.8860184, -23.1781869 ], [ -46.8857773, -23.1783266 ], [ -46.8854794, -23.1784749 ], [ -46.8854391, -23.1784159 ] ] ] } },
{ "type": "Feature", "properties": { "Name": "Área Executivo / Reassentamento", "description": "Área Executivo / Reassentamento", "timestamp": null, "begin": null, "end": null, "altitudeMode": null, "tessellate": -1, "extrude": 0, "visibility": -1, "drawOrder": null, "icon": null, "handle": null, "block": null, "etype": null, "space": null, "layer": null, "olinetype": null, "linetype": null, "color": null, "ocolor": null, "color24": null, "transparen": null, "lweight": null, "linewidth": null, "ltscale": null, "visible": null, "width": null, "thickness": null, "ext": null, "fid_2": 520.0, "handle_2": 5158.0, "block_2": -1.0, "etype_2": 18.0, "space_2": 0.0, "layer_2": "REINTEGRAÃ‡ÃƒO DE POSSE", "olinetype_": "BYLAYER", "linetype_2": null, "color_2": "255,127,0,254", "ocolor_2": 256.0, "color24_2": -1.0, "transpar_1": 0.0, "lweight_2": -1.0, "linewidth_": 0.09, "ltscale_2": 1.0, "visible_2": 1.0, "width_2": 0.1, "thickness_": 0.0, "ext_2": "(3:0,0,0.1)" }, "geometry": { "type": "Polygon", "coordinates": [ [ [ -46.9091633, -23.1390518 ], [ -46.9091194, -23.1390239 ], [ -46.9092011, -23.1389256 ], [ -46.9092409, -23.1389524 ], [ -46.9091633, -23.1390518 ] ] ] } },
{ "type": "Feature", "properties": { "Name": "Área Executivo / Reassentamento", "description": "Área Executivo / Reassentamento", "timestamp": null, "begin": null, "end": null, "altitudeMode": null, "tessellate": -1, "extrude": 0, "visibility": -1, "drawOrder": null, "icon": null, "handle": null, "block": null, "etype": null, "space": null, "layer": null, "olinetype": null, "linetype": null, "color": null, "ocolor": null, "color24": null, "transparen": null, "lweight": null, "linewidth": null, "ltscale": null, "visible": null, "width": null, "thickness": null, "ext": null, "fid_2": 521.0, "handle_2": 5159.0, "block_2": -1.0, "etype_2": 18.0, "space_2": 0.0, "layer_2": "REINTEGRAÃ‡ÃƒO DE POSSE", "olinetype_": "BYLAYER", "linetype_2": null, "color_2": "255,127,0,254", "ocolor_2": 256.0, "color24_2": -1.0, "transpar_1": 0.0, "lweight_2": -1.0, "linewidth_": 0.09, "ltscale_2": 1.0, "visible_2": 1.0, "width_2": 0.1, "thickness_": 0.0, "ext_2": "(3:0,0,0.1)" }, "geometry": { "type": "Polygon", "coordinates": [ [ [ -46.9201807, -23.131171 ], [ -46.9202542, -23.1311358 ], [ -46.9202797, -23.1311656 ], [ -46.9202018, -23.1312315 ], [ -46.9201807, -23.131171 ] ] ] } },
{ "type": "Feature", "properties": { "Name": "Área Executivo / Reassentamento", "description": "Área Executivo / Reassentamento", "timestamp": null, "begin": null, "end": null, "altitudeMode": null, "tessellate": -1, "extrude": 0, "visibility": -1, "drawOrder": null, "icon": null, "handle": null, "block": null, "etype": null, "space": null, "layer": null, "olinetype": null, "linetype": null, "color": null, "ocolor": null, "color24": null, "transparen": null, "lweight": null, "linewidth": null, "ltscale": null, "visible": null, "width": null, "thickness": null, "ext": null, "fid_2": 522.0, "handle_2": 5160.0, "block_2": -1.0, "etype_2": 18.0, "space_2": 0.0, "layer_2": "REINTEGRAÃ‡ÃƒO DE POSSE", "olinetype_": "BYLAYER", "linetype_2": null, "color_2": "255,127,0,254", "ocolor_2": 256.0, "color24_2": -1.0, "transpar_1": 0.0, "lweight_2": -1.0, "linewidth_": 0.09, "ltscale_2": 1.0, "visible_2": 1.0, "width_2": 0.1, "thickness_": 0.0, "ext_2": "(3:0,0,0.1)" }, "geometry": { "type": "Polygon", "coordinates": [ [ [ -46.9415317, -23.1040129 ], [ -46.9414788, -23.1040155 ], [ -46.9414317, -23.1038693 ], [ -46.941477, -23.1035725 ], [ -46.9414172, -23.1035609 ], [ -46.9414661, -23.1033934 ], [ -46.9416628, -23.1028947 ], [ -46.9417755, -23.1026818 ], [ -46.9418906, -23.1024899 ], [ -46.9421596, -23.1021037 ], [ -46.942246, -23.102161 ], [ -46.9419992, -23.102518 ], [ -46.9420709, -23.102548 ], [ -46.9419134, -23.1027761 ], [ -46.9418797, -23.1028263 ], [ -46.9417956, -23.1029691 ], [ -46.9418433, -23.1029962 ], [ -46.9416706, -23.1034128 ], [ -46.9416862, -23.1034664 ], [ -46.9416388, -23.1036611 ], [ -46.9415409, -23.1038856 ], [ -46.9415317, -23.1040129 ] ] ] } },
{ "type": "Feature", "properties": { "Name": "Área Executivo / Reassentamento", "description": "Área Executivo / Reassentamento", "timestamp": null, "begin": null, "end": null, "altitudeMode": null, "tessellate": -1, "extrude": 0, "visibility": -1, "drawOrder": null, "icon": null, "handle": null, "block": null, "etype": null, "space": null, "layer": null, "olinetype": null, "linetype": null, "color": null, "ocolor": null, "color24": null, "transparen": null, "lweight": null, "linewidth": null, "ltscale": null, "visible": null, "width": null, "thickness": null, "ext": null, "fid_2": 523.0, "handle_2": 5161.0, "block_2": -1.0, "etype_2": 18.0, "space_2": 0.0, "layer_2": "REINTEGRAÃ‡ÃƒO DE POSSE", "olinetype_": "BYLAYER", "linetype_2": null, "color_2": "255,127,0,254", "ocolor_2": 256.0, "color24_2": -1.0, "transpar_1": 0.0, "lweight_2": -1.0, "linewidth_": 0.09, "ltscale_2": 1.0, "visible_2": 1.0, "width_2": 0.1, "thickness_": 0.0, "ext_2": "(3:0,0,0.1)" }, "geometry": { "type": "Polygon", "coordinates": [ [ [ -46.9416254, -23.1028386 ], [ -46.9416005, -23.1028994 ], [ -46.9415406, -23.1028783 ], [ -46.9415723, -23.1028141 ], [ -46.9416254, -23.1028386 ] ] ] } },
{ "type": "Feature", "properties": { "Name": "Área Executivo / Reassentamento", "description": "Área Executivo / Reassentamento", "timestamp": null, "begin": null, "end": null, "altitudeMode": null, "tessellate": -1, "extrude": 0, "visibility": -1, "drawOrder": null, "icon": null, "handle": null, "block": null, "etype": null, "space": null, "layer": null, "olinetype": null, "linetype": null, "color": null, "ocolor": null, "color24": null, "transparen": null, "lweight": null, "linewidth": null, "ltscale": null, "visible": null, "width": null, "thickness": null, "ext": null, "fid_2": 524.0, "handle_2": 5162.0, "block_2": -1.0, "etype_2": 18.0, "space_2": 0.0, "layer_2": "REINTEGRAÃ‡ÃƒO DE POSSE", "olinetype_": "BYLAYER", "linetype_2": null, "color_2": "255,127,0,254", "ocolor_2": 256.0, "color24_2": -1.0, "transpar_1": 0.0, "lweight_2": -1.0, "linewidth_": 0.09, "ltscale_2": 1.0, "visible_2": 1.0, "width_2": 0.1, "thickness_": 0.0, "ext_2": "(3:0,0,0.1)" }, "geometry": { "type": "Polygon", "coordinates": [ [ [ -46.9414716, -23.1031712 ], [ -46.9413765, -23.1031499 ], [ -46.9413898, -23.1030991 ], [ -46.9414346, -23.1030953 ], [ -46.9414851, -23.1029718 ], [ -46.9415518, -23.1029895 ], [ -46.9414716, -23.1031712 ] ] ] } },
{ "type": "Feature", "properties": { "Name": "Área Executivo / Reassentamento", "description": "Área Executivo / Reassentamento", "timestamp": null, "begin": null, "end": null, "altitudeMode": null, "tessellate": -1, "extrude": 0, "visibility": -1, "drawOrder": null, "icon": null, "handle": null, "block": null, "etype": null, "space": null, "layer": null, "olinetype": null, "linetype": null, "color": null, "ocolor": null, "color24": null, "transparen": null, "lweight": null, "linewidth": null, "ltscale": null, "visible": null, "width": null, "thickness": null, "ext": null, "fid_2": 525.0, "handle_2": 5163.0, "block_2": -1.0, "etype_2": 18.0, "space_2": 0.0, "layer_2": "REINTEGRAÃ‡ÃƒO DE POSSE", "olinetype_": "BYLAYER", "linetype_2": null, "color_2": "255,127,0,254", "ocolor_2": 256.0, "color24_2": -1.0, "transpar_1": 0.0, "lweight_2": -1.0, "linewidth_": 0.09, "ltscale_2": 1.0, "visible_2": 1.0, "width_2": 0.1, "thickness_": 0.0, "ext_2": "(3:0,0,0.1)" }, "geometry": { "type": "Polygon", "coordinates": [ [ [ -46.9413876, -23.1034472 ], [ -46.9413648, -23.1035203 ], [ -46.9412868, -23.1035041 ], [ -46.9413054, -23.1034334 ], [ -46.9413876, -23.1034472 ] ] ] } },
{ "type": "Feature", "properties": { "Name": "Área Executivo / Reassentamento", "description": "Área Executivo / Reassentamento", "timestamp": null, "begin": null, "end": null, "altitudeMode": null, "tessellate": -1, "extrude": 0, "visibility": -1, "drawOrder": null, "icon": null, "handle": null, "block": null, "etype": null, "space": null, "layer": null, "olinetype": null, "linetype": null, "color": null, "ocolor": null, "color24": null, "transparen": null, "lweight": null, "linewidth": null, "ltscale": null, "visible": null, "width": null, "thickness": null, "ext": null, "fid_2": 526.0, "handle_2": 5164.0, "block_2": -1.0, "etype_2": 18.0, "space_2": 0.0, "layer_2": "REINTEGRAÃ‡ÃƒO DE POSSE", "olinetype_": "BYLAYER", "linetype_2": null, "color_2": "255,127,0,254", "ocolor_2": 256.0, "color24_2": -1.0, "transpar_1": 0.0, "lweight_2": -1.0, "linewidth_": 0.09, "ltscale_2": 1.0, "visible_2": 1.0, "width_2": 0.1, "thickness_": 0.0, "ext_2": "(3:0,0,0.1)" }, "geometry": { "type": "Polygon", "coordinates": [ [ [ -46.9414353, -23.1032111 ], [ -46.9414197, -23.1032592 ], [ -46.9413497, -23.1032451 ], [ -46.9413611, -23.1031994 ], [ -46.9414353, -23.1032111 ] ] ] } },
{ "type": "Feature", "properties": { "Name": "Área Executivo / Reassentamento", "description": "Área Executivo / Reassentamento", "timestamp": null, "begin": null, "end": null, "altitudeMode": null, "tessellate": -1, "extrude": 0, "visibility": -1, "drawOrder": null, "icon": null, "handle": null, "block": null, "etype": null, "space": null, "layer": null, "olinetype": null, "linetype": null, "color": null, "ocolor": null, "color24": null, "transparen": null, "lweight": null, "linewidth": null, "ltscale": null, "visible": null, "width": null, "thickness": null, "ext": null, "fid_2": 527.0, "handle_2": 5165.0, "block_2": -1.0, "etype_2": 18.0, "space_2": 0.0, "layer_2": "REINTEGRAÃ‡ÃƒO DE POSSE", "olinetype_": "BYLAYER", "linetype_2": null, "color_2": "255,127,0,254", "ocolor_2": 256.0, "color24_2": -1.0, "transpar_1": 0.0, "lweight_2": -1.0, "linewidth_": 0.09, "ltscale_2": 1.0, "visible_2": 1.0, "width_2": 0.1, "thickness_": 0.0, "ext_2": "(3:0,0,0.1)" }, "geometry": { "type": "Polygon", "coordinates": [ [ [ -46.947487, -23.0941706 ], [ -46.9473921, -23.0941291 ], [ -46.9474227, -23.0939614 ], [ -46.9475031, -23.0936781 ], [ -46.9477457, -23.0930975 ], [ -46.9477882, -23.0930225 ], [ -46.947874, -23.0930342 ], [ -46.9478124, -23.0931569 ], [ -46.9477332, -23.0933351 ], [ -46.9476729, -23.0934956 ], [ -46.947637, -23.0935917 ], [ -46.9475895, -23.0937427 ], [ -46.947524, -23.0940048 ], [ -46.947487, -23.0941706 ] ] ] } },
{ "type": "Feature", "properties": { "Name": "Área Executivo / Reassentamento", "description": "Área Executivo / Reassentamento", "timestamp": null, "begin": null, "end": null, "altitudeMode": null, "tessellate": -1, "extrude": 0, "visibility": -1, "drawOrder": null, "icon": null, "handle": null, "block": null, "etype": null, "space": null, "layer": null, "olinetype": null, "linetype": null, "color": null, "ocolor": null, "color24": null, "transparen": null, "lweight": null, "linewidth": null, "ltscale": null, "visible": null, "width": null, "thickness": null, "ext": null, "fid_2": 528.0, "handle_2": 5166.0, "block_2": -1.0, "etype_2": 18.0, "space_2": 0.0, "layer_2": "REINTEGRAÃ‡ÃƒO DE POSSE", "olinetype_": "BYLAYER", "linetype_2": null, "color_2": "255,127,0,254", "ocolor_2": 256.0, "color24_2": -1.0, "transpar_1": 0.0, "lweight_2": -1.0, "linewidth_": 0.09, "ltscale_2": 1.0, "visible_2": 1.0, "width_2": 0.1, "thickness_": 0.0, "ext_2": "(3:0,0,0.1)" }, "geometry": { "type": "Polygon", "coordinates": [ [ [ -46.9471643, -23.096821 ], [ -46.9471298, -23.0968128 ], [ -46.9472192, -23.0964261 ], [ -46.9472472, -23.0964312 ], [ -46.9472059, -23.096642 ], [ -46.9471643, -23.096821 ] ] ] } },
{ "type": "Feature", "properties": { "Name": "Área Executivo / Reassentamento", "description": "Área Executivo / Reassentamento", "timestamp": null, "begin": null, "end": null, "altitudeMode": null, "tessellate": -1, "extrude": 0, "visibility": -1, "drawOrder": null, "icon": null, "handle": null, "block": null, "etype": null, "space": null, "layer": null, "olinetype": null, "linetype": null, "color": null, "ocolor": null, "color24": null, "transparen": null, "lweight": null, "linewidth": null, "ltscale": null, "visible": null, "width": null, "thickness": null, "ext": null, "fid_2": 529.0, "handle_2": 5167.0, "block_2": -1.0, "etype_2": 18.0, "space_2": 0.0, "layer_2": "REINTEGRAÃ‡ÃƒO DE POSSE", "olinetype_": "BYLAYER", "linetype_2": null, "color_2": "255,127,0,254", "ocolor_2": 256.0, "color24_2": -1.0, "transpar_1": 0.0, "lweight_2": -1.0, "linewidth_": 0.09, "ltscale_2": 1.0, "visible_2": 1.0, "width_2": 0.1, "thickness_": 0.0, "ext_2": "(3:0,0,0.1)" }, "geometry": { "type": "Polygon", "coordinates": [ [ [ -46.8862814, -23.1783291 ], [ -46.8862493, -23.1782882 ], [ -46.88631, -23.1782476 ], [ -46.8863421, -23.178287 ], [ -46.8862814, -23.1783291 ] ] ] } },
{ "type": "Feature", "properties": { "Name": "Área Executivo / Reassentamento", "description": "Área Executivo / Reassentamento", "timestamp": null, "begin": null, "end": null, "altitudeMode": null, "tessellate": -1, "extrude": 0, "visibility": -1, "drawOrder": null, "icon": null, "handle": null, "block": null, "etype": null, "space": null, "layer": null, "olinetype": null, "linetype": null, "color": null, "ocolor": null, "color24": null, "transparen": null, "lweight": null, "linewidth": null, "ltscale": null, "visible": null, "width": null, "thickness": null, "ext": null, "fid_2": 530.0, "handle_2": 5168.0, "block_2": -1.0, "etype_2": 18.0, "space_2": 0.0, "layer_2": "REINTEGRAÃ‡ÃƒO DE POSSE", "olinetype_": "BYLAYER", "linetype_2": null, "color_2": "255,127,0,254", "ocolor_2": 256.0, "color24_2": -1.0, "transpar_1": 0.0, "lweight_2": -1.0, "linewidth_": 0.09, "ltscale_2": 1.0, "visible_2": 1.0, "width_2": 0.1, "thickness_": 0.0, "ext_2": "(3:0,0,0.1)" }, "geometry": { "type": "Polygon", "coordinates": [ [ [ -46.8918952, -23.1749378 ], [ -46.891985, -23.174905 ], [ -46.8921669, -23.1748385 ], [ -46.8926602, -23.1746581 ], [ -46.8926839, -23.1747085 ], [ -46.8919151, -23.1749849 ], [ -46.8918952, -23.1749378 ] ] ] } },
{ "type": "Feature", "properties": { "Name": "Área Executivo / Reassentamento", "description": "Área Executivo / Reassentamento", "timestamp": null, "begin": null, "end": null, "altitudeMode": null, "tessellate": -1, "extrude": 0, "visibility": -1, "drawOrder": null, "icon": null, "handle": null, "block": null, "etype": null, "space": null, "layer": null, "olinetype": null, "linetype": null, "color": null, "ocolor": null, "color24": null, "transparen": null, "lweight": null, "linewidth": null, "ltscale": null, "visible": null, "width": null, "thickness": null, "ext": null, "fid_2": 531.0, "handle_2": 5169.0, "block_2": -1.0, "etype_2": 18.0, "space_2": 0.0, "layer_2": "REINTEGRAÃ‡ÃƒO DE POSSE", "olinetype_": "BYLAYER", "linetype_2": null, "color_2": "255,127,0,254", "ocolor_2": 256.0, "color24_2": -1.0, "transpar_1": 0.0, "lweight_2": -1.0, "linewidth_": 0.09, "ltscale_2": 1.0, "visible_2": 1.0, "width_2": 0.1, "thickness_": 0.0, "ext_2": "(3:0,0,0.1)" }, "geometry": { "type": "Polygon", "coordinates": [ [ [ -46.9481863, -23.0925026 ], [ -46.94814, -23.0924839 ], [ -46.9482078, -23.0923903 ], [ -46.9482483, -23.0924148 ], [ -46.9481863, -23.0925026 ] ] ] } },
{ "type": "Feature", "properties": { "Name": "Área Executivo / Reassentamento", "description": "Área Executivo / Reassentamento", "timestamp": null, "begin": null, "end": null, "altitudeMode": null, "tessellate": -1, "extrude": 0, "visibility": -1, "drawOrder": null, "icon": null, "handle": null, "block": null, "etype": null, "space": null, "layer": null, "olinetype": null, "linetype": null, "color": null, "ocolor": null, "color24": null, "transparen": null, "lweight": null, "linewidth": null, "ltscale": null, "visible": null, "width": null, "thickness": null, "ext": null, "fid_2": 532.0, "handle_2": 5170.0, "block_2": -1.0, "etype_2": 18.0, "space_2": 0.0, "layer_2": "REINTEGRAÃ‡ÃƒO DE POSSE", "olinetype_": "BYLAYER", "linetype_2": null, "color_2": "255,127,0,254", "ocolor_2": 256.0, "color24_2": -1.0, "transpar_1": 0.0, "lweight_2": -1.0, "linewidth_": 0.09, "ltscale_2": 1.0, "visible_2": 1.0, "width_2": 0.1, "thickness_": 0.0, "ext_2": "(3:0,0,0.1)" }, "geometry": { "type": "Polygon", "coordinates": [ [ [ -46.8976261, -23.1724389 ], [ -46.8977837, -23.1722365 ], [ -46.8978343, -23.1722705 ], [ -46.8976773, -23.1724715 ], [ -46.8976261, -23.1724389 ] ] ] } },
{ "type": "Feature", "properties": { "Name": "Área Executivo / Reassentamento", "description": "Área Executivo / Reassentamento", "timestamp": null, "begin": null, "end": null, "altitudeMode": null, "tessellate": -1, "extrude": 0, "visibility": -1, "drawOrder": null, "icon": null, "handle": null, "block": null, "etype": null, "space": null, "layer": null, "olinetype": null, "linetype": null, "color": null, "ocolor": null, "color24": null, "transparen": null, "lweight": null, "linewidth": null, "ltscale": null, "visible": null, "width": null, "thickness": null, "ext": null, "fid_2": 533.0, "handle_2": 5171.0, "block_2": -1.0, "etype_2": 18.0, "space_2": 0.0, "layer_2": "REINTEGRAÃ‡ÃƒO DE POSSE", "olinetype_": "BYLAYER", "linetype_2": null, "color_2": "255,127,0,254", "ocolor_2": 256.0, "color24_2": -1.0, "transpar_1": 0.0, "lweight_2": -1.0, "linewidth_": 0.09, "ltscale_2": 1.0, "visible_2": 1.0, "width_2": 0.1, "thickness_": 0.0, "ext_2": "(3:0,0,0.1)" }, "geometry": { "type": "Polygon", "coordinates": [ [ [ -46.9003987, -23.1685564 ], [ -46.9008542, -23.1679076 ], [ -46.9009608, -23.167972 ], [ -46.9004985, -23.1686094 ], [ -46.9003987, -23.1685564 ] ] ] } },
{ "type": "Feature", "properties": { "Name": "Área Executivo / Reassentamento", "description": "Área Executivo / Reassentamento", "timestamp": null, "begin": null, "end": null, "altitudeMode": null, "tessellate": -1, "extrude": 0, "visibility": -1, "drawOrder": null, "icon": null, "handle": null, "block": null, "etype": null, "space": null, "layer": null, "olinetype": null, "linetype": null, "color": null, "ocolor": null, "color24": null, "transparen": null, "lweight": null, "linewidth": null, "ltscale": null, "visible": null, "width": null, "thickness": null, "ext": null, "fid_2": 534.0, "handle_2": 5172.0, "block_2": -1.0, "etype_2": 18.0, "space_2": 0.0, "layer_2": "REINTEGRAÃ‡ÃƒO DE POSSE", "olinetype_": "BYLAYER", "linetype_2": null, "color_2": "255,127,0,254", "ocolor_2": 256.0, "color24_2": -1.0, "transpar_1": 0.0, "lweight_2": -1.0, "linewidth_": 0.09, "ltscale_2": 1.0, "visible_2": 1.0, "width_2": 0.1, "thickness_": 0.0, "ext_2": "(3:0,0,0.1)" }, "geometry": { "type": "Polygon", "coordinates": [ [ [ -46.9261656, -23.1258275 ], [ -46.9261904, -23.1257898 ], [ -46.9262351, -23.1258167 ], [ -46.9262134, -23.1258554 ], [ -46.9261656, -23.1258275 ] ] ] } },
{ "type": "Feature", "properties": { "Name": "Área Executivo / Reassentamento", "description": "Área Executivo / Reassentamento", "timestamp": null, "begin": null, "end": null, "altitudeMode": null, "tessellate": -1, "extrude": 0, "visibility": -1, "drawOrder": null, "icon": null, "handle": null, "block": null, "etype": null, "space": null, "layer": null, "olinetype": null, "linetype": null, "color": null, "ocolor": null, "color24": null, "transparen": null, "lweight": null, "linewidth": null, "ltscale": null, "visible": null, "width": null, "thickness": null, "ext": null, "fid_2": 535.0, "handle_2": 5173.0, "block_2": -1.0, "etype_2": 18.0, "space_2": 0.0, "layer_2": "REINTEGRAÃ‡ÃƒO DE POSSE", "olinetype_": "BYLAYER", "linetype_2": null, "color_2": "255,127,0,254", "ocolor_2": 256.0, "color24_2": -1.0, "transpar_1": 0.0, "lweight_2": -1.0, "linewidth_": 0.09, "ltscale_2": 1.0, "visible_2": 1.0, "width_2": 0.1, "thickness_": 0.0, "ext_2": "(3:0,0,0.1)" }, "geometry": { "type": "Polygon", "coordinates": [ [ [ -46.931598, -23.1234679 ], [ -46.9314958, -23.1233499 ], [ -46.9316141, -23.1232913 ], [ -46.9317079, -23.12324 ], [ -46.9317634, -23.1232073 ], [ -46.9318429, -23.1233177 ], [ -46.9317902, -23.1233521 ], [ -46.931598, -23.1234679 ] ] ] } },
{ "type": "Feature", "properties": { "Name": "Área Executivo / Reassentamento", "description": "Área Executivo / Reassentamento", "timestamp": null, "begin": null, "end": null, "altitudeMode": null, "tessellate": -1, "extrude": 0, "visibility": -1, "drawOrder": null, "icon": null, "handle": null, "block": null, "etype": null, "space": null, "layer": null, "olinetype": null, "linetype": null, "color": null, "ocolor": null, "color24": null, "transparen": null, "lweight": null, "linewidth": null, "ltscale": null, "visible": null, "width": null, "thickness": null, "ext": null, "fid_2": 536.0, "handle_2": 5174.0, "block_2": -1.0, "etype_2": 18.0, "space_2": 0.0, "layer_2": "REINTEGRAÃ‡ÃƒO DE POSSE", "olinetype_": "BYLAYER", "linetype_2": null, "color_2": "255,127,0,254", "ocolor_2": 256.0, "color24_2": -1.0, "transpar_1": 0.0, "lweight_2": -1.0, "linewidth_": 0.09, "ltscale_2": 1.0, "visible_2": 1.0, "width_2": 0.1, "thickness_": 0.0, "ext_2": "(3:0,0,0.1)" }, "geometry": { "type": "Polygon", "coordinates": [ [ [ -46.9489194, -23.0913221 ], [ -46.9488811, -23.091302 ], [ -46.9491479, -23.0907408 ], [ -46.9491901, -23.0907471 ], [ -46.9491411, -23.0909165 ], [ -46.9490633, -23.0910694 ], [ -46.9489865, -23.0912088 ], [ -46.9489194, -23.0913221 ] ] ] } },
{ "type": "Feature", "properties": { "Name": "Área Executivo / Reassentamento", "description": "Área Executivo / Reassentamento", "timestamp": null, "begin": null, "end": null, "altitudeMode": null, "tessellate": -1, "extrude": 0, "visibility": -1, "drawOrder": null, "icon": null, "handle": null, "block": null, "etype": null, "space": null, "layer": null, "olinetype": null, "linetype": null, "color": null, "ocolor": null, "color24": null, "transparen": null, "lweight": null, "linewidth": null, "ltscale": null, "visible": null, "width": null, "thickness": null, "ext": null, "fid_2": 537.0, "handle_2": 5175.0, "block_2": -1.0, "etype_2": 18.0, "space_2": 0.0, "layer_2": "REINTEGRAÃ‡ÃƒO DE POSSE", "olinetype_": "BYLAYER", "linetype_2": null, "color_2": "255,127,0,254", "ocolor_2": 256.0, "color24_2": -1.0, "transpar_1": 0.0, "lweight_2": -1.0, "linewidth_": 0.09, "ltscale_2": 1.0, "visible_2": 1.0, "width_2": 0.1, "thickness_": 0.0, "ext_2": "(3:0,0,0.1)" }, "geometry": { "type": "Polygon", "coordinates": [ [ [ -46.8854391, -23.1784159 ], [ -46.8856761, -23.1782786 ], [ -46.8857948, -23.1782146 ], [ -46.8859715, -23.1781139 ], [ -46.8860184, -23.1781869 ], [ -46.8857773, -23.1783266 ], [ -46.8854794, -23.1784749 ], [ -46.8854391, -23.1784159 ] ] ] } },
{ "type": "Feature", "properties": { "Name": "Área Executivo / Reassentamento", "description": "Área Executivo / Reassentamento", "timestamp": null, "begin": null, "end": null, "altitudeMode": null, "tessellate": -1, "extrude": 0, "visibility": -1, "drawOrder": null, "icon": null, "handle": null, "block": null, "etype": null, "space": null, "layer": null, "olinetype": null, "linetype": null, "color": null, "ocolor": null, "color24": null, "transparen": null, "lweight": null, "linewidth": null, "ltscale": null, "visible": null, "width": null, "thickness": null, "ext": null, "fid_2": 538.0, "handle_2": 5176.0, "block_2": -1.0, "etype_2": 18.0, "space_2": 0.0, "layer_2": "REINTEGRAÃ‡ÃƒO DE POSSE", "olinetype_": "BYLAYER", "linetype_2": null, "color_2": "255,127,0,254", "ocolor_2": 256.0, "color24_2": -1.0, "transpar_1": 0.0, "lweight_2": -1.0, "linewidth_": 0.09, "ltscale_2": 1.0, "visible_2": 1.0, "width_2": 0.1, "thickness_": 0.0, "ext_2": "(3:0,0,0.1)" }, "geometry": { "type": "Polygon", "coordinates": [ [ [ -46.9091633, -23.1390518 ], [ -46.9091194, -23.1390239 ], [ -46.9092011, -23.1389256 ], [ -46.9092409, -23.1389524 ], [ -46.9091633, -23.1390518 ] ] ] } },
{ "type": "Feature", "properties": { "Name": "Área Executivo / Reassentamento", "description": "Área Executivo / Reassentamento", "timestamp": null, "begin": null, "end": null, "altitudeMode": null, "tessellate": -1, "extrude": 0, "visibility": -1, "drawOrder": null, "icon": null, "handle": null, "block": null, "etype": null, "space": null, "layer": null, "olinetype": null, "linetype": null, "color": null, "ocolor": null, "color24": null, "transparen": null, "lweight": null, "linewidth": null, "ltscale": null, "visible": null, "width": null, "thickness": null, "ext": null, "fid_2": 539.0, "handle_2": 5177.0, "block_2": -1.0, "etype_2": 18.0, "space_2": 0.0, "layer_2": "REINTEGRAÃ‡ÃƒO DE POSSE", "olinetype_": "BYLAYER", "linetype_2": null, "color_2": "255,127,0,254", "ocolor_2": 256.0, "color24_2": -1.0, "transpar_1": 0.0, "lweight_2": -1.0, "linewidth_": 0.09, "ltscale_2": 1.0, "visible_2": 1.0, "width_2": 0.1, "thickness_": 0.0, "ext_2": "(3:0,0,0.1)" }, "geometry": { "type": "Polygon", "coordinates": [ [ [ -46.9201807, -23.131171 ], [ -46.9202542, -23.1311358 ], [ -46.9202797, -23.1311656 ], [ -46.9202018, -23.1312315 ], [ -46.9201807, -23.131171 ] ] ] } },
{ "type": "Feature", "properties": { "Name": "Área Executivo / Reassentamento", "description": "Área Executivo / Reassentamento", "timestamp": null, "begin": null, "end": null, "altitudeMode": null, "tessellate": -1, "extrude": 0, "visibility": -1, "drawOrder": null, "icon": null, "handle": null, "block": null, "etype": null, "space": null, "layer": null, "olinetype": null, "linetype": null, "color": null, "ocolor": null, "color24": null, "transparen": null, "lweight": null, "linewidth": null, "ltscale": null, "visible": null, "width": null, "thickness": null, "ext": null, "fid_2": 540.0, "handle_2": 5178.0, "block_2": -1.0, "etype_2": 18.0, "space_2": 0.0, "layer_2": "REINTEGRAÃ‡ÃƒO DE POSSE", "olinetype_": "BYLAYER", "linetype_2": null, "color_2": "255,127,0,254", "ocolor_2": 256.0, "color24_2": -1.0, "transpar_1": 0.0, "lweight_2": -1.0, "linewidth_": 0.09, "ltscale_2": 1.0, "visible_2": 1.0, "width_2": 0.1, "thickness_": 0.0, "ext_2": "(3:0,0,0.1)" }, "geometry": { "type": "Polygon", "coordinates": [ [ [ -46.9415317, -23.1040129 ], [ -46.9414788, -23.1040155 ], [ -46.9414317, -23.1038693 ], [ -46.941477, -23.1035725 ], [ -46.9414172, -23.1035609 ], [ -46.9414661, -23.1033934 ], [ -46.9416628, -23.1028947 ], [ -46.9417755, -23.1026818 ], [ -46.9418906, -23.1024899 ], [ -46.9421596, -23.1021037 ], [ -46.942246, -23.102161 ], [ -46.9419992, -23.102518 ], [ -46.9420709, -23.102548 ], [ -46.9419134, -23.1027761 ], [ -46.9418797, -23.1028263 ], [ -46.9417956, -23.1029691 ], [ -46.9418433, -23.1029962 ], [ -46.9416706, -23.1034128 ], [ -46.9416862, -23.1034664 ], [ -46.9416388, -23.1036611 ], [ -46.9415409, -23.1038856 ], [ -46.9415317, -23.1040129 ] ] ] } },
{ "type": "Feature", "properties": { "Name": "Área Executivo / Reassentamento", "description": "Área Executivo / Reassentamento", "timestamp": null, "begin": null, "end": null, "altitudeMode": null, "tessellate": -1, "extrude": 0, "visibility": -1, "drawOrder": null, "icon": null, "handle": null, "block": null, "etype": null, "space": null, "layer": null, "olinetype": null, "linetype": null, "color": null, "ocolor": null, "color24": null, "transparen": null, "lweight": null, "linewidth": null, "ltscale": null, "visible": null, "width": null, "thickness": null, "ext": null, "fid_2": 541.0, "handle_2": 5179.0, "block_2": -1.0, "etype_2": 18.0, "space_2": 0.0, "layer_2": "REINTEGRAÃ‡ÃƒO DE POSSE", "olinetype_": "BYLAYER", "linetype_2": null, "color_2": "255,127,0,254", "ocolor_2": 256.0, "color24_2": -1.0, "transpar_1": 0.0, "lweight_2": -1.0, "linewidth_": 0.09, "ltscale_2": 1.0, "visible_2": 1.0, "width_2": 0.1, "thickness_": 0.0, "ext_2": "(3:0,0,0.1)" }, "geometry": { "type": "Polygon", "coordinates": [ [ [ -46.9416254, -23.1028386 ], [ -46.9416005, -23.1028994 ], [ -46.9415406, -23.1028783 ], [ -46.9415723, -23.1028141 ], [ -46.9416254, -23.1028386 ] ] ] } },
{ "type": "Feature", "properties": { "Name": "Área Executivo / Reassentamento", "description": "Área Executivo / Reassentamento", "timestamp": null, "begin": null, "end": null, "altitudeMode": null, "tessellate": -1, "extrude": 0, "visibility": -1, "drawOrder": null, "icon": null, "handle": null, "block": null, "etype": null, "space": null, "layer": null, "olinetype": null, "linetype": null, "color": null, "ocolor": null, "color24": null, "transparen": null, "lweight": null, "linewidth": null, "ltscale": null, "visible": null, "width": null, "thickness": null, "ext": null, "fid_2": 542.0, "handle_2": 5180.0, "block_2": -1.0, "etype_2": 18.0, "space_2": 0.0, "layer_2": "REINTEGRAÃ‡ÃƒO DE POSSE", "olinetype_": "BYLAYER", "linetype_2": null, "color_2": "255,127,0,254", "ocolor_2": 256.0, "color24_2": -1.0, "transpar_1": 0.0, "lweight_2": -1.0, "linewidth_": 0.09, "ltscale_2": 1.0, "visible_2": 1.0, "width_2": 0.1, "thickness_": 0.0, "ext_2": "(3:0,0,0.1)" }, "geometry": { "type": "Polygon", "coordinates": [ [ [ -46.9414716, -23.1031712 ], [ -46.9413765, -23.1031499 ], [ -46.9413898, -23.1030991 ], [ -46.9414346, -23.1030953 ], [ -46.9414851, -23.1029718 ], [ -46.9415518, -23.1029895 ], [ -46.9414716, -23.1031712 ] ] ] } },
{ "type": "Feature", "properties": { "Name": "Área Executivo / Reassentamento", "description": "Área Executivo / Reassentamento", "timestamp": null, "begin": null, "end": null, "altitudeMode": null, "tessellate": -1, "extrude": 0, "visibility": -1, "drawOrder": null, "icon": null, "handle": null, "block": null, "etype": null, "space": null, "layer": null, "olinetype": null, "linetype": null, "color": null, "ocolor": null, "color24": null, "transparen": null, "lweight": null, "linewidth": null, "ltscale": null, "visible": null, "width": null, "thickness": null, "ext": null, "fid_2": 543.0, "handle_2": 5181.0, "block_2": -1.0, "etype_2": 18.0, "space_2": 0.0, "layer_2": "REINTEGRAÃ‡ÃƒO DE POSSE", "olinetype_": "BYLAYER", "linetype_2": null, "color_2": "255,127,0,254", "ocolor_2": 256.0, "color24_2": -1.0, "transpar_1": 0.0, "lweight_2": -1.0, "linewidth_": 0.09, "ltscale_2": 1.0, "visible_2": 1.0, "width_2": 0.1, "thickness_": 0.0, "ext_2": "(3:0,0,0.1)" }, "geometry": { "type": "Polygon", "coordinates": [ [ [ -46.9413876, -23.1034472 ], [ -46.9413648, -23.1035203 ], [ -46.9412868, -23.1035041 ], [ -46.9413054, -23.1034334 ], [ -46.9413876, -23.1034472 ] ] ] } },
{ "type": "Feature", "properties": { "Name": "Área Executivo / Reassentamento", "description": "Área Executivo / Reassentamento", "timestamp": null, "begin": null, "end": null, "altitudeMode": null, "tessellate": -1, "extrude": 0, "visibility": -1, "drawOrder": null, "icon": null, "handle": null, "block": null, "etype": null, "space": null, "layer": null, "olinetype": null, "linetype": null, "color": null, "ocolor": null, "color24": null, "transparen": null, "lweight": null, "linewidth": null, "ltscale": null, "visible": null, "width": null, "thickness": null, "ext": null, "fid_2": 544.0, "handle_2": 5182.0, "block_2": -1.0, "etype_2": 18.0, "space_2": 0.0, "layer_2": "REINTEGRAÃ‡ÃƒO DE POSSE", "olinetype_": "BYLAYER", "linetype_2": null, "color_2": "255,127,0,254", "ocolor_2": 256.0, "color24_2": -1.0, "transpar_1": 0.0, "lweight_2": -1.0, "linewidth_": 0.09, "ltscale_2": 1.0, "visible_2": 1.0, "width_2": 0.1, "thickness_": 0.0, "ext_2": "(3:0,0,0.1)" }, "geometry": { "type": "Polygon", "coordinates": [ [ [ -46.9414353, -23.1032111 ], [ -46.9414197, -23.1032592 ], [ -46.9413497, -23.1032451 ], [ -46.9413611, -23.1031994 ], [ -46.9414353, -23.1032111 ] ] ] } },
{ "type": "Feature", "properties": { "Name": "Área Executivo / Reassentamento", "description": "Área Executivo / Reassentamento", "timestamp": null, "begin": null, "end": null, "altitudeMode": null, "tessellate": -1, "extrude": 0, "visibility": -1, "drawOrder": null, "icon": null, "handle": null, "block": null, "etype": null, "space": null, "layer": null, "olinetype": null, "linetype": null, "color": null, "ocolor": null, "color24": null, "transparen": null, "lweight": null, "linewidth": null, "ltscale": null, "visible": null, "width": null, "thickness": null, "ext": null, "fid_2": 545.0, "handle_2": 5183.0, "block_2": -1.0, "etype_2": 18.0, "space_2": 0.0, "layer_2": "REINTEGRAÃ‡ÃƒO DE POSSE", "olinetype_": "BYLAYER", "linetype_2": null, "color_2": "255,127,0,254", "ocolor_2": 256.0, "color24_2": -1.0, "transpar_1": 0.0, "lweight_2": -1.0, "linewidth_": 0.09, "ltscale_2": 1.0, "visible_2": 1.0, "width_2": 0.1, "thickness_": 0.0, "ext_2": "(3:0,0,0.1)" }, "geometry": { "type": "Polygon", "coordinates": [ [ [ -46.947487, -23.0941706 ], [ -46.9473921, -23.0941291 ], [ -46.9474227, -23.0939614 ], [ -46.9475031, -23.0936781 ], [ -46.9477457, -23.0930975 ], [ -46.9477882, -23.0930225 ], [ -46.947874, -23.0930342 ], [ -46.9478124, -23.0931569 ], [ -46.9477332, -23.0933351 ], [ -46.9476729, -23.0934956 ], [ -46.947637, -23.0935917 ], [ -46.9475895, -23.0937427 ], [ -46.947524, -23.0940048 ], [ -46.947487, -23.0941706 ] ] ] } },
{ "type": "Feature", "properties": { "Name": "Área Executivo / Reassentamento", "description": "Área Executivo / Reassentamento", "timestamp": null, "begin": null, "end": null, "altitudeMode": null, "tessellate": -1, "extrude": 0, "visibility": -1, "drawOrder": null, "icon": null, "handle": null, "block": null, "etype": null, "space": null, "layer": null, "olinetype": null, "linetype": null, "color": null, "ocolor": null, "color24": null, "transparen": null, "lweight": null, "linewidth": null, "ltscale": null, "visible": null, "width": null, "thickness": null, "ext": null, "fid_2": 546.0, "handle_2": 5184.0, "block_2": -1.0, "etype_2": 18.0, "space_2": 0.0, "layer_2": "REINTEGRAÃ‡ÃƒO DE POSSE", "olinetype_": "BYLAYER", "linetype_2": null, "color_2": "255,127,0,254", "ocolor_2": 256.0, "color24_2": -1.0, "transpar_1": 0.0, "lweight_2": -1.0, "linewidth_": 0.09, "ltscale_2": 1.0, "visible_2": 1.0, "width_2": 0.1, "thickness_": 0.0, "ext_2": "(3:0,0,0.1)" }, "geometry": { "type": "Polygon", "coordinates": [ [ [ -46.9471643, -23.096821 ], [ -46.9471298, -23.0968128 ], [ -46.9472192, -23.0964261 ], [ -46.9472472, -23.0964312 ], [ -46.9472059, -23.096642 ], [ -46.9471643, -23.096821 ] ] ] } },
{ "type": "Feature", "properties": { "Name": "Área Executivo / Reassentamento", "description": "Área Executivo / Reassentamento", "timestamp": null, "begin": null, "end": null, "altitudeMode": null, "tessellate": -1, "extrude": 0, "visibility": -1, "drawOrder": null, "icon": null, "handle": null, "block": null, "etype": null, "space": null, "layer": null, "olinetype": null, "linetype": null, "color": null, "ocolor": null, "color24": null, "transparen": null, "lweight": null, "linewidth": null, "ltscale": null, "visible": null, "width": null, "thickness": null, "ext": null, "fid_2": 547.0, "handle_2": 5185.0, "block_2": -1.0, "etype_2": 18.0, "space_2": 0.0, "layer_2": "REINTEGRAÃ‡ÃƒO DE POSSE", "olinetype_": "BYLAYER", "linetype_2": null, "color_2": "255,127,0,254", "ocolor_2": 256.0, "color24_2": -1.0, "transpar_1": 0.0, "lweight_2": -1.0, "linewidth_": 0.09, "ltscale_2": 1.0, "visible_2": 1.0, "width_2": 0.1, "thickness_": 0.0, "ext_2": "(3:0,0,0.1)" }, "geometry": { "type": "Polygon", "coordinates": [ [ [ -46.8862814, -23.1783291 ], [ -46.8862493, -23.1782882 ], [ -46.88631, -23.1782476 ], [ -46.8863421, -23.178287 ], [ -46.8862814, -23.1783291 ] ] ] } },
{ "type": "Feature", "properties": { "Name": "Área Executivo / Reassentamento", "description": "Área Executivo / Reassentamento", "timestamp": null, "begin": null, "end": null, "altitudeMode": null, "tessellate": -1, "extrude": 0, "visibility": -1, "drawOrder": null, "icon": null, "handle": null, "block": null, "etype": null, "space": null, "layer": null, "olinetype": null, "linetype": null, "color": null, "ocolor": null, "color24": null, "transparen": null, "lweight": null, "linewidth": null, "ltscale": null, "visible": null, "width": null, "thickness": null, "ext": null, "fid_2": 548.0, "handle_2": 5186.0, "block_2": -1.0, "etype_2": 18.0, "space_2": 0.0, "layer_2": "REINTEGRAÃ‡ÃƒO DE POSSE", "olinetype_": "BYLAYER", "linetype_2": null, "color_2": "255,127,0,254", "ocolor_2": 256.0, "color24_2": -1.0, "transpar_1": 0.0, "lweight_2": -1.0, "linewidth_": 0.09, "ltscale_2": 1.0, "visible_2": 1.0, "width_2": 0.1, "thickness_": 0.0, "ext_2": "(3:0,0,0.1)" }, "geometry": { "type": "Polygon", "coordinates": [ [ [ -46.8918952, -23.1749378 ], [ -46.891985, -23.174905 ], [ -46.8921669, -23.1748385 ], [ -46.8926602, -23.1746581 ], [ -46.8926839, -23.1747085 ], [ -46.8919151, -23.1749849 ], [ -46.8918952, -23.1749378 ] ] ] } },
{ "type": "Feature", "properties": { "Name": "Área Executivo / Reassentamento", "description": "Área Executivo / Reassentamento", "timestamp": null, "begin": null, "end": null, "altitudeMode": null, "tessellate": -1, "extrude": 0, "visibility": -1, "drawOrder": null, "icon": null, "handle": null, "block": null, "etype": null, "space": null, "layer": null, "olinetype": null, "linetype": null, "color": null, "ocolor": null, "color24": null, "transparen": null, "lweight": null, "linewidth": null, "ltscale": null, "visible": null, "width": null, "thickness": null, "ext": null, "fid_2": 549.0, "handle_2": 5187.0, "block_2": -1.0, "etype_2": 18.0, "space_2": 0.0, "layer_2": "REINTEGRAÃ‡ÃƒO DE POSSE", "olinetype_": "BYLAYER", "linetype_2": null, "color_2": "255,127,0,254", "ocolor_2": 256.0, "color24_2": -1.0, "transpar_1": 0.0, "lweight_2": -1.0, "linewidth_": 0.09, "ltscale_2": 1.0, "visible_2": 1.0, "width_2": 0.1, "thickness_": 0.0, "ext_2": "(3:0,0,0.1)" }, "geometry": { "type": "Polygon", "coordinates": [ [ [ -46.9481863, -23.0925026 ], [ -46.94814, -23.0924839 ], [ -46.9482078, -23.0923903 ], [ -46.9482483, -23.0924148 ], [ -46.9481863, -23.0925026 ] ] ] } },
{ "type": "Feature", "properties": { "Name": "Área Executivo / Reassentamento", "description": "Área Executivo / Reassentamento", "timestamp": null, "begin": null, "end": null, "altitudeMode": null, "tessellate": -1, "extrude": 0, "visibility": -1, "drawOrder": null, "icon": null, "handle": null, "block": null, "etype": null, "space": null, "layer": null, "olinetype": null, "linetype": null, "color": null, "ocolor": null, "color24": null, "transparen": null, "lweight": null, "linewidth": null, "ltscale": null, "visible": null, "width": null, "thickness": null, "ext": null, "fid_2": 550.0, "handle_2": 5188.0, "block_2": -1.0, "etype_2": 18.0, "space_2": 0.0, "layer_2": "REINTEGRAÃ‡ÃƒO DE POSSE", "olinetype_": "BYLAYER", "linetype_2": null, "color_2": "255,127,0,254", "ocolor_2": 256.0, "color24_2": -1.0, "transpar_1": 0.0, "lweight_2": -1.0, "linewidth_": 0.09, "ltscale_2": 1.0, "visible_2": 1.0, "width_2": 0.1, "thickness_": 0.0, "ext_2": "(3:0,0,0.1)" }, "geometry": { "type": "Polygon", "coordinates": [ [ [ -46.8976261, -23.1724389 ], [ -46.8977837, -23.1722365 ], [ -46.8978343, -23.1722705 ], [ -46.8976773, -23.1724715 ], [ -46.8976261, -23.1724389 ] ] ] } },
{ "type": "Feature", "properties": { "Name": "Área Executivo / Reassentamento", "description": "Área Executivo / Reassentamento", "timestamp": null, "begin": null, "end": null, "altitudeMode": null, "tessellate": -1, "extrude": 0, "visibility": -1, "drawOrder": null, "icon": null, "handle": null, "block": null, "etype": null, "space": null, "layer": null, "olinetype": null, "linetype": null, "color": null, "ocolor": null, "color24": null, "transparen": null, "lweight": null, "linewidth": null, "ltscale": null, "visible": null, "width": null, "thickness": null, "ext": null, "fid_2": 551.0, "handle_2": 5189.0, "block_2": -1.0, "etype_2": 18.0, "space_2": 0.0, "layer_2": "REINTEGRAÃ‡ÃƒO DE POSSE", "olinetype_": "BYLAYER", "linetype_2": null, "color_2": "255,127,0,254", "ocolor_2": 256.0, "color24_2": -1.0, "transpar_1": 0.0, "lweight_2": -1.0, "linewidth_": 0.09, "ltscale_2": 1.0, "visible_2": 1.0, "width_2": 0.1, "thickness_": 0.0, "ext_2": "(3:0,0,0.1)" }, "geometry": { "type": "Polygon", "coordinates": [ [ [ -46.9003987, -23.1685564 ], [ -46.9008542, -23.1679076 ], [ -46.9009608, -23.167972 ], [ -46.9004985, -23.1686094 ], [ -46.9003987, -23.1685564 ] ] ] } },
{ "type": "Feature", "properties": { "Name": "Área Executivo / Reassentamento", "description": "Área Executivo / Reassentamento", "timestamp": null, "begin": null, "end": null, "altitudeMode": null, "tessellate": -1, "extrude": 0, "visibility": -1, "drawOrder": null, "icon": null, "handle": null, "block": null, "etype": null, "space": null, "layer": null, "olinetype": null, "linetype": null, "color": null, "ocolor": null, "color24": null, "transparen": null, "lweight": null, "linewidth": null, "ltscale": null, "visible": null, "width": null, "thickness": null, "ext": null, "fid_2": 552.0, "handle_2": 5190.0, "block_2": -1.0, "etype_2": 18.0, "space_2": 0.0, "layer_2": "REINTEGRAÃ‡ÃƒO DE POSSE", "olinetype_": "BYLAYER", "linetype_2": null, "color_2": "255,127,0,254", "ocolor_2": 256.0, "color24_2": -1.0, "transpar_1": 0.0, "lweight_2": -1.0, "linewidth_": 0.09, "ltscale_2": 1.0, "visible_2": 1.0, "width_2": 0.1, "thickness_": 0.0, "ext_2": "(3:0,0,0.1)" }, "geometry": { "type": "Polygon", "coordinates": [ [ [ -46.9261656, -23.1258275 ], [ -46.9261904, -23.1257898 ], [ -46.9262351, -23.1258167 ], [ -46.9262134, -23.1258554 ], [ -46.9261656, -23.1258275 ] ] ] } },
{ "type": "Feature", "properties": { "Name": "Área Executivo / Reassentamento", "description": "Área Executivo / Reassentamento", "timestamp": null, "begin": null, "end": null, "altitudeMode": null, "tessellate": -1, "extrude": 0, "visibility": -1, "drawOrder": null, "icon": null, "handle": null, "block": null, "etype": null, "space": null, "layer": null, "olinetype": null, "linetype": null, "color": null, "ocolor": null, "color24": null, "transparen": null, "lweight": null, "linewidth": null, "ltscale": null, "visible": null, "width": null, "thickness": null, "ext": null, "fid_2": 553.0, "handle_2": 5191.0, "block_2": -1.0, "etype_2": 18.0, "space_2": 0.0, "layer_2": "REINTEGRAÃ‡ÃƒO DE POSSE", "olinetype_": "BYLAYER", "linetype_2": null, "color_2": "255,127,0,254", "ocolor_2": 256.0, "color24_2": -1.0, "transpar_1": 0.0, "lweight_2": -1.0, "linewidth_": 0.09, "ltscale_2": 1.0, "visible_2": 1.0, "width_2": 0.1, "thickness_": 0.0, "ext_2": "(3:0,0,0.1)" }, "geometry": { "type": "Polygon", "coordinates": [ [ [ -46.931598, -23.1234679 ], [ -46.9314958, -23.1233499 ], [ -46.9316141, -23.1232913 ], [ -46.9317079, -23.12324 ], [ -46.9317634, -23.1232073 ], [ -46.9318429, -23.1233177 ], [ -46.9317902, -23.1233521 ], [ -46.931598, -23.1234679 ] ] ] } },
{ "type": "Feature", "properties": { "Name": "Área Executivo / Reassentamento", "description": "Área Executivo / Reassentamento", "timestamp": null, "begin": null, "end": null, "altitudeMode": null, "tessellate": -1, "extrude": 0, "visibility": -1, "drawOrder": null, "icon": null, "handle": null, "block": null, "etype": null, "space": null, "layer": null, "olinetype": null, "linetype": null, "color": null, "ocolor": null, "color24": null, "transparen": null, "lweight": null, "linewidth": null, "ltscale": null, "visible": null, "width": null, "thickness": null, "ext": null, "fid_2": 1003.0, "handle_2": 5657.0, "block_2": -1.0, "etype_2": 18.0, "space_2": 0.0, "layer_2": "REINTEGRAÃ‡ÃƒO DE POSSE", "olinetype_": "BYLAYER", "linetype_2": null, "color_2": "255,127,0,254", "ocolor_2": 256.0, "color24_2": -1.0, "transpar_1": 0.0, "lweight_2": -1.0, "linewidth_": 0.09, "ltscale_2": 1.0, "visible_2": 1.0, "width_2": 0.1, "thickness_": 0.0, "ext_2": "(3:0,0,0.1)" }, "geometry": { "type": "Polygon", "coordinates": [ [ [ -46.9800367, -23.0249532 ], [ -46.9801512, -23.0248586 ], [ -46.9801674, -23.0248463 ], [ -46.9802725, -23.024788 ], [ -46.9803026, -23.0248197 ], [ -46.9800787, -23.0249997 ], [ -46.9800367, -23.0249532 ] ] ] } },
{ "type": "Feature", "properties": { "Name": "Área Executivo / Reassentamento", "description": "Área Executivo / Reassentamento", "timestamp": null, "begin": null, "end": null, "altitudeMode": null, "tessellate": -1, "extrude": 0, "visibility": -1, "drawOrder": null, "icon": null, "handle": null, "block": null, "etype": null, "space": null, "layer": null, "olinetype": null, "linetype": null, "color": null, "ocolor": null, "color24": null, "transparen": null, "lweight": null, "linewidth": null, "ltscale": null, "visible": null, "width": null, "thickness": null, "ext": null, "fid_2": 1004.0, "handle_2": 5658.0, "block_2": -1.0, "etype_2": 18.0, "space_2": 0.0, "layer_2": "REINTEGRAÃ‡ÃƒO DE POSSE", "olinetype_": "BYLAYER", "linetype_2": null, "color_2": "255,127,0,254", "ocolor_2": 256.0, "color24_2": -1.0, "transpar_1": 0.0, "lweight_2": -1.0, "linewidth_": 0.09, "ltscale_2": 1.0, "visible_2": 1.0, "width_2": 0.1, "thickness_": 0.0, "ext_2": "(3:0,0,0.1)" }, "geometry": { "type": "Polygon", "coordinates": [ [ [ -46.990453, -22.983044 ], [ -46.9903963, -22.9830528 ], [ -46.9903301, -22.9826627 ], [ -46.9902977, -22.9824721 ], [ -46.990294, -22.9824482 ], [ -46.9902676, -22.9822797 ], [ -46.9902422, -22.9821176 ], [ -46.9902355, -22.9820746 ], [ -46.9902769, -22.9820686 ], [ -46.9903112, -22.9823162 ], [ -46.9903407, -22.9823938 ], [ -46.9903802, -22.9826411 ], [ -46.990453, -22.983044 ] ] ] } },
{ "type": "Feature", "properties": { "Name": "Área Executivo / Reassentamento", "description": "Área Executivo / Reassentamento", "timestamp": null, "begin": null, "end": null, "altitudeMode": null, "tessellate": -1, "extrude": 0, "visibility": -1, "drawOrder": null, "icon": null, "handle": null, "block": null, "etype": null, "space": null, "layer": null, "olinetype": null, "linetype": null, "color": null, "ocolor": null, "color24": null, "transparen": null, "lweight": null, "linewidth": null, "ltscale": null, "visible": null, "width": null, "thickness": null, "ext": null, "fid_2": 1005.0, "handle_2": 5659.0, "block_2": -1.0, "etype_2": 18.0, "space_2": 0.0, "layer_2": "REINTEGRAÃ‡ÃƒO DE POSSE", "olinetype_": "BYLAYER", "linetype_2": null, "color_2": "255,127,0,254", "ocolor_2": 256.0, "color24_2": -1.0, "transpar_1": 0.0, "lweight_2": -1.0, "linewidth_": 0.09, "ltscale_2": 1.0, "visible_2": 1.0, "width_2": 0.1, "thickness_": 0.0, "ext_2": "(3:0,0,0.1)" }, "geometry": { "type": "Polygon", "coordinates": [ [ [ -46.9898511, -22.9794757 ], [ -46.9897031, -22.9795022 ], [ -46.9896623, -22.9793355 ], [ -46.9896842, -22.9792196 ], [ -46.9896387, -22.9789789 ], [ -46.9896074, -22.9787858 ], [ -46.9895491, -22.9784134 ], [ -46.9895341, -22.9783178 ], [ -46.989582, -22.9783111 ], [ -46.9895606, -22.9781411 ], [ -46.9895305, -22.9778989 ], [ -46.9896098, -22.9778888 ], [ -46.9896786, -22.9782978 ], [ -46.9897726, -22.9788566 ], [ -46.9898511, -22.9794757 ] ] ] } },
{ "type": "Feature", "properties": { "Name": "Área Executivo / Reassentamento", "description": "Área Executivo / Reassentamento", "timestamp": null, "begin": null, "end": null, "altitudeMode": null, "tessellate": -1, "extrude": 0, "visibility": -1, "drawOrder": null, "icon": null, "handle": null, "block": null, "etype": null, "space": null, "layer": null, "olinetype": null, "linetype": null, "color": null, "ocolor": null, "color24": null, "transparen": null, "lweight": null, "linewidth": null, "ltscale": null, "visible": null, "width": null, "thickness": null, "ext": null, "fid_2": 1006.0, "handle_2": 5660.0, "block_2": -1.0, "etype_2": 18.0, "space_2": 0.0, "layer_2": "REINTEGRAÃ‡ÃƒO DE POSSE", "olinetype_": "BYLAYER", "linetype_2": null, "color_2": "255,127,0,254", "ocolor_2": 256.0, "color24_2": -1.0, "transpar_1": 0.0, "lweight_2": -1.0, "linewidth_": 0.09, "ltscale_2": 1.0, "visible_2": 1.0, "width_2": 0.1, "thickness_": 0.0, "ext_2": "(3:0,0,0.1)" }, "geometry": { "type": "Polygon", "coordinates": [ [ [ -46.9820032, -23.0191384 ], [ -46.9819422, -23.01915 ], [ -46.9819013, -23.0189611 ], [ -46.9818586, -23.0187617 ], [ -46.9818476, -23.0187463 ], [ -46.9818198, -23.0185966 ], [ -46.9817662, -23.0183383 ], [ -46.9818287, -23.0183272 ], [ -46.9819307, -23.0187387 ], [ -46.9819604, -23.0189455 ], [ -46.9820032, -23.0191384 ] ] ] } },
{ "type": "Feature", "properties": { "Name": "Área Executivo / Reassentamento", "description": "Área Executivo / Reassentamento", "timestamp": null, "begin": null, "end": null, "altitudeMode": null, "tessellate": -1, "extrude": 0, "visibility": -1, "drawOrder": null, "icon": null, "handle": null, "block": null, "etype": null, "space": null, "layer": null, "olinetype": null, "linetype": null, "color": null, "ocolor": null, "color24": null, "transparen": null, "lweight": null, "linewidth": null, "ltscale": null, "visible": null, "width": null, "thickness": null, "ext": null, "fid_2": 1007.0, "handle_2": 5661.0, "block_2": -1.0, "etype_2": 18.0, "space_2": 0.0, "layer_2": "REINTEGRAÃ‡ÃƒO DE POSSE", "olinetype_": "BYLAYER", "linetype_2": null, "color_2": "255,127,0,254", "ocolor_2": 256.0, "color24_2": -1.0, "transpar_1": 0.0, "lweight_2": -1.0, "linewidth_": 0.09, "ltscale_2": 1.0, "visible_2": 1.0, "width_2": 0.1, "thickness_": 0.0, "ext_2": "(3:0,0,0.1)" }, "geometry": { "type": "Polygon", "coordinates": [ [ [ -46.9820596, -23.0190785 ], [ -46.9819839, -23.0186811 ], [ -46.982041, -23.0186715 ], [ -46.9820457, -23.0186943 ], [ -46.9820835, -23.0188766 ], [ -46.9821125, -23.0188721 ], [ -46.9821524, -23.019061 ], [ -46.9820596, -23.0190785 ] ] ] } },
{ "type": "Feature", "properties": { "Name": "Área Executivo / Reassentamento", "description": "Área Executivo / Reassentamento", "timestamp": null, "begin": null, "end": null, "altitudeMode": null, "tessellate": -1, "extrude": 0, "visibility": -1, "drawOrder": null, "icon": null, "handle": null, "block": null, "etype": null, "space": null, "layer": null, "olinetype": null, "linetype": null, "color": null, "ocolor": null, "color24": null, "transparen": null, "lweight": null, "linewidth": null, "ltscale": null, "visible": null, "width": null, "thickness": null, "ext": null, "fid_2": 1008.0, "handle_2": 5662.0, "block_2": -1.0, "etype_2": 18.0, "space_2": 0.0, "layer_2": "REINTEGRAÃ‡ÃƒO DE POSSE", "olinetype_": "BYLAYER", "linetype_2": null, "color_2": "255,127,0,254", "ocolor_2": 256.0, "color24_2": -1.0, "transpar_1": 0.0, "lweight_2": -1.0, "linewidth_": 0.09, "ltscale_2": 1.0, "visible_2": 1.0, "width_2": 0.1, "thickness_": 0.0, "ext_2": "(3:0,0,0.1)" }, "geometry": { "type": "Polygon", "coordinates": [ [ [ -46.9894221, -22.9770516 ], [ -46.9894485, -22.9770478 ], [ -46.9894545, -22.9770809 ], [ -46.9894278, -22.977085 ], [ -46.9894221, -22.9770516 ] ] ] } },
{ "type": "Feature", "properties": { "Name": "Área Executivo / Reassentamento", "description": "Área Executivo / Reassentamento", "timestamp": null, "begin": null, "end": null, "altitudeMode": null, "tessellate": -1, "extrude": 0, "visibility": -1, "drawOrder": null, "icon": null, "handle": null, "block": null, "etype": null, "space": null, "layer": null, "olinetype": null, "linetype": null, "color": null, "ocolor": null, "color24": null, "transparen": null, "lweight": null, "linewidth": null, "ltscale": null, "visible": null, "width": null, "thickness": null, "ext": null, "fid_2": 1106.0, "handle_2": 5767.0, "block_2": -1.0, "etype_2": 18.0, "space_2": 0.0, "layer_2": "REINTEGRAÃ‡ÃƒO DE POSSE", "olinetype_": "BYLAYER", "linetype_2": null, "color_2": "255,127,0,254", "ocolor_2": 256.0, "color24_2": -1.0, "transpar_1": 0.0, "lweight_2": -1.0, "linewidth_": 0.09, "ltscale_2": 1.0, "visible_2": 1.0, "width_2": 0.1, "thickness_": 0.0, "ext_2": "(3:0,0,0.1)" }, "geometry": { "type": "Polygon", "coordinates": [ [ [ -47.0145136, -22.9315317 ], [ -47.0145227, -22.9314561 ], [ -47.0146693, -22.931453 ], [ -47.0150345, -22.9314792 ], [ -47.0151274, -22.9314767 ], [ -47.0155192, -22.9314879 ], [ -47.0159443, -22.9314817 ], [ -47.0162066, -22.9314804 ], [ -47.0170613, -22.9314917 ], [ -47.0176635, -22.931503 ], [ -47.0179563, -22.9315391 ], [ -47.0181743, -22.9315232 ], [ -47.0186855, -22.9315498 ], [ -47.018694, -22.931673 ], [ -47.0186074, -22.931639 ], [ -47.0184923, -22.931627 ], [ -47.0183751, -22.931635 ], [ -47.0181991, -22.9316312 ], [ -47.018024, -22.9316062 ], [ -47.0179619, -22.9316321 ], [ -47.0177116, -22.9316288 ], [ -47.017669, -22.9316033 ], [ -47.0171997, -22.9316007 ], [ -47.017025, -22.9315879 ], [ -47.0168213, -22.9316071 ], [ -47.0166467, -22.9315901 ], [ -47.0158573, -22.9315742 ], [ -47.0151556, -22.9315625 ], [ -47.0147405, -22.9315426 ], [ -47.0145136, -22.9315317 ] ] ] } },
{ "type": "Feature", "properties": { "Name": "Área Executivo / Reassentamento", "description": "Área Executivo / Reassentamento", "timestamp": null, "begin": null, "end": null, "altitudeMode": null, "tessellate": -1, "extrude": 0, "visibility": -1, "drawOrder": null, "icon": null, "handle": null, "block": null, "etype": null, "space": null, "layer": null, "olinetype": null, "linetype": null, "color": null, "ocolor": null, "color24": null, "transparen": null, "lweight": null, "linewidth": null, "ltscale": null, "visible": null, "width": null, "thickness": null, "ext": null, "fid_2": 1107.0, "handle_2": 5768.0, "block_2": -1.0, "etype_2": 18.0, "space_2": 0.0, "layer_2": "REINTEGRAÃ‡ÃƒO DE POSSE", "olinetype_": "BYLAYER", "linetype_2": null, "color_2": "255,127,0,255", "ocolor_2": 30.0, "color24_2": -1.0, "transpar_1": 0.0, "lweight_2": -1.0, "linewidth_": 0.09, "ltscale_2": 1.0, "visible_2": 1.0, "width_2": 0.2, "thickness_": 0.0, "ext_2": "(3:0,0,0.1)" }, "geometry": { "type": "Polygon", "coordinates": [ [ [ -47.0285742, -22.9307076 ], [ -47.0289013, -22.9307745 ], [ -47.0292046, -22.9308146 ], [ -47.0294378, -22.9308232 ], [ -47.0296417, -22.9308121 ], [ -47.0298441, -22.9307842 ], [ -47.0301002, -22.9308133 ], [ -47.0302227, -22.9308275 ], [ -47.0303371, -22.9308137 ], [ -47.0308096, -22.930673 ], [ -47.0312389, -22.9304815 ], [ -47.0312628, -22.9305233 ], [ -47.0310657, -22.9306243 ], [ -47.0308202, -22.9307227 ], [ -47.0307147, -22.93076 ], [ -47.0303967, -22.930851 ], [ -47.0296493, -22.9309391 ], [ -47.0294429, -22.9309471 ], [ -47.0289831, -22.930925 ], [ -47.0285279, -22.9308547 ], [ -47.0285742, -22.9307076 ] ] ] } },
{ "type": "Feature", "properties": { "Name": "Área Executivo / Reassentamento", "description": "Área Executivo / Reassentamento", "timestamp": null, "begin": null, "end": null, "altitudeMode": null, "tessellate": -1, "extrude": 0, "visibility": -1, "drawOrder": null, "icon": null, "handle": null, "block": null, "etype": null, "space": null, "layer": null, "olinetype": null, "linetype": null, "color": null, "ocolor": null, "color24": null, "transparen": null, "lweight": null, "linewidth": null, "ltscale": null, "visible": null, "width": null, "thickness": null, "ext": null, "fid_2": 1108.0, "handle_2": 5769.0, "block_2": -1.0, "etype_2": 18.0, "space_2": 0.0, "layer_2": "REINTEGRAÃ‡ÃƒO DE POSSE", "olinetype_": "BYLAYER", "linetype_2": null, "color_2": "255,127,0,255", "ocolor_2": 30.0, "color24_2": -1.0, "transpar_1": 0.0, "lweight_2": -1.0, "linewidth_": 0.09, "ltscale_2": 1.0, "visible_2": 1.0, "width_2": 0.2, "thickness_": 0.0, "ext_2": "(3:0,0,0.1)" }, "geometry": { "type": "Polygon", "coordinates": [ [ [ -47.0484574, -22.9220182 ], [ -47.0484408, -22.9220046 ], [ -47.048561, -22.9218808 ], [ -47.0486987, -22.9217124 ], [ -47.0487483, -22.9216743 ], [ -47.0488016, -22.9216092 ], [ -47.0488141, -22.921617 ], [ -47.048763, -22.9216851 ], [ -47.0486327, -22.9218334 ], [ -47.0486021, -22.9218659 ], [ -47.0484574, -22.9220182 ] ] ] } },
{ "type": "Feature", "properties": { "Name": "Área Executivo / Reassentamento", "description": "Área Executivo / Reassentamento", "timestamp": null, "begin": null, "end": null, "altitudeMode": null, "tessellate": -1, "extrude": 0, "visibility": -1, "drawOrder": null, "icon": null, "handle": null, "block": null, "etype": null, "space": null, "layer": null, "olinetype": null, "linetype": null, "color": null, "ocolor": null, "color24": null, "transparen": null, "lweight": null, "linewidth": null, "ltscale": null, "visible": null, "width": null, "thickness": null, "ext": null, "fid_2": 1109.0, "handle_2": 5770.0, "block_2": -1.0, "etype_2": 18.0, "space_2": 0.0, "layer_2": "REINTEGRAÃ‡ÃƒO DE POSSE", "olinetype_": "BYLAYER", "linetype_2": null, "color_2": "255,127,0,255", "ocolor_2": 30.0, "color24_2": -1.0, "transpar_1": 0.0, "lweight_2": -1.0, "linewidth_": 0.09, "ltscale_2": 1.0, "visible_2": 1.0, "width_2": 0.2, "thickness_": 0.0, "ext_2": "(3:0,0,0.1)" }, "geometry": { "type": "Polygon", "coordinates": [ [ [ -47.0540608, -22.9142533 ], [ -47.0540686, -22.9142281 ], [ -47.0545626, -22.9141863 ], [ -47.0548052, -22.9141762 ], [ -47.0548039, -22.9142099 ], [ -47.0545785, -22.9142611 ], [ -47.0544349, -22.9142544 ], [ -47.0542598, -22.9142494 ], [ -47.0540608, -22.9142533 ] ] ] } },
{ "type": "Feature", "properties": { "Name": "Área Executivo / Reassentamento", "description": "Área Executivo / Reassentamento", "timestamp": null, "begin": null, "end": null, "altitudeMode": null, "tessellate": -1, "extrude": 0, "visibility": -1, "drawOrder": null, "icon": null, "handle": null, "block": null, "etype": null, "space": null, "layer": null, "olinetype": null, "linetype": null, "color": null, "ocolor": null, "color24": null, "transparen": null, "lweight": null, "linewidth": null, "ltscale": null, "visible": null, "width": null, "thickness": null, "ext": null, "fid_2": 1110.0, "handle_2": 5771.0, "block_2": -1.0, "etype_2": 18.0, "space_2": 0.0, "layer_2": "REINTEGRAÃ‡ÃƒO DE POSSE", "olinetype_": "BYLAYER", "linetype_2": null, "color_2": "255,127,0,254", "ocolor_2": 256.0, "color24_2": -1.0, "transpar_1": 0.0, "lweight_2": -1.0, "linewidth_": 0.09, "ltscale_2": 1.0, "visible_2": 1.0, "width_2": 0.1, "thickness_": 0.0, "ext_2": "(3:0,0,0.1)" }, "geometry": { "type": "Polygon", "coordinates": [ [ [ -47.0404963, -22.9252973 ], [ -47.0406035, -22.9253342 ], [ -47.0405823, -22.9253921 ], [ -47.0404711, -22.9253571 ], [ -47.0404963, -22.9252973 ] ] ] } },
{ "type": "Feature", "properties": { "Name": "Área Executivo / Reassentamento", "description": "Área Executivo / Reassentamento", "timestamp": null, "begin": null, "end": null, "altitudeMode": null, "tessellate": -1, "extrude": 0, "visibility": -1, "drawOrder": null, "icon": null, "handle": null, "block": null, "etype": null, "space": null, "layer": null, "olinetype": null, "linetype": null, "color": null, "ocolor": null, "color24": null, "transparen": null, "lweight": null, "linewidth": null, "ltscale": null, "visible": null, "width": null, "thickness": null, "ext": null, "fid_2": 1111.0, "handle_2": 5772.0, "block_2": -1.0, "etype_2": 18.0, "space_2": 0.0, "layer_2": "REINTEGRAÃ‡ÃƒO DE POSSE", "olinetype_": "BYLAYER", "linetype_2": null, "color_2": "255,127,0,254", "ocolor_2": 256.0, "color24_2": -1.0, "transpar_1": 0.0, "lweight_2": -1.0, "linewidth_": 0.09, "ltscale_2": 1.0, "visible_2": 1.0, "width_2": 0.1, "thickness_": 0.0, "ext_2": "(3:0,0,0.1)" }, "geometry": { "type": "Polygon", "coordinates": [ [ [ -47.0581184, -22.9138636 ], [ -47.0581144, -22.9138554 ], [ -47.0582383, -22.9138033 ], [ -47.0582425, -22.9138115 ], [ -47.0581184, -22.9138636 ] ] ] } },
{ "type": "Feature", "properties": { "Name": "Área Executivo / Reassentamento", "description": "Área Executivo / Reassentamento", "timestamp": null, "begin": null, "end": null, "altitudeMode": null, "tessellate": -1, "extrude": 0, "visibility": -1, "drawOrder": null, "icon": null, "handle": null, "block": null, "etype": null, "space": null, "layer": null, "olinetype": null, "linetype": null, "color": null, "ocolor": null, "color24": null, "transparen": null, "lweight": null, "linewidth": null, "ltscale": null, "visible": null, "width": null, "thickness": null, "ext": null, "fid_2": 1112.0, "handle_2": 5773.0, "block_2": -1.0, "etype_2": 18.0, "space_2": 0.0, "layer_2": "REINTEGRAÃ‡ÃƒO DE POSSE", "olinetype_": "BYLAYER", "linetype_2": null, "color_2": "255,127,0,254", "ocolor_2": 256.0, "color24_2": -1.0, "transpar_1": 0.0, "lweight_2": -1.0, "linewidth_": 0.09, "ltscale_2": 1.0, "visible_2": 1.0, "width_2": 0.1, "thickness_": 0.0, "ext_2": "(3:0,0,0.1)" }, "geometry": { "type": "Polygon", "coordinates": [ [ [ -47.0593448, -22.9130468 ], [ -47.0593101, -22.9130229 ], [ -47.059377, -22.9129469 ], [ -47.0594242, -22.9129703 ], [ -47.0593757, -22.9130194 ], [ -47.0593448, -22.9130468 ] ] ] } },
{ "type": "Feature", "properties": { "Name": "Área Executivo / Reassentamento", "description": "Área Executivo / Reassentamento", "timestamp": null, "begin": null, "end": null, "altitudeMode": null, "tessellate": -1, "extrude": 0, "visibility": -1, "drawOrder": null, "icon": null, "handle": null, "block": null, "etype": null, "space": null, "layer": null, "olinetype": null, "linetype": null, "color": null, "ocolor": null, "color24": null, "transparen": null, "lweight": null, "linewidth": null, "ltscale": null, "visible": null, "width": null, "thickness": null, "ext": null, "fid_2": 1113.0, "handle_2": 5774.0, "block_2": -1.0, "etype_2": 18.0, "space_2": 0.0, "layer_2": "REINTEGRAÃ‡ÃƒO DE POSSE", "olinetype_": "BYLAYER", "linetype_2": null, "color_2": "255,127,0,254", "ocolor_2": 256.0, "color24_2": -1.0, "transpar_1": 0.0, "lweight_2": -1.0, "linewidth_": 0.09, "ltscale_2": 1.0, "visible_2": 1.0, "width_2": 0.1, "thickness_": 0.0, "ext_2": "(3:0,0,0.1)" }, "geometry": { "type": "Polygon", "coordinates": [ [ [ -47.0331757, -22.9280053 ], [ -47.0331422, -22.9280493 ], [ -47.0331789, -22.9278675 ], [ -47.0331372, -22.9278545 ], [ -47.0330956, -22.9278414 ], [ -47.0331106, -22.9277854 ], [ -47.0331256, -22.9277294 ], [ -47.0331543, -22.9276225 ], [ -47.0332095, -22.927417 ], [ -47.0332479, -22.9271976 ], [ -47.0332733, -22.9270417 ], [ -47.0333265, -22.9267487 ], [ -47.0333653, -22.9265326 ], [ -47.0334029, -22.9263484 ], [ -47.0334597, -22.9261404 ], [ -47.0335184, -22.9261506 ], [ -47.0335771, -22.9261609 ], [ -47.0335631, -22.9262141 ], [ -47.0335491, -22.9262673 ], [ -47.033525, -22.9263587 ], [ -47.0334729, -22.9265565 ], [ -47.0334305, -22.9267667 ], [ -47.033344, -22.9274439 ], [ -47.0333108, -22.9276506 ], [ -47.0331757, -22.9280053 ] ] ] } }
]
}
