{
  "type": "FeatureCollection",
  "name": "dados",
  "crs": {
    "type": "name",
    "properties": {
      "name": "urn:ogc:def:crs:OGC:1.3:CRS84"
    }
  },
  "features": [
    {
      "type": "Feature",
      "properties": {
        "codigo": "001",
        "nome": "",
        "municipio": "Jundiaí",
        "bairro": "Jardim Fepasa",
        "endereco": "",
        "infraestrutura_local": null,
        "padrao_ocupacao": null,
        "vias_acesso": null,
        "localizacao_lote": null,
        "greide": null,
        "topografia": null,
        "aproveitamento_uso": null,
        "mel_calcada": null,
        "mel_iluminacao": null,
        "mel_coleta_lixo": null,
        "mel_internet": null,
        "mel_esgoto": null,
        "mel_luz": null,
        "mel_fossa": null,
        "mel_pavimentacao": null,
        "mel_gas": null,
        "mel_telefone": null,
        "obs_regiao": null,
        "tamanho_edificacao": null,
        "tempo_residencia": null,
        "material_paredes": null,
        "material_cobertura": null,
        "material_piso": null,
        "agua_canalizada": null,
        "agua_proveniente": null,
        "escoadouro": null,
        "mais_uma_familia": null,
        "num_pavimentos": null,
        "pavimentos_ocupante": null,
        "num_comodos": null,
        "comodos_dormitorio": null,
        "num_banheiros": null,
        "constr_descricao": null,
        "constr_idade": null,
        "constr_estado": null,
        "constr_perimetro": null,
        "constr_area": null,
        "tipo_edificacao": null,
        "faixa_dominio": null,
        "em_desnivel": null,
        "prioridade_demo": null,
        "risco_impacto": null,
        "status": "A cadastrar",
        "classificacao_padrao": null,
        "tipo_imovel": null,
        "latitude": -23.17079688,
        "longitude": -46.89857668
      },
      "geometry": {
        "type": "Point",
        "coordinates": [
          -46.8985766799,
          -23.1707968808
        ]
      }
    },
    {
      "type": "Feature",
      "properties": {
        "codigo": "Beco",
        "nome": "",
        "municipio": "Jundiaí",
        "bairro": "Jardim Fepasa",
        "endereco": "",
        "infraestrutura_local": null,
        "padrao_ocupacao": null,
        "vias_acesso": null,
        "localizacao_lote": null,
        "greide": null,
        "topografia": null,
        "aproveitamento_uso": null,
        "mel_calcada": null,
        "mel_iluminacao": null,
        "mel_coleta_lixo": null,
        "mel_internet": null,
        "mel_esgoto": null,
        "mel_luz": null,
        "mel_fossa": null,
        "mel_pavimentacao": null,
        "mel_gas": null,
        "mel_telefone": null,
        "obs_regiao": null,
        "tamanho_edificacao": null,
        "tempo_residencia": null,
        "material_paredes": null,
        "material_cobertura": null,
        "material_piso": null,
        "agua_canalizada": null,
        "agua_proveniente": null,
        "escoadouro": null,
        "mais_uma_familia": null,
        "num_pavimentos": null,
        "pavimentos_ocupante": null,
        "num_comodos": null,
        "comodos_dormitorio": null,
        "num_banheiros": null,
        "constr_descricao": null,
        "constr_idade": null,
        "constr_estado": null,
        "constr_perimetro": null,
        "constr_area": null,
        "tipo_edificacao": null,
        "faixa_dominio": null,
        "em_desnivel": null,
        "prioridade_demo": null,
        "risco_impacto": null,
        "status": "A cadastrar",
        "classificacao_padrao": null,
        "tipo_imovel": null,
        "latitude": -23.16796961,
        "longitude": -46.90046124
      },
      "geometry": {
        "type": "Point",
        "coordinates": [
          -46.9004612375,
          -23.1679696057
        ]
      }
    },
    {
      "type": "Feature",
      "properties": {
        "codigo": "002",
        "nome": "",
        "municipio": "Jundiaí",
        "bairro": "Jardim Fepasa",
        "endereco": "",
        "infraestrutura_local": null,
        "padrao_ocupacao": null,
        "vias_acesso": null,
        "localizacao_lote": null,
        "greide": null,
        "topografia": null,
        "aproveitamento_uso": null,
        "mel_calcada": null,
        "mel_iluminacao": null,
        "mel_coleta_lixo": null,
        "mel_internet": null,
        "mel_esgoto": null,
        "mel_luz": null,
        "mel_fossa": null,
        "mel_pavimentacao": null,
        "mel_gas": null,
        "mel_telefone": null,
        "obs_regiao": null,
        "tamanho_edificacao": null,
        "tempo_residencia": null,
        "material_paredes": null,
        "material_cobertura": null,
        "material_piso": null,
        "agua_canalizada": null,
        "agua_proveniente": null,
        "escoadouro": null,
        "mais_uma_familia": null,
        "num_pavimentos": null,
        "pavimentos_ocupante": null,
        "num_comodos": null,
        "comodos_dormitorio": null,
        "num_banheiros": null,
        "constr_descricao": null,
        "constr_idade": null,
        "constr_estado": null,
        "constr_perimetro": null,
        "constr_area": null,
        "tipo_edificacao": null,
        "faixa_dominio": null,
        "em_desnivel": null,
        "prioridade_demo": null,
        "risco_impacto": null,
        "status": "A cadastrar",
        "classificacao_padrao": null,
        "tipo_imovel": null,
        "latitude": -23.17074058,
        "longitude": -46.89859096
      },
      "geometry": {
        "type": "Point",
        "coordinates": [
          -46.8985909604,
          -23.1707405822
        ]
      }
    },
    {
      "type": "Feature",
      "properties": {
        "codigo": "casa 1003",
        "nome": "",
        "municipio": "Jundiaí",
        "bairro": "Jardim Fepasa",
        "endereco": "",
        "infraestrutura_local": null,
        "padrao_ocupacao": null,
        "vias_acesso": null,
        "localizacao_lote": null,
        "greide": null,
        "topografia": null,
        "aproveitamento_uso": null,
        "mel_calcada": null,
        "mel_iluminacao": null,
        "mel_coleta_lixo": null,
        "mel_internet": null,
        "mel_esgoto": null,
        "mel_luz": null,
        "mel_fossa": null,
        "mel_pavimentacao": null,
        "mel_gas": null,
        "mel_telefone": null,
        "obs_regiao": null,
        "tamanho_edificacao": null,
        "tempo_residencia": null,
        "material_paredes": null,
        "material_cobertura": null,
        "material_piso": null,
        "agua_canalizada": null,
        "agua_proveniente": null,
        "escoadouro": null,
        "mais_uma_familia": null,
        "num_pavimentos": null,
        "pavimentos_ocupante": null,
        "num_comodos": null,
        "comodos_dormitorio": null,
        "num_banheiros": null,
        "constr_descricao": null,
        "constr_idade": null,
        "constr_estado": null,
        "constr_perimetro": null,
        "constr_area": null,
        "tipo_edificacao": null,
        "faixa_dominio": null,
        "em_desnivel": null,
        "prioridade_demo": null,
        "risco_impacto": null,
        "status": "A cadastrar",
        "classificacao_padrao": null,
        "tipo_imovel": null,
        "latitude": -23.1682537,
        "longitude": -46.90026283
      },
      "geometry": {
        "type": "Point",
        "coordinates": [
          -46.9002628347,
          -23.1682537023
        ]
      }
    },
    {
      "type": "Feature",
      "properties": {
        "codigo": "casa 1009",
        "nome": "",
        "municipio": "Jundiaí",
        "bairro": "Jardim Fepasa",
        "endereco": "",
        "infraestrutura_local": null,
        "padrao_ocupacao": null,
        "vias_acesso": null,
        "localizacao_lote": null,
        "greide": null,
        "topografia": null,
        "aproveitamento_uso": null,
        "mel_calcada": null,
        "mel_iluminacao": null,
        "mel_coleta_lixo": null,
        "mel_internet": null,
        "mel_esgoto": null,
        "mel_luz": null,
        "mel_fossa": null,
        "mel_pavimentacao": null,
        "mel_gas": null,
        "mel_telefone": null,
        "obs_regiao": null,
        "tamanho_edificacao": null,
        "tempo_residencia": null,
        "material_paredes": null,
        "material_cobertura": null,
        "material_piso": null,
        "agua_canalizada": null,
        "agua_proveniente": null,
        "escoadouro": null,
        "mais_uma_familia": null,
        "num_pavimentos": null,
        "pavimentos_ocupante": null,
        "num_comodos": null,
        "comodos_dormitorio": null,
        "num_banheiros": null,
        "constr_descricao": null,
        "constr_idade": null,
        "constr_estado": null,
        "constr_perimetro": null,
        "constr_area": null,
        "tipo_edificacao": null,
        "faixa_dominio": null,
        "em_desnivel": null,
        "prioridade_demo": null,
        "risco_impacto": null,
        "status": "A cadastrar",
        "classificacao_padrao": null,
        "tipo_imovel": null,
        "latitude": -23.16822827,
        "longitude": -46.9002804
      },
      "geometry": {
        "type": "Point",
        "coordinates": [
          -46.9002804022,
          -23.1682282687
        ]
      }
    },
    {
      "type": "Feature",
      "properties": {
        "codigo": "casa 1015",
        "nome": "",
        "municipio": "Jundiaí",
        "bairro": "Jardim Fepasa",
        "endereco": "",
        "infraestrutura_local": null,
        "padrao_ocupacao": null,
        "vias_acesso": null,
        "localizacao_lote": null,
        "greide": null,
        "topografia": null,
        "aproveitamento_uso": null,
        "mel_calcada": null,
        "mel_iluminacao": null,
        "mel_coleta_lixo": null,
        "mel_internet": null,
        "mel_esgoto": null,
        "mel_luz": null,
        "mel_fossa": null,
        "mel_pavimentacao": null,
        "mel_gas": null,
        "mel_telefone": null,
        "obs_regiao": null,
        "tamanho_edificacao": null,
        "tempo_residencia": null,
        "material_paredes": null,
        "material_cobertura": null,
        "material_piso": null,
        "agua_canalizada": null,
        "agua_proveniente": null,
        "escoadouro": null,
        "mais_uma_familia": null,
        "num_pavimentos": null,
        "pavimentos_ocupante": null,
        "num_comodos": null,
        "comodos_dormitorio": null,
        "num_banheiros": null,
        "constr_descricao": null,
        "constr_idade": null,
        "constr_estado": null,
        "constr_perimetro": null,
        "constr_area": null,
        "tipo_edificacao": null,
        "faixa_dominio": null,
        "em_desnivel": null,
        "prioridade_demo": null,
        "risco_impacto": null,
        "status": "A cadastrar",
        "classificacao_padrao": null,
        "tipo_imovel": null,
        "latitude": -23.16820361,
        "longitude": -46.90029741
      },
      "geometry": {
        "type": "Point",
        "coordinates": [
          -46.9002974134,
          -23.1682036077
        ]
      }
    },
    {
      "type": "Feature",
      "properties": {
        "codigo": "casa 1021",
        "nome": "",
        "municipio": "Jundiaí",
        "bairro": "Jardim Fepasa",
        "endereco": "",
        "infraestrutura_local": null,
        "padrao_ocupacao": null,
        "vias_acesso": null,
        "localizacao_lote": null,
        "greide": null,
        "topografia": null,
        "aproveitamento_uso": null,
        "mel_calcada": null,
        "mel_iluminacao": null,
        "mel_coleta_lixo": null,
        "mel_internet": null,
        "mel_esgoto": null,
        "mel_luz": null,
        "mel_fossa": null,
        "mel_pavimentacao": null,
        "mel_gas": null,
        "mel_telefone": null,
        "obs_regiao": null,
        "tamanho_edificacao": null,
        "tempo_residencia": null,
        "material_paredes": null,
        "material_cobertura": null,
        "material_piso": null,
        "agua_canalizada": null,
        "agua_proveniente": null,
        "escoadouro": null,
        "mais_uma_familia": null,
        "num_pavimentos": null,
        "pavimentos_ocupante": null,
        "num_comodos": null,
        "comodos_dormitorio": null,
        "num_banheiros": null,
        "constr_descricao": null,
        "constr_idade": null,
        "constr_estado": null,
        "constr_perimetro": null,
        "constr_area": null,
        "tipo_edificacao": null,
        "faixa_dominio": null,
        "em_desnivel": null,
        "prioridade_demo": null,
        "risco_impacto": null,
        "status": "A cadastrar",
        "classificacao_padrao": null,
        "tipo_imovel": null,
        "latitude": -23.16817333,
        "longitude": -46.90031917
      },
      "geometry": {
        "type": "Point",
        "coordinates": [
          -46.900319167,
          -23.1681733281
        ]
      }
    },
    {
      "type": "Feature",
      "properties": {
        "codigo": "casa 1027",
        "nome": "",
        "municipio": "Jundiaí",
        "bairro": "Jardim Fepasa",
        "endereco": "",
        "infraestrutura_local": null,
        "padrao_ocupacao": null,
        "vias_acesso": null,
        "localizacao_lote": null,
        "greide": null,
        "topografia": null,
        "aproveitamento_uso": null,
        "mel_calcada": null,
        "mel_iluminacao": null,
        "mel_coleta_lixo": null,
        "mel_internet": null,
        "mel_esgoto": null,
        "mel_luz": null,
        "mel_fossa": null,
        "mel_pavimentacao": null,
        "mel_gas": null,
        "mel_telefone": null,
        "obs_regiao": null,
        "tamanho_edificacao": null,
        "tempo_residencia": null,
        "material_paredes": null,
        "material_cobertura": null,
        "material_piso": null,
        "agua_canalizada": null,
        "agua_proveniente": null,
        "escoadouro": null,
        "mais_uma_familia": null,
        "num_pavimentos": null,
        "pavimentos_ocupante": null,
        "num_comodos": null,
        "comodos_dormitorio": null,
        "num_banheiros": null,
        "constr_descricao": null,
        "constr_idade": null,
        "constr_estado": null,
        "constr_perimetro": null,
        "constr_area": null,
        "tipo_edificacao": null,
        "faixa_dominio": null,
        "em_desnivel": null,
        "prioridade_demo": null,
        "risco_impacto": null,
        "status": "A cadastrar",
        "classificacao_padrao": null,
        "tipo_imovel": null,
        "latitude": -23.16813742,
        "longitude": -46.90034434
      },
      "geometry": {
        "type": "Point",
        "coordinates": [
          -46.9003443405,
          -23.1681374152
        ]
      }
    },
    {
      "type": "Feature",
      "properties": {
        "codigo": "casa 1033",
        "nome": "",
        "municipio": "Jundiaí",
        "bairro": "Jardim Fepasa",
        "endereco": "",
        "infraestrutura_local": null,
        "padrao_ocupacao": null,
        "vias_acesso": null,
        "localizacao_lote": null,
        "greide": null,
        "topografia": null,
        "aproveitamento_uso": null,
        "mel_calcada": null,
        "mel_iluminacao": null,
        "mel_coleta_lixo": null,
        "mel_internet": null,
        "mel_esgoto": null,
        "mel_luz": null,
        "mel_fossa": null,
        "mel_pavimentacao": null,
        "mel_gas": null,
        "mel_telefone": null,
        "obs_regiao": null,
        "tamanho_edificacao": null,
        "tempo_residencia": null,
        "material_paredes": null,
        "material_cobertura": null,
        "material_piso": null,
        "agua_canalizada": null,
        "agua_proveniente": null,
        "escoadouro": null,
        "mais_uma_familia": null,
        "num_pavimentos": null,
        "pavimentos_ocupante": null,
        "num_comodos": null,
        "comodos_dormitorio": null,
        "num_banheiros": null,
        "constr_descricao": null,
        "constr_idade": null,
        "constr_estado": null,
        "constr_perimetro": null,
        "constr_area": null,
        "tipo_edificacao": null,
        "faixa_dominio": null,
        "em_desnivel": null,
        "prioridade_demo": null,
        "risco_impacto": null,
        "status": "A cadastrar",
        "classificacao_padrao": null,
        "tipo_imovel": null,
        "latitude": -23.16810259,
        "longitude": -46.90036878
      },
      "geometry": {
        "type": "Point",
        "coordinates": [
          -46.900368782,
          -23.1681025872
        ]
      }
    },
    {
      "type": "Feature",
      "properties": {
        "codigo": "casa 1039",
        "nome": "",
        "municipio": "Jundiaí",
        "bairro": "Jardim Fepasa",
        "endereco": "",
        "infraestrutura_local": null,
        "padrao_ocupacao": null,
        "vias_acesso": null,
        "localizacao_lote": null,
        "greide": null,
        "topografia": null,
        "aproveitamento_uso": null,
        "mel_calcada": null,
        "mel_iluminacao": null,
        "mel_coleta_lixo": null,
        "mel_internet": null,
        "mel_esgoto": null,
        "mel_luz": null,
        "mel_fossa": null,
        "mel_pavimentacao": null,
        "mel_gas": null,
        "mel_telefone": null,
        "obs_regiao": null,
        "tamanho_edificacao": null,
        "tempo_residencia": null,
        "material_paredes": null,
        "material_cobertura": null,
        "material_piso": null,
        "agua_canalizada": null,
        "agua_proveniente": null,
        "escoadouro": null,
        "mais_uma_familia": null,
        "num_pavimentos": null,
        "pavimentos_ocupante": null,
        "num_comodos": null,
        "comodos_dormitorio": null,
        "num_banheiros": null,
        "constr_descricao": null,
        "constr_idade": null,
        "constr_estado": null,
        "constr_perimetro": null,
        "constr_area": null,
        "tipo_edificacao": null,
        "faixa_dominio": null,
        "em_desnivel": null,
        "prioridade_demo": null,
        "risco_impacto": null,
        "status": "A cadastrar",
        "classificacao_padrao": null,
        "tipo_imovel": null,
        "latitude": -23.16807595,
        "longitude": -46.90038655
      },
      "geometry": {
        "type": "Point",
        "coordinates": [
          -46.9003865479,
          -23.1680759487
        ]
      }
    },
    {
      "type": "Feature",
      "properties": {
        "codigo": "casa 1045",
        "nome": "",
        "municipio": "Jundiaí",
        "bairro": "Jardim Fepasa",
        "endereco": "",
        "infraestrutura_local": null,
        "padrao_ocupacao": null,
        "vias_acesso": null,
        "localizacao_lote": null,
        "greide": null,
        "topografia": null,
        "aproveitamento_uso": null,
        "mel_calcada": null,
        "mel_iluminacao": null,
        "mel_coleta_lixo": null,
        "mel_internet": null,
        "mel_esgoto": null,
        "mel_luz": null,
        "mel_fossa": null,
        "mel_pavimentacao": null,
        "mel_gas": null,
        "mel_telefone": null,
        "obs_regiao": null,
        "tamanho_edificacao": null,
        "tempo_residencia": null,
        "material_paredes": null,
        "material_cobertura": null,
        "material_piso": null,
        "agua_canalizada": null,
        "agua_proveniente": null,
        "escoadouro": null,
        "mais_uma_familia": null,
        "num_pavimentos": null,
        "pavimentos_ocupante": null,
        "num_comodos": null,
        "comodos_dormitorio": null,
        "num_banheiros": null,
        "constr_descricao": null,
        "constr_idade": null,
        "constr_estado": null,
        "constr_perimetro": null,
        "constr_area": null,
        "tipo_edificacao": null,
        "faixa_dominio": null,
        "em_desnivel": null,
        "prioridade_demo": null,
        "risco_impacto": null,
        "status": "A cadastrar",
        "classificacao_padrao": null,
        "tipo_imovel": null,
        "latitude": -23.16804965,
        "longitude": -46.90040536
      },
      "geometry": {
        "type": "Point",
        "coordinates": [
          -46.9004053561,
          -23.1680496549
        ]
      }
    },
    {
      "type": "Feature",
      "properties": {
        "codigo": "casa 1051",
        "nome": "",
        "municipio": "Jundiaí",
        "bairro": "Jardim Fepasa",
        "endereco": "",
        "infraestrutura_local": null,
        "padrao_ocupacao": null,
        "vias_acesso": null,
        "localizacao_lote": null,
        "greide": null,
        "topografia": null,
        "aproveitamento_uso": null,
        "mel_calcada": null,
        "mel_iluminacao": null,
        "mel_coleta_lixo": null,
        "mel_internet": null,
        "mel_esgoto": null,
        "mel_luz": null,
        "mel_fossa": null,
        "mel_pavimentacao": null,
        "mel_gas": null,
        "mel_telefone": null,
        "obs_regiao": null,
        "tamanho_edificacao": null,
        "tempo_residencia": null,
        "material_paredes": null,
        "material_cobertura": null,
        "material_piso": null,
        "agua_canalizada": null,
        "agua_proveniente": null,
        "escoadouro": null,
        "mais_uma_familia": null,
        "num_pavimentos": null,
        "pavimentos_ocupante": null,
        "num_comodos": null,
        "comodos_dormitorio": null,
        "num_banheiros": null,
        "constr_descricao": null,
        "constr_idade": null,
        "constr_estado": null,
        "constr_perimetro": null,
        "constr_area": null,
        "tipo_edificacao": null,
        "faixa_dominio": null,
        "em_desnivel": null,
        "prioridade_demo": null,
        "risco_impacto": null,
        "status": "A cadastrar",
        "classificacao_padrao": null,
        "tipo_imovel": null,
        "latitude": -23.16802415,
        "longitude": -46.90042335
      },
      "geometry": {
        "type": "Point",
        "coordinates": [
          -46.9004233507,
          -23.1680241545
        ]
      }
    },
    {
      "type": "Feature",
      "properties": {
        "codigo": "casa 1057",
        "nome": "",
        "municipio": "Jundiaí",
        "bairro": "Jardim Fepasa",
        "endereco": "",
        "infraestrutura_local": null,
        "padrao_ocupacao": null,
        "vias_acesso": null,
        "localizacao_lote": null,
        "greide": null,
        "topografia": null,
        "aproveitamento_uso": null,
        "mel_calcada": null,
        "mel_iluminacao": null,
        "mel_coleta_lixo": null,
        "mel_internet": null,
        "mel_esgoto": null,
        "mel_luz": null,
        "mel_fossa": null,
        "mel_pavimentacao": null,
        "mel_gas": null,
        "mel_telefone": null,
        "obs_regiao": null,
        "tamanho_edificacao": null,
        "tempo_residencia": null,
        "material_paredes": null,
        "material_cobertura": null,
        "material_piso": null,
        "agua_canalizada": null,
        "agua_proveniente": null,
        "escoadouro": null,
        "mais_uma_familia": null,
        "num_pavimentos": null,
        "pavimentos_ocupante": null,
        "num_comodos": null,
        "comodos_dormitorio": null,
        "num_banheiros": null,
        "constr_descricao": null,
        "constr_idade": null,
        "constr_estado": null,
        "constr_perimetro": null,
        "constr_area": null,
        "tipo_edificacao": null,
        "faixa_dominio": null,
        "em_desnivel": null,
        "prioridade_demo": null,
        "risco_impacto": null,
        "status": "A cadastrar",
        "classificacao_padrao": null,
        "tipo_imovel": null,
        "latitude": -23.16799693,
        "longitude": -46.90044196
      },
      "geometry": {
        "type": "Point",
        "coordinates": [
          -46.9004419608,
          -23.1679969309
        ]
      }
    },
    {
      "type": "Feature",
      "properties": {
        "codigo": "casa 1063",
        "nome": "",
        "municipio": "Jundiaí",
        "bairro": "Jardim Fepasa",
        "endereco": "",
        "infraestrutura_local": null,
        "padrao_ocupacao": null,
        "vias_acesso": null,
        "localizacao_lote": null,
        "greide": null,
        "topografia": null,
        "aproveitamento_uso": null,
        "mel_calcada": null,
        "mel_iluminacao": null,
        "mel_coleta_lixo": null,
        "mel_internet": null,
        "mel_esgoto": null,
        "mel_luz": null,
        "mel_fossa": null,
        "mel_pavimentacao": null,
        "mel_gas": null,
        "mel_telefone": null,
        "obs_regiao": null,
        "tamanho_edificacao": null,
        "tempo_residencia": null,
        "material_paredes": null,
        "material_cobertura": null,
        "material_piso": null,
        "agua_canalizada": null,
        "agua_proveniente": null,
        "escoadouro": null,
        "mais_uma_familia": null,
        "num_pavimentos": null,
        "pavimentos_ocupante": null,
        "num_comodos": null,
        "comodos_dormitorio": null,
        "num_banheiros": null,
        "constr_descricao": null,
        "constr_idade": null,
        "constr_estado": null,
        "constr_perimetro": null,
        "constr_area": null,
        "tipo_edificacao": null,
        "faixa_dominio": null,
        "em_desnivel": null,
        "prioridade_demo": null,
        "risco_impacto": null,
        "status": "A cadastrar",
        "classificacao_padrao": null,
        "tipo_imovel": null,
        "latitude": -23.16795264,
        "longitude": -46.90047244
      },
      "geometry": {
        "type": "Point",
        "coordinates": [
          -46.9004724431,
          -23.16795264
        ]
      }
    },
    {
      "type": "Feature",
      "properties": {
        "codigo": "casa 1069",
        "nome": "",
        "municipio": "Jundiaí",
        "bairro": "Jardim Fepasa",
        "endereco": "",
        "infraestrutura_local": null,
        "padrao_ocupacao": null,
        "vias_acesso": null,
        "localizacao_lote": null,
        "greide": null,
        "topografia": null,
        "aproveitamento_uso": null,
        "mel_calcada": null,
        "mel_iluminacao": null,
        "mel_coleta_lixo": null,
        "mel_internet": null,
        "mel_esgoto": null,
        "mel_luz": null,
        "mel_fossa": null,
        "mel_pavimentacao": null,
        "mel_gas": null,
        "mel_telefone": null,
        "obs_regiao": null,
        "tamanho_edificacao": null,
        "tempo_residencia": null,
        "material_paredes": null,
        "material_cobertura": null,
        "material_piso": null,
        "agua_canalizada": null,
        "agua_proveniente": null,
        "escoadouro": null,
        "mais_uma_familia": null,
        "num_pavimentos": null,
        "pavimentos_ocupante": null,
        "num_comodos": null,
        "comodos_dormitorio": null,
        "num_banheiros": null,
        "constr_descricao": null,
        "constr_idade": null,
        "constr_estado": null,
        "constr_perimetro": null,
        "constr_area": null,
        "tipo_edificacao": null,
        "faixa_dominio": null,
        "em_desnivel": null,
        "prioridade_demo": null,
        "risco_impacto": null,
        "status": "A cadastrar",
        "classificacao_padrao": null,
        "tipo_imovel": null,
        "latitude": -23.16792397,
        "longitude": -46.90049193
      },
      "geometry": {
        "type": "Point",
        "coordinates": [
          -46.9004919289,
          -23.167923973
        ]
      }
    },
    {
      "type": "Feature",
      "properties": {
        "codigo": "casa 1075",
        "nome": "",
        "municipio": "Jundiaí",
        "bairro": "Jardim Fepasa",
        "endereco": "",
        "infraestrutura_local": null,
        "padrao_ocupacao": null,
        "vias_acesso": null,
        "localizacao_lote": null,
        "greide": null,
        "topografia": null,
        "aproveitamento_uso": null,
        "mel_calcada": null,
        "mel_iluminacao": null,
        "mel_coleta_lixo": null,
        "mel_internet": null,
        "mel_esgoto": null,
        "mel_luz": null,
        "mel_fossa": null,
        "mel_pavimentacao": null,
        "mel_gas": null,
        "mel_telefone": null,
        "obs_regiao": null,
        "tamanho_edificacao": null,
        "tempo_residencia": null,
        "material_paredes": null,
        "material_cobertura": null,
        "material_piso": null,
        "agua_canalizada": null,
        "agua_proveniente": null,
        "escoadouro": null,
        "mais_uma_familia": null,
        "num_pavimentos": null,
        "pavimentos_ocupante": null,
        "num_comodos": null,
        "comodos_dormitorio": null,
        "num_banheiros": null,
        "constr_descricao": null,
        "constr_idade": null,
        "constr_estado": null,
        "constr_perimetro": null,
        "constr_area": null,
        "tipo_edificacao": null,
        "faixa_dominio": null,
        "em_desnivel": null,
        "prioridade_demo": null,
        "risco_impacto": null,
        "status": "A cadastrar",
        "classificacao_padrao": null,
        "tipo_imovel": null,
        "latitude": -23.16789877,
        "longitude": -46.90050953
      },
      "geometry": {
        "type": "Point",
        "coordinates": [
          -46.9005095263,
          -23.1678987672
        ]
      }
    },
    {
      "type": "Feature",
      "properties": {
        "codigo": "casa 1081",
        "nome": "",
        "municipio": "Jundiaí",
        "bairro": "Jardim Fepasa",
        "endereco": "",
        "infraestrutura_local": null,
        "padrao_ocupacao": null,
        "vias_acesso": null,
        "localizacao_lote": null,
        "greide": null,
        "topografia": null,
        "aproveitamento_uso": null,
        "mel_calcada": null,
        "mel_iluminacao": null,
        "mel_coleta_lixo": null,
        "mel_internet": null,
        "mel_esgoto": null,
        "mel_luz": null,
        "mel_fossa": null,
        "mel_pavimentacao": null,
        "mel_gas": null,
        "mel_telefone": null,
        "obs_regiao": null,
        "tamanho_edificacao": null,
        "tempo_residencia": null,
        "material_paredes": null,
        "material_cobertura": null,
        "material_piso": null,
        "agua_canalizada": null,
        "agua_proveniente": null,
        "escoadouro": null,
        "mais_uma_familia": null,
        "num_pavimentos": null,
        "pavimentos_ocupante": null,
        "num_comodos": null,
        "comodos_dormitorio": null,
        "num_banheiros": null,
        "constr_descricao": null,
        "constr_idade": null,
        "constr_estado": null,
        "constr_perimetro": null,
        "constr_area": null,
        "tipo_edificacao": null,
        "faixa_dominio": null,
        "em_desnivel": null,
        "prioridade_demo": null,
        "risco_impacto": null,
        "status": "A cadastrar",
        "classificacao_padrao": null,
        "tipo_imovel": null,
        "latitude": -23.16787462,
        "longitude": -46.90052631
      },
      "geometry": {
        "type": "Point",
        "coordinates": [
          -46.9005263109,
          -23.1678746217
        ]
      }
    },
    {
      "type": "Feature",
      "properties": {
        "codigo": "casa 1087",
        "nome": "",
        "municipio": "Jundiaí",
        "bairro": "Jardim Fepasa",
        "endereco": "",
        "infraestrutura_local": null,
        "padrao_ocupacao": null,
        "vias_acesso": null,
        "localizacao_lote": null,
        "greide": null,
        "topografia": null,
        "aproveitamento_uso": null,
        "mel_calcada": null,
        "mel_iluminacao": null,
        "mel_coleta_lixo": null,
        "mel_internet": null,
        "mel_esgoto": null,
        "mel_luz": null,
        "mel_fossa": null,
        "mel_pavimentacao": null,
        "mel_gas": null,
        "mel_telefone": null,
        "obs_regiao": null,
        "tamanho_edificacao": null,
        "tempo_residencia": null,
        "material_paredes": null,
        "material_cobertura": null,
        "material_piso": null,
        "agua_canalizada": null,
        "agua_proveniente": null,
        "escoadouro": null,
        "mais_uma_familia": null,
        "num_pavimentos": null,
        "pavimentos_ocupante": null,
        "num_comodos": null,
        "comodos_dormitorio": null,
        "num_banheiros": null,
        "constr_descricao": null,
        "constr_idade": null,
        "constr_estado": null,
        "constr_perimetro": null,
        "constr_area": null,
        "tipo_edificacao": null,
        "faixa_dominio": null,
        "em_desnivel": null,
        "prioridade_demo": null,
        "risco_impacto": null,
        "status": "A cadastrar",
        "classificacao_padrao": null,
        "tipo_imovel": null,
        "latitude": -23.16784833,
        "longitude": -46.90054516
      },
      "geometry": {
        "type": "Point",
        "coordinates": [
          -46.9005451593,
          -23.1678483349
        ]
      }
    },
    {
      "type": "Feature",
      "properties": {
        "codigo": "casa 1093",
        "nome": "",
        "municipio": "Jundiaí",
        "bairro": "Jardim Fepasa",
        "endereco": "",
        "infraestrutura_local": null,
        "padrao_ocupacao": null,
        "vias_acesso": null,
        "localizacao_lote": null,
        "greide": null,
        "topografia": null,
        "aproveitamento_uso": null,
        "mel_calcada": null,
        "mel_iluminacao": null,
        "mel_coleta_lixo": null,
        "mel_internet": null,
        "mel_esgoto": null,
        "mel_luz": null,
        "mel_fossa": null,
        "mel_pavimentacao": null,
        "mel_gas": null,
        "mel_telefone": null,
        "obs_regiao": null,
        "tamanho_edificacao": null,
        "tempo_residencia": null,
        "material_paredes": null,
        "material_cobertura": null,
        "material_piso": null,
        "agua_canalizada": null,
        "agua_proveniente": null,
        "escoadouro": null,
        "mais_uma_familia": null,
        "num_pavimentos": null,
        "pavimentos_ocupante": null,
        "num_comodos": null,
        "comodos_dormitorio": null,
        "num_banheiros": null,
        "constr_descricao": null,
        "constr_idade": null,
        "constr_estado": null,
        "constr_perimetro": null,
        "constr_area": null,
        "tipo_edificacao": null,
        "faixa_dominio": null,
        "em_desnivel": null,
        "prioridade_demo": null,
        "risco_impacto": null,
        "status": "A cadastrar",
        "classificacao_padrao": null,
        "tipo_imovel": null,
        "latitude": -23.16782148,
        "longitude": -46.90055998
      },
      "geometry": {
        "type": "Point",
        "coordinates": [
          -46.900559981,
          -23.1678214765
        ]
      }
    },
    {
      "type": "Feature",
      "properties": {
        "codigo": "casa 577",
        "nome": "",
        "municipio": "Jundiaí",
        "bairro": "Jardim Fepasa",
        "endereco": "",
        "infraestrutura_local": null,
        "padrao_ocupacao": null,
        "vias_acesso": null,
        "localizacao_lote": null,
        "greide": null,
        "topografia": null,
        "aproveitamento_uso": null,
        "mel_calcada": null,
        "mel_iluminacao": null,
        "mel_coleta_lixo": null,
        "mel_internet": null,
        "mel_esgoto": null,
        "mel_luz": null,
        "mel_fossa": null,
        "mel_pavimentacao": null,
        "mel_gas": null,
        "mel_telefone": null,
        "obs_regiao": null,
        "tamanho_edificacao": null,
        "tempo_residencia": null,
        "material_paredes": null,
        "material_cobertura": null,
        "material_piso": null,
        "agua_canalizada": null,
        "agua_proveniente": null,
        "escoadouro": null,
        "mais_uma_familia": null,
        "num_pavimentos": null,
        "pavimentos_ocupante": null,
        "num_comodos": null,
        "comodos_dormitorio": null,
        "num_banheiros": null,
        "constr_descricao": null,
        "constr_idade": null,
        "constr_estado": null,
        "constr_perimetro": null,
        "constr_area": null,
        "tipo_edificacao": null,
        "faixa_dominio": null,
        "em_desnivel": null,
        "prioridade_demo": null,
        "risco_impacto": null,
        "status": "A cadastrar",
        "classificacao_padrao": null,
        "tipo_imovel": null,
        "latitude": -23.17064325,
        "longitude": -46.89861875
      },
      "geometry": {
        "type": "Point",
        "coordinates": [
          -46.8986187539,
          -23.1706432516
        ]
      }
    },
    {
      "type": "Feature",
      "properties": {
        "codigo": "casa 583",
        "nome": "",
        "municipio": "Jundiaí",
        "bairro": "Jardim Fepasa",
        "endereco": "",
        "infraestrutura_local": null,
        "padrao_ocupacao": null,
        "vias_acesso": null,
        "localizacao_lote": null,
        "greide": null,
        "topografia": null,
        "aproveitamento_uso": null,
        "mel_calcada": null,
        "mel_iluminacao": null,
        "mel_coleta_lixo": null,
        "mel_internet": null,
        "mel_esgoto": null,
        "mel_luz": null,
        "mel_fossa": null,
        "mel_pavimentacao": null,
        "mel_gas": null,
        "mel_telefone": null,
        "obs_regiao": null,
        "tamanho_edificacao": null,
        "tempo_residencia": null,
        "material_paredes": null,
        "material_cobertura": null,
        "material_piso": null,
        "agua_canalizada": null,
        "agua_proveniente": null,
        "escoadouro": null,
        "mais_uma_familia": null,
        "num_pavimentos": null,
        "pavimentos_ocupante": null,
        "num_comodos": null,
        "comodos_dormitorio": null,
        "num_banheiros": null,
        "constr_descricao": null,
        "constr_idade": null,
        "constr_estado": null,
        "constr_perimetro": null,
        "constr_area": null,
        "tipo_edificacao": null,
        "faixa_dominio": null,
        "em_desnivel": null,
        "prioridade_demo": null,
        "risco_impacto": null,
        "status": "A cadastrar",
        "classificacao_padrao": null,
        "tipo_imovel": null,
        "latitude": -23.17059053,
        "longitude": -46.89864037
      },
      "geometry": {
        "type": "Point",
        "coordinates": [
          -46.8986403715,
          -23.1705905262
        ]
      }
    },
    {
      "type": "Feature",
      "properties": {
        "codigo": "casa 589",
        "nome": "",
        "municipio": "Jundiaí",
        "bairro": "Jardim Fepasa",
        "endereco": "",
        "infraestrutura_local": null,
        "padrao_ocupacao": null,
        "vias_acesso": null,
        "localizacao_lote": null,
        "greide": null,
        "topografia": null,
        "aproveitamento_uso": null,
        "mel_calcada": null,
        "mel_iluminacao": null,
        "mel_coleta_lixo": null,
        "mel_internet": null,
        "mel_esgoto": null,
        "mel_luz": null,
        "mel_fossa": null,
        "mel_pavimentacao": null,
        "mel_gas": null,
        "mel_telefone": null,
        "obs_regiao": null,
        "tamanho_edificacao": null,
        "tempo_residencia": null,
        "material_paredes": null,
        "material_cobertura": null,
        "material_piso": null,
        "agua_canalizada": null,
        "agua_proveniente": null,
        "escoadouro": null,
        "mais_uma_familia": null,
        "num_pavimentos": null,
        "pavimentos_ocupante": null,
        "num_comodos": null,
        "comodos_dormitorio": null,
        "num_banheiros": null,
        "constr_descricao": null,
        "constr_idade": null,
        "constr_estado": null,
        "constr_perimetro": null,
        "constr_area": null,
        "tipo_edificacao": null,
        "faixa_dominio": null,
        "em_desnivel": null,
        "prioridade_demo": null,
        "risco_impacto": null,
        "status": "A cadastrar",
        "classificacao_padrao": null,
        "tipo_imovel": null,
        "latitude": -23.17052755,
        "longitude": -46.89865864
      },
      "geometry": {
        "type": "Point",
        "coordinates": [
          -46.8986586446,
          -23.1705275478
        ]
      }
    },
    {
      "type": "Feature",
      "properties": {
        "codigo": "casa 595",
        "nome": "",
        "municipio": "Jundiaí",
        "bairro": "Jardim Fepasa",
        "endereco": "",
        "infraestrutura_local": null,
        "padrao_ocupacao": null,
        "vias_acesso": null,
        "localizacao_lote": null,
        "greide": null,
        "topografia": null,
        "aproveitamento_uso": null,
        "mel_calcada": null,
        "mel_iluminacao": null,
        "mel_coleta_lixo": null,
        "mel_internet": null,
        "mel_esgoto": null,
        "mel_luz": null,
        "mel_fossa": null,
        "mel_pavimentacao": null,
        "mel_gas": null,
        "mel_telefone": null,
        "obs_regiao": null,
        "tamanho_edificacao": null,
        "tempo_residencia": null,
        "material_paredes": null,
        "material_cobertura": null,
        "material_piso": null,
        "agua_canalizada": null,
        "agua_proveniente": null,
        "escoadouro": null,
        "mais_uma_familia": null,
        "num_pavimentos": null,
        "pavimentos_ocupante": null,
        "num_comodos": null,
        "comodos_dormitorio": null,
        "num_banheiros": null,
        "constr_descricao": null,
        "constr_idade": null,
        "constr_estado": null,
        "constr_perimetro": null,
        "constr_area": null,
        "tipo_edificacao": null,
        "faixa_dominio": null,
        "em_desnivel": null,
        "prioridade_demo": null,
        "risco_impacto": null,
        "status": "A cadastrar",
        "classificacao_padrao": null,
        "tipo_imovel": null,
        "latitude": -23.17046967,
        "longitude": -46.89869321
      },
      "geometry": {
        "type": "Point",
        "coordinates": [
          -46.8986932065,
          -23.1704696741
        ]
      }
    },
    {
      "type": "Feature",
      "properties": {
        "codigo": "casa 601",
        "nome": "",
        "municipio": "Jundiaí",
        "bairro": "Jardim Fepasa",
        "endereco": "",
        "infraestrutura_local": null,
        "padrao_ocupacao": null,
        "vias_acesso": null,
        "localizacao_lote": null,
        "greide": null,
        "topografia": null,
        "aproveitamento_uso": null,
        "mel_calcada": null,
        "mel_iluminacao": null,
        "mel_coleta_lixo": null,
        "mel_internet": null,
        "mel_esgoto": null,
        "mel_luz": null,
        "mel_fossa": null,
        "mel_pavimentacao": null,
        "mel_gas": null,
        "mel_telefone": null,
        "obs_regiao": null,
        "tamanho_edificacao": null,
        "tempo_residencia": null,
        "material_paredes": null,
        "material_cobertura": null,
        "material_piso": null,
        "agua_canalizada": null,
        "agua_proveniente": null,
        "escoadouro": null,
        "mais_uma_familia": null,
        "num_pavimentos": null,
        "pavimentos_ocupante": null,
        "num_comodos": null,
        "comodos_dormitorio": null,
        "num_banheiros": null,
        "constr_descricao": null,
        "constr_idade": null,
        "constr_estado": null,
        "constr_perimetro": null,
        "constr_area": null,
        "tipo_edificacao": null,
        "faixa_dominio": null,
        "em_desnivel": null,
        "prioridade_demo": null,
        "risco_impacto": null,
        "status": "A cadastrar",
        "classificacao_padrao": null,
        "tipo_imovel": null,
        "latitude": -23.17041333,
        "longitude": -46.89872908
      },
      "geometry": {
        "type": "Point",
        "coordinates": [
          -46.8987290813,
          -23.1704133314
        ]
      }
    },
    {
      "type": "Feature",
      "properties": {
        "codigo": "casa 607",
        "nome": "",
        "municipio": "Jundiaí",
        "bairro": "Jardim Fepasa",
        "endereco": "",
        "infraestrutura_local": null,
        "padrao_ocupacao": null,
        "vias_acesso": null,
        "localizacao_lote": null,
        "greide": null,
        "topografia": null,
        "aproveitamento_uso": null,
        "mel_calcada": null,
        "mel_iluminacao": null,
        "mel_coleta_lixo": null,
        "mel_internet": null,
        "mel_esgoto": null,
        "mel_luz": null,
        "mel_fossa": null,
        "mel_pavimentacao": null,
        "mel_gas": null,
        "mel_telefone": null,
        "obs_regiao": null,
        "tamanho_edificacao": null,
        "tempo_residencia": null,
        "material_paredes": null,
        "material_cobertura": null,
        "material_piso": null,
        "agua_canalizada": null,
        "agua_proveniente": null,
        "escoadouro": null,
        "mais_uma_familia": null,
        "num_pavimentos": null,
        "pavimentos_ocupante": null,
        "num_comodos": null,
        "comodos_dormitorio": null,
        "num_banheiros": null,
        "constr_descricao": null,
        "constr_idade": null,
        "constr_estado": null,
        "constr_perimetro": null,
        "constr_area": null,
        "tipo_edificacao": null,
        "faixa_dominio": null,
        "em_desnivel": null,
        "prioridade_demo": null,
        "risco_impacto": null,
        "status": "A cadastrar",
        "classificacao_padrao": null,
        "tipo_imovel": null,
        "latitude": -23.17036093,
        "longitude": -46.89876344
      },
      "geometry": {
        "type": "Point",
        "coordinates": [
          -46.898763443,
          -23.1703609253
        ]
      }
    },
    {
      "type": "Feature",
      "properties": {
        "codigo": "casa 613",
        "nome": "",
        "municipio": "Jundiaí",
        "bairro": "Jardim Fepasa",
        "endereco": "",
        "infraestrutura_local": null,
        "padrao_ocupacao": null,
        "vias_acesso": null,
        "localizacao_lote": null,
        "greide": null,
        "topografia": null,
        "aproveitamento_uso": null,
        "mel_calcada": null,
        "mel_iluminacao": null,
        "mel_coleta_lixo": null,
        "mel_internet": null,
        "mel_esgoto": null,
        "mel_luz": null,
        "mel_fossa": null,
        "mel_pavimentacao": null,
        "mel_gas": null,
        "mel_telefone": null,
        "obs_regiao": null,
        "tamanho_edificacao": null,
        "tempo_residencia": null,
        "material_paredes": null,
        "material_cobertura": null,
        "material_piso": null,
        "agua_canalizada": null,
        "agua_proveniente": null,
        "escoadouro": null,
        "mais_uma_familia": null,
        "num_pavimentos": null,
        "pavimentos_ocupante": null,
        "num_comodos": null,
        "comodos_dormitorio": null,
        "num_banheiros": null,
        "constr_descricao": null,
        "constr_idade": null,
        "constr_estado": null,
        "constr_perimetro": null,
        "constr_area": null,
        "tipo_edificacao": null,
        "faixa_dominio": null,
        "em_desnivel": null,
        "prioridade_demo": null,
        "risco_impacto": null,
        "status": "A cadastrar",
        "classificacao_padrao": null,
        "tipo_imovel": null,
        "latitude": -23.17032276,
        "longitude": -46.89878865
      },
      "geometry": {
        "type": "Point",
        "coordinates": [
          -46.8987886491,
          -23.1703227616
        ]
      }
    },
    {
      "type": "Feature",
      "properties": {
        "codigo": "casa 625",
        "nome": "",
        "municipio": "Jundiaí",
        "bairro": "Jardim Fepasa",
        "endereco": "",
        "infraestrutura_local": null,
        "padrao_ocupacao": null,
        "vias_acesso": null,
        "localizacao_lote": null,
        "greide": null,
        "topografia": null,
        "aproveitamento_uso": null,
        "mel_calcada": null,
        "mel_iluminacao": null,
        "mel_coleta_lixo": null,
        "mel_internet": null,
        "mel_esgoto": null,
        "mel_luz": null,
        "mel_fossa": null,
        "mel_pavimentacao": null,
        "mel_gas": null,
        "mel_telefone": null,
        "obs_regiao": null,
        "tamanho_edificacao": null,
        "tempo_residencia": null,
        "material_paredes": null,
        "material_cobertura": null,
        "material_piso": null,
        "agua_canalizada": null,
        "agua_proveniente": null,
        "escoadouro": null,
        "mais_uma_familia": null,
        "num_pavimentos": null,
        "pavimentos_ocupante": null,
        "num_comodos": null,
        "comodos_dormitorio": null,
        "num_banheiros": null,
        "constr_descricao": null,
        "constr_idade": null,
        "constr_estado": null,
        "constr_perimetro": null,
        "constr_area": null,
        "tipo_edificacao": null,
        "faixa_dominio": null,
        "em_desnivel": null,
        "prioridade_demo": null,
        "risco_impacto": null,
        "status": "A cadastrar",
        "classificacao_padrao": null,
        "tipo_imovel": null,
        "latitude": -23.1702712,
        "longitude": -46.89882494
      },
      "geometry": {
        "type": "Point",
        "coordinates": [
          -46.8988249366,
          -23.1702712006
        ]
      }
    },
    {
      "type": "Feature",
      "properties": {
        "codigo": "casa 631",
        "nome": "",
        "municipio": "Jundiaí",
        "bairro": "Jardim Fepasa",
        "endereco": "",
        "infraestrutura_local": null,
        "padrao_ocupacao": null,
        "vias_acesso": null,
        "localizacao_lote": null,
        "greide": null,
        "topografia": null,
        "aproveitamento_uso": null,
        "mel_calcada": null,
        "mel_iluminacao": null,
        "mel_coleta_lixo": null,
        "mel_internet": null,
        "mel_esgoto": null,
        "mel_luz": null,
        "mel_fossa": null,
        "mel_pavimentacao": null,
        "mel_gas": null,
        "mel_telefone": null,
        "obs_regiao": null,
        "tamanho_edificacao": null,
        "tempo_residencia": null,
        "material_paredes": null,
        "material_cobertura": null,
        "material_piso": null,
        "agua_canalizada": null,
        "agua_proveniente": null,
        "escoadouro": null,
        "mais_uma_familia": null,
        "num_pavimentos": null,
        "pavimentos_ocupante": null,
        "num_comodos": null,
        "comodos_dormitorio": null,
        "num_banheiros": null,
        "constr_descricao": null,
        "constr_idade": null,
        "constr_estado": null,
        "constr_perimetro": null,
        "constr_area": null,
        "tipo_edificacao": null,
        "faixa_dominio": null,
        "em_desnivel": null,
        "prioridade_demo": null,
        "risco_impacto": null,
        "status": "A cadastrar",
        "classificacao_padrao": null,
        "tipo_imovel": null,
        "latitude": -23.17024701,
        "longitude": -46.89884236
      },
      "geometry": {
        "type": "Point",
        "coordinates": [
          -46.8988423646,
          -23.1702470064
        ]
      }
    },
    {
      "type": "Feature",
      "properties": {
        "codigo": "casa 637",
        "nome": "",
        "municipio": "Jundiaí",
        "bairro": "Jardim Fepasa",
        "endereco": "",
        "infraestrutura_local": null,
        "padrao_ocupacao": null,
        "vias_acesso": null,
        "localizacao_lote": null,
        "greide": null,
        "topografia": null,
        "aproveitamento_uso": null,
        "mel_calcada": null,
        "mel_iluminacao": null,
        "mel_coleta_lixo": null,
        "mel_internet": null,
        "mel_esgoto": null,
        "mel_luz": null,
        "mel_fossa": null,
        "mel_pavimentacao": null,
        "mel_gas": null,
        "mel_telefone": null,
        "obs_regiao": null,
        "tamanho_edificacao": null,
        "tempo_residencia": null,
        "material_paredes": null,
        "material_cobertura": null,
        "material_piso": null,
        "agua_canalizada": null,
        "agua_proveniente": null,
        "escoadouro": null,
        "mais_uma_familia": null,
        "num_pavimentos": null,
        "pavimentos_ocupante": null,
        "num_comodos": null,
        "comodos_dormitorio": null,
        "num_banheiros": null,
        "constr_descricao": null,
        "constr_idade": null,
        "constr_estado": null,
        "constr_perimetro": null,
        "constr_area": null,
        "tipo_edificacao": null,
        "faixa_dominio": null,
        "em_desnivel": null,
        "prioridade_demo": null,
        "risco_impacto": null,
        "status": "A cadastrar",
        "classificacao_padrao": null,
        "tipo_imovel": null,
        "latitude": -23.17021921,
        "longitude": -46.89886226
      },
      "geometry": {
        "type": "Point",
        "coordinates": [
          -46.8988622645,
          -23.1702192121
        ]
      }
    },
    {
      "type": "Feature",
      "properties": {
        "codigo": "casa 643",
        "nome": "",
        "municipio": "Jundiaí",
        "bairro": "Jardim Fepasa",
        "endereco": "",
        "infraestrutura_local": null,
        "padrao_ocupacao": null,
        "vias_acesso": null,
        "localizacao_lote": null,
        "greide": null,
        "topografia": null,
        "aproveitamento_uso": null,
        "mel_calcada": null,
        "mel_iluminacao": null,
        "mel_coleta_lixo": null,
        "mel_internet": null,
        "mel_esgoto": null,
        "mel_luz": null,
        "mel_fossa": null,
        "mel_pavimentacao": null,
        "mel_gas": null,
        "mel_telefone": null,
        "obs_regiao": null,
        "tamanho_edificacao": null,
        "tempo_residencia": null,
        "material_paredes": null,
        "material_cobertura": null,
        "material_piso": null,
        "agua_canalizada": null,
        "agua_proveniente": null,
        "escoadouro": null,
        "mais_uma_familia": null,
        "num_pavimentos": null,
        "pavimentos_ocupante": null,
        "num_comodos": null,
        "comodos_dormitorio": null,
        "num_banheiros": null,
        "constr_descricao": null,
        "constr_idade": null,
        "constr_estado": null,
        "constr_perimetro": null,
        "constr_area": null,
        "tipo_edificacao": null,
        "faixa_dominio": null,
        "em_desnivel": null,
        "prioridade_demo": null,
        "risco_impacto": null,
        "status": "A cadastrar",
        "classificacao_padrao": null,
        "tipo_imovel": null,
        "latitude": -23.17018788,
        "longitude": -46.89888354
      },
      "geometry": {
        "type": "Point",
        "coordinates": [
          -46.8988835429,
          -23.1701878848
        ]
      }
    },
    {
      "type": "Feature",
      "properties": {
        "codigo": "casa 649",
        "nome": "",
        "municipio": "Jundiaí",
        "bairro": "Jardim Fepasa",
        "endereco": "",
        "infraestrutura_local": null,
        "padrao_ocupacao": null,
        "vias_acesso": null,
        "localizacao_lote": null,
        "greide": null,
        "topografia": null,
        "aproveitamento_uso": null,
        "mel_calcada": null,
        "mel_iluminacao": null,
        "mel_coleta_lixo": null,
        "mel_internet": null,
        "mel_esgoto": null,
        "mel_luz": null,
        "mel_fossa": null,
        "mel_pavimentacao": null,
        "mel_gas": null,
        "mel_telefone": null,
        "obs_regiao": null,
        "tamanho_edificacao": null,
        "tempo_residencia": null,
        "material_paredes": null,
        "material_cobertura": null,
        "material_piso": null,
        "agua_canalizada": null,
        "agua_proveniente": null,
        "escoadouro": null,
        "mais_uma_familia": null,
        "num_pavimentos": null,
        "pavimentos_ocupante": null,
        "num_comodos": null,
        "comodos_dormitorio": null,
        "num_banheiros": null,
        "constr_descricao": null,
        "constr_idade": null,
        "constr_estado": null,
        "constr_perimetro": null,
        "constr_area": null,
        "tipo_edificacao": null,
        "faixa_dominio": null,
        "em_desnivel": null,
        "prioridade_demo": null,
        "risco_impacto": null,
        "status": "A cadastrar",
        "classificacao_padrao": null,
        "tipo_imovel": null,
        "latitude": -23.17014663,
        "longitude": -46.89891233
      },
      "geometry": {
        "type": "Point",
        "coordinates": [
          -46.898912329,
          -23.1701466277
        ]
      }
    },
    {
      "type": "Feature",
      "properties": {
        "codigo": "casa 661",
        "nome": "",
        "municipio": "Jundiaí",
        "bairro": "Jardim Fepasa",
        "endereco": "",
        "infraestrutura_local": null,
        "padrao_ocupacao": null,
        "vias_acesso": null,
        "localizacao_lote": null,
        "greide": null,
        "topografia": null,
        "aproveitamento_uso": null,
        "mel_calcada": null,
        "mel_iluminacao": null,
        "mel_coleta_lixo": null,
        "mel_internet": null,
        "mel_esgoto": null,
        "mel_luz": null,
        "mel_fossa": null,
        "mel_pavimentacao": null,
        "mel_gas": null,
        "mel_telefone": null,
        "obs_regiao": null,
        "tamanho_edificacao": null,
        "tempo_residencia": null,
        "material_paredes": null,
        "material_cobertura": null,
        "material_piso": null,
        "agua_canalizada": null,
        "agua_proveniente": null,
        "escoadouro": null,
        "mais_uma_familia": null,
        "num_pavimentos": null,
        "pavimentos_ocupante": null,
        "num_comodos": null,
        "comodos_dormitorio": null,
        "num_banheiros": null,
        "constr_descricao": null,
        "constr_idade": null,
        "constr_estado": null,
        "constr_perimetro": null,
        "constr_area": null,
        "tipo_edificacao": null,
        "faixa_dominio": null,
        "em_desnivel": null,
        "prioridade_demo": null,
        "risco_impacto": null,
        "status": "A cadastrar",
        "classificacao_padrao": null,
        "tipo_imovel": null,
        "latitude": -23.17009472,
        "longitude": -46.89894844
      },
      "geometry": {
        "type": "Point",
        "coordinates": [
          -46.898948441,
          -23.170094719
        ]
      }
    },
    {
      "type": "Feature",
      "properties": {
        "codigo": "casa 667",
        "nome": "",
        "municipio": "Jundiaí",
        "bairro": "Jardim Fepasa",
        "endereco": "",
        "infraestrutura_local": null,
        "padrao_ocupacao": null,
        "vias_acesso": null,
        "localizacao_lote": null,
        "greide": null,
        "topografia": null,
        "aproveitamento_uso": null,
        "mel_calcada": null,
        "mel_iluminacao": null,
        "mel_coleta_lixo": null,
        "mel_internet": null,
        "mel_esgoto": null,
        "mel_luz": null,
        "mel_fossa": null,
        "mel_pavimentacao": null,
        "mel_gas": null,
        "mel_telefone": null,
        "obs_regiao": null,
        "tamanho_edificacao": null,
        "tempo_residencia": null,
        "material_paredes": null,
        "material_cobertura": null,
        "material_piso": null,
        "agua_canalizada": null,
        "agua_proveniente": null,
        "escoadouro": null,
        "mais_uma_familia": null,
        "num_pavimentos": null,
        "pavimentos_ocupante": null,
        "num_comodos": null,
        "comodos_dormitorio": null,
        "num_banheiros": null,
        "constr_descricao": null,
        "constr_idade": null,
        "constr_estado": null,
        "constr_perimetro": null,
        "constr_area": null,
        "tipo_edificacao": null,
        "faixa_dominio": null,
        "em_desnivel": null,
        "prioridade_demo": null,
        "risco_impacto": null,
        "status": "A cadastrar",
        "classificacao_padrao": null,
        "tipo_imovel": null,
        "latitude": -23.17006861,
        "longitude": -46.898967
      },
      "geometry": {
        "type": "Point",
        "coordinates": [
          -46.8989670049,
          -23.1700686083
        ]
      }
    },
    {
      "type": "Feature",
      "properties": {
        "codigo": "casa 673",
        "nome": "",
        "municipio": "Jundiaí",
        "bairro": "Jardim Fepasa",
        "endereco": "",
        "infraestrutura_local": null,
        "padrao_ocupacao": null,
        "vias_acesso": null,
        "localizacao_lote": null,
        "greide": null,
        "topografia": null,
        "aproveitamento_uso": null,
        "mel_calcada": null,
        "mel_iluminacao": null,
        "mel_coleta_lixo": null,
        "mel_internet": null,
        "mel_esgoto": null,
        "mel_luz": null,
        "mel_fossa": null,
        "mel_pavimentacao": null,
        "mel_gas": null,
        "mel_telefone": null,
        "obs_regiao": null,
        "tamanho_edificacao": null,
        "tempo_residencia": null,
        "material_paredes": null,
        "material_cobertura": null,
        "material_piso": null,
        "agua_canalizada": null,
        "agua_proveniente": null,
        "escoadouro": null,
        "mais_uma_familia": null,
        "num_pavimentos": null,
        "pavimentos_ocupante": null,
        "num_comodos": null,
        "comodos_dormitorio": null,
        "num_banheiros": null,
        "constr_descricao": null,
        "constr_idade": null,
        "constr_estado": null,
        "constr_perimetro": null,
        "constr_area": null,
        "tipo_edificacao": null,
        "faixa_dominio": null,
        "em_desnivel": null,
        "prioridade_demo": null,
        "risco_impacto": null,
        "status": "A cadastrar",
        "classificacao_padrao": null,
        "tipo_imovel": null,
        "latitude": -23.17002807,
        "longitude": -46.89899458
      },
      "geometry": {
        "type": "Point",
        "coordinates": [
          -46.8989945811,
          -23.1700280743
        ]
      }
    },
    {
      "type": "Feature",
      "properties": {
        "codigo": "casa 687",
        "nome": "",
        "municipio": "Jundiaí",
        "bairro": "Jardim Fepasa",
        "endereco": "",
        "infraestrutura_local": null,
        "padrao_ocupacao": null,
        "vias_acesso": null,
        "localizacao_lote": null,
        "greide": null,
        "topografia": null,
        "aproveitamento_uso": null,
        "mel_calcada": null,
        "mel_iluminacao": null,
        "mel_coleta_lixo": null,
        "mel_internet": null,
        "mel_esgoto": null,
        "mel_luz": null,
        "mel_fossa": null,
        "mel_pavimentacao": null,
        "mel_gas": null,
        "mel_telefone": null,
        "obs_regiao": null,
        "tamanho_edificacao": null,
        "tempo_residencia": null,
        "material_paredes": null,
        "material_cobertura": null,
        "material_piso": null,
        "agua_canalizada": null,
        "agua_proveniente": null,
        "escoadouro": null,
        "mais_uma_familia": null,
        "num_pavimentos": null,
        "pavimentos_ocupante": null,
        "num_comodos": null,
        "comodos_dormitorio": null,
        "num_banheiros": null,
        "constr_descricao": null,
        "constr_idade": null,
        "constr_estado": null,
        "constr_perimetro": null,
        "constr_area": null,
        "tipo_edificacao": null,
        "faixa_dominio": null,
        "em_desnivel": null,
        "prioridade_demo": null,
        "risco_impacto": null,
        "status": "A cadastrar",
        "classificacao_padrao": null,
        "tipo_imovel": null,
        "latitude": -23.16997185,
        "longitude": -46.89903455
      },
      "geometry": {
        "type": "Point",
        "coordinates": [
          -46.8990345523,
          -23.169971852
        ]
      }
    },
    {
      "type": "Feature",
      "properties": {
        "codigo": "casa 691",
        "nome": "",
        "municipio": "Jundiaí",
        "bairro": "Jardim Fepasa",
        "endereco": "",
        "infraestrutura_local": null,
        "padrao_ocupacao": null,
        "vias_acesso": null,
        "localizacao_lote": null,
        "greide": null,
        "topografia": null,
        "aproveitamento_uso": null,
        "mel_calcada": null,
        "mel_iluminacao": null,
        "mel_coleta_lixo": null,
        "mel_internet": null,
        "mel_esgoto": null,
        "mel_luz": null,
        "mel_fossa": null,
        "mel_pavimentacao": null,
        "mel_gas": null,
        "mel_telefone": null,
        "obs_regiao": null,
        "tamanho_edificacao": null,
        "tempo_residencia": null,
        "material_paredes": null,
        "material_cobertura": null,
        "material_piso": null,
        "agua_canalizada": null,
        "agua_proveniente": null,
        "escoadouro": null,
        "mais_uma_familia": null,
        "num_pavimentos": null,
        "pavimentos_ocupante": null,
        "num_comodos": null,
        "comodos_dormitorio": null,
        "num_banheiros": null,
        "constr_descricao": null,
        "constr_idade": null,
        "constr_estado": null,
        "constr_perimetro": null,
        "constr_area": null,
        "tipo_edificacao": null,
        "faixa_dominio": null,
        "em_desnivel": null,
        "prioridade_demo": null,
        "risco_impacto": null,
        "status": "A cadastrar",
        "classificacao_padrao": null,
        "tipo_imovel": null,
        "latitude": -23.1699494,
        "longitude": -46.89905756
      },
      "geometry": {
        "type": "Point",
        "coordinates": [
          -46.8990575647,
          -23.1699494029
        ]
      }
    },
    {
      "type": "Feature",
      "properties": {
        "codigo": "casa 697",
        "nome": "",
        "municipio": "Jundiaí",
        "bairro": "Jardim Fepasa",
        "endereco": "",
        "infraestrutura_local": null,
        "padrao_ocupacao": null,
        "vias_acesso": null,
        "localizacao_lote": null,
        "greide": null,
        "topografia": null,
        "aproveitamento_uso": null,
        "mel_calcada": null,
        "mel_iluminacao": null,
        "mel_coleta_lixo": null,
        "mel_internet": null,
        "mel_esgoto": null,
        "mel_luz": null,
        "mel_fossa": null,
        "mel_pavimentacao": null,
        "mel_gas": null,
        "mel_telefone": null,
        "obs_regiao": null,
        "tamanho_edificacao": null,
        "tempo_residencia": null,
        "material_paredes": null,
        "material_cobertura": null,
        "material_piso": null,
        "agua_canalizada": null,
        "agua_proveniente": null,
        "escoadouro": null,
        "mais_uma_familia": null,
        "num_pavimentos": null,
        "pavimentos_ocupante": null,
        "num_comodos": null,
        "comodos_dormitorio": null,
        "num_banheiros": null,
        "constr_descricao": null,
        "constr_idade": null,
        "constr_estado": null,
        "constr_perimetro": null,
        "constr_area": null,
        "tipo_edificacao": null,
        "faixa_dominio": null,
        "em_desnivel": null,
        "prioridade_demo": null,
        "risco_impacto": null,
        "status": "A cadastrar",
        "classificacao_padrao": null,
        "tipo_imovel": null,
        "latitude": -23.16991747,
        "longitude": -46.89907283
      },
      "geometry": {
        "type": "Point",
        "coordinates": [
          -46.8990728256,
          -23.1699174695
        ]
      }
    },
    {
      "type": "Feature",
      "properties": {
        "codigo": "casa 703",
        "nome": "",
        "municipio": "Jundiaí",
        "bairro": "Jardim Fepasa",
        "endereco": "",
        "infraestrutura_local": null,
        "padrao_ocupacao": null,
        "vias_acesso": null,
        "localizacao_lote": null,
        "greide": null,
        "topografia": null,
        "aproveitamento_uso": null,
        "mel_calcada": null,
        "mel_iluminacao": null,
        "mel_coleta_lixo": null,
        "mel_internet": null,
        "mel_esgoto": null,
        "mel_luz": null,
        "mel_fossa": null,
        "mel_pavimentacao": null,
        "mel_gas": null,
        "mel_telefone": null,
        "obs_regiao": null,
        "tamanho_edificacao": null,
        "tempo_residencia": null,
        "material_paredes": null,
        "material_cobertura": null,
        "material_piso": null,
        "agua_canalizada": null,
        "agua_proveniente": null,
        "escoadouro": null,
        "mais_uma_familia": null,
        "num_pavimentos": null,
        "pavimentos_ocupante": null,
        "num_comodos": null,
        "comodos_dormitorio": null,
        "num_banheiros": null,
        "constr_descricao": null,
        "constr_idade": null,
        "constr_estado": null,
        "constr_perimetro": null,
        "constr_area": null,
        "tipo_edificacao": null,
        "faixa_dominio": null,
        "em_desnivel": null,
        "prioridade_demo": null,
        "risco_impacto": null,
        "status": "A cadastrar",
        "classificacao_padrao": null,
        "tipo_imovel": null,
        "latitude": -23.16989661,
        "longitude": -46.89908723
      },
      "geometry": {
        "type": "Point",
        "coordinates": [
          -46.8990872285,
          -23.1698966103
        ]
      }
    },
    {
      "type": "Feature",
      "properties": {
        "codigo": "casa 709",
        "nome": "",
        "municipio": "Jundiaí",
        "bairro": "Jardim Fepasa",
        "endereco": "",
        "infraestrutura_local": null,
        "padrao_ocupacao": null,
        "vias_acesso": null,
        "localizacao_lote": null,
        "greide": null,
        "topografia": null,
        "aproveitamento_uso": null,
        "mel_calcada": null,
        "mel_iluminacao": null,
        "mel_coleta_lixo": null,
        "mel_internet": null,
        "mel_esgoto": null,
        "mel_luz": null,
        "mel_fossa": null,
        "mel_pavimentacao": null,
        "mel_gas": null,
        "mel_telefone": null,
        "obs_regiao": null,
        "tamanho_edificacao": null,
        "tempo_residencia": null,
        "material_paredes": null,
        "material_cobertura": null,
        "material_piso": null,
        "agua_canalizada": null,
        "agua_proveniente": null,
        "escoadouro": null,
        "mais_uma_familia": null,
        "num_pavimentos": null,
        "pavimentos_ocupante": null,
        "num_comodos": null,
        "comodos_dormitorio": null,
        "num_banheiros": null,
        "constr_descricao": null,
        "constr_idade": null,
        "constr_estado": null,
        "constr_perimetro": null,
        "constr_area": null,
        "tipo_edificacao": null,
        "faixa_dominio": null,
        "em_desnivel": null,
        "prioridade_demo": null,
        "risco_impacto": null,
        "status": "A cadastrar",
        "classificacao_padrao": null,
        "tipo_imovel": null,
        "latitude": -23.16987056,
        "longitude": -46.89910533
      },
      "geometry": {
        "type": "Point",
        "coordinates": [
          -46.8991053292,
          -23.1698705643
        ]
      }
    },
    {
      "type": "Feature",
      "properties": {
        "codigo": "casa 715",
        "nome": "",
        "municipio": "Jundiaí",
        "bairro": "Jardim Fepasa",
        "endereco": "",
        "infraestrutura_local": null,
        "padrao_ocupacao": null,
        "vias_acesso": null,
        "localizacao_lote": null,
        "greide": null,
        "topografia": null,
        "aproveitamento_uso": null,
        "mel_calcada": null,
        "mel_iluminacao": null,
        "mel_coleta_lixo": null,
        "mel_internet": null,
        "mel_esgoto": null,
        "mel_luz": null,
        "mel_fossa": null,
        "mel_pavimentacao": null,
        "mel_gas": null,
        "mel_telefone": null,
        "obs_regiao": null,
        "tamanho_edificacao": null,
        "tempo_residencia": null,
        "material_paredes": null,
        "material_cobertura": null,
        "material_piso": null,
        "agua_canalizada": null,
        "agua_proveniente": null,
        "escoadouro": null,
        "mais_uma_familia": null,
        "num_pavimentos": null,
        "pavimentos_ocupante": null,
        "num_comodos": null,
        "comodos_dormitorio": null,
        "num_banheiros": null,
        "constr_descricao": null,
        "constr_idade": null,
        "constr_estado": null,
        "constr_perimetro": null,
        "constr_area": null,
        "tipo_edificacao": null,
        "faixa_dominio": null,
        "em_desnivel": null,
        "prioridade_demo": null,
        "risco_impacto": null,
        "status": "A cadastrar",
        "classificacao_padrao": null,
        "tipo_imovel": null,
        "latitude": -23.1698218,
        "longitude": -46.89913872
      },
      "geometry": {
        "type": "Point",
        "coordinates": [
          -46.8991387243,
          -23.1698218001
        ]
      }
    },
    {
      "type": "Feature",
      "properties": {
        "codigo": "casa 721",
        "nome": "",
        "municipio": "Jundiaí",
        "bairro": "Jardim Fepasa",
        "endereco": "",
        "infraestrutura_local": null,
        "padrao_ocupacao": null,
        "vias_acesso": null,
        "localizacao_lote": null,
        "greide": null,
        "topografia": null,
        "aproveitamento_uso": null,
        "mel_calcada": null,
        "mel_iluminacao": null,
        "mel_coleta_lixo": null,
        "mel_internet": null,
        "mel_esgoto": null,
        "mel_luz": null,
        "mel_fossa": null,
        "mel_pavimentacao": null,
        "mel_gas": null,
        "mel_telefone": null,
        "obs_regiao": null,
        "tamanho_edificacao": null,
        "tempo_residencia": null,
        "material_paredes": null,
        "material_cobertura": null,
        "material_piso": null,
        "agua_canalizada": null,
        "agua_proveniente": null,
        "escoadouro": null,
        "mais_uma_familia": null,
        "num_pavimentos": null,
        "pavimentos_ocupante": null,
        "num_comodos": null,
        "comodos_dormitorio": null,
        "num_banheiros": null,
        "constr_descricao": null,
        "constr_idade": null,
        "constr_estado": null,
        "constr_perimetro": null,
        "constr_area": null,
        "tipo_edificacao": null,
        "faixa_dominio": null,
        "em_desnivel": null,
        "prioridade_demo": null,
        "risco_impacto": null,
        "status": "A cadastrar",
        "classificacao_padrao": null,
        "tipo_imovel": null,
        "latitude": -23.16979163,
        "longitude": -46.8991597
      },
      "geometry": {
        "type": "Point",
        "coordinates": [
          -46.8991596961,
          -23.1697916283
        ]
      }
    },
    {
      "type": "Feature",
      "properties": {
        "codigo": "casa 727",
        "nome": "",
        "municipio": "Jundiaí",
        "bairro": "Jardim Fepasa",
        "endereco": "",
        "infraestrutura_local": null,
        "padrao_ocupacao": null,
        "vias_acesso": null,
        "localizacao_lote": null,
        "greide": null,
        "topografia": null,
        "aproveitamento_uso": null,
        "mel_calcada": null,
        "mel_iluminacao": null,
        "mel_coleta_lixo": null,
        "mel_internet": null,
        "mel_esgoto": null,
        "mel_luz": null,
        "mel_fossa": null,
        "mel_pavimentacao": null,
        "mel_gas": null,
        "mel_telefone": null,
        "obs_regiao": null,
        "tamanho_edificacao": null,
        "tempo_residencia": null,
        "material_paredes": null,
        "material_cobertura": null,
        "material_piso": null,
        "agua_canalizada": null,
        "agua_proveniente": null,
        "escoadouro": null,
        "mais_uma_familia": null,
        "num_pavimentos": null,
        "pavimentos_ocupante": null,
        "num_comodos": null,
        "comodos_dormitorio": null,
        "num_banheiros": null,
        "constr_descricao": null,
        "constr_idade": null,
        "constr_estado": null,
        "constr_perimetro": null,
        "constr_area": null,
        "tipo_edificacao": null,
        "faixa_dominio": null,
        "em_desnivel": null,
        "prioridade_demo": null,
        "risco_impacto": null,
        "status": "A cadastrar",
        "classificacao_padrao": null,
        "tipo_imovel": null,
        "latitude": -23.16976851,
        "longitude": -46.89917684
      },
      "geometry": {
        "type": "Point",
        "coordinates": [
          -46.899176837,
          -23.1697685081
        ]
      }
    },
    {
      "type": "Feature",
      "properties": {
        "codigo": "casa 733",
        "nome": "",
        "municipio": "Jundiaí",
        "bairro": "Jardim Fepasa",
        "endereco": "",
        "infraestrutura_local": null,
        "padrao_ocupacao": null,
        "vias_acesso": null,
        "localizacao_lote": null,
        "greide": null,
        "topografia": null,
        "aproveitamento_uso": null,
        "mel_calcada": null,
        "mel_iluminacao": null,
        "mel_coleta_lixo": null,
        "mel_internet": null,
        "mel_esgoto": null,
        "mel_luz": null,
        "mel_fossa": null,
        "mel_pavimentacao": null,
        "mel_gas": null,
        "mel_telefone": null,
        "obs_regiao": null,
        "tamanho_edificacao": null,
        "tempo_residencia": null,
        "material_paredes": null,
        "material_cobertura": null,
        "material_piso": null,
        "agua_canalizada": null,
        "agua_proveniente": null,
        "escoadouro": null,
        "mais_uma_familia": null,
        "num_pavimentos": null,
        "pavimentos_ocupante": null,
        "num_comodos": null,
        "comodos_dormitorio": null,
        "num_banheiros": null,
        "constr_descricao": null,
        "constr_idade": null,
        "constr_estado": null,
        "constr_perimetro": null,
        "constr_area": null,
        "tipo_edificacao": null,
        "faixa_dominio": null,
        "em_desnivel": null,
        "prioridade_demo": null,
        "risco_impacto": null,
        "status": "A cadastrar",
        "classificacao_padrao": null,
        "tipo_imovel": null,
        "latitude": -23.16974272,
        "longitude": -46.89919503
      },
      "geometry": {
        "type": "Point",
        "coordinates": [
          -46.8991950341,
          -23.1697427244
        ]
      }
    },
    {
      "type": "Feature",
      "properties": {
        "codigo": "casa 739",
        "nome": "",
        "municipio": "Jundiaí",
        "bairro": "Jardim Fepasa",
        "endereco": "",
        "infraestrutura_local": null,
        "padrao_ocupacao": null,
        "vias_acesso": null,
        "localizacao_lote": null,
        "greide": null,
        "topografia": null,
        "aproveitamento_uso": null,
        "mel_calcada": null,
        "mel_iluminacao": null,
        "mel_coleta_lixo": null,
        "mel_internet": null,
        "mel_esgoto": null,
        "mel_luz": null,
        "mel_fossa": null,
        "mel_pavimentacao": null,
        "mel_gas": null,
        "mel_telefone": null,
        "obs_regiao": null,
        "tamanho_edificacao": null,
        "tempo_residencia": null,
        "material_paredes": null,
        "material_cobertura": null,
        "material_piso": null,
        "agua_canalizada": null,
        "agua_proveniente": null,
        "escoadouro": null,
        "mais_uma_familia": null,
        "num_pavimentos": null,
        "pavimentos_ocupante": null,
        "num_comodos": null,
        "comodos_dormitorio": null,
        "num_banheiros": null,
        "constr_descricao": null,
        "constr_idade": null,
        "constr_estado": null,
        "constr_perimetro": null,
        "constr_area": null,
        "tipo_edificacao": null,
        "faixa_dominio": null,
        "em_desnivel": null,
        "prioridade_demo": null,
        "risco_impacto": null,
        "status": "A cadastrar",
        "classificacao_padrao": null,
        "tipo_imovel": null,
        "latitude": -23.16972158,
        "longitude": -46.89921596
      },
      "geometry": {
        "type": "Point",
        "coordinates": [
          -46.8992159646,
          -23.1697215824
        ]
      }
    },
    {
      "type": "Feature",
      "properties": {
        "codigo": "casa 745",
        "nome": "",
        "municipio": "Jundiaí",
        "bairro": "Jardim Fepasa",
        "endereco": "",
        "infraestrutura_local": null,
        "padrao_ocupacao": null,
        "vias_acesso": null,
        "localizacao_lote": null,
        "greide": null,
        "topografia": null,
        "aproveitamento_uso": null,
        "mel_calcada": null,
        "mel_iluminacao": null,
        "mel_coleta_lixo": null,
        "mel_internet": null,
        "mel_esgoto": null,
        "mel_luz": null,
        "mel_fossa": null,
        "mel_pavimentacao": null,
        "mel_gas": null,
        "mel_telefone": null,
        "obs_regiao": null,
        "tamanho_edificacao": null,
        "tempo_residencia": null,
        "material_paredes": null,
        "material_cobertura": null,
        "material_piso": null,
        "agua_canalizada": null,
        "agua_proveniente": null,
        "escoadouro": null,
        "mais_uma_familia": null,
        "num_pavimentos": null,
        "pavimentos_ocupante": null,
        "num_comodos": null,
        "comodos_dormitorio": null,
        "num_banheiros": null,
        "constr_descricao": null,
        "constr_idade": null,
        "constr_estado": null,
        "constr_perimetro": null,
        "constr_area": null,
        "tipo_edificacao": null,
        "faixa_dominio": null,
        "em_desnivel": null,
        "prioridade_demo": null,
        "risco_impacto": null,
        "status": "A cadastrar",
        "classificacao_padrao": null,
        "tipo_imovel": null,
        "latitude": -23.16968991,
        "longitude": -46.89923317
      },
      "geometry": {
        "type": "Point",
        "coordinates": [
          -46.899233169,
          -23.1696899149
        ]
      }
    },
    {
      "type": "Feature",
      "properties": {
        "codigo": "casa 751",
        "nome": "",
        "municipio": "Jundiaí",
        "bairro": "Jardim Fepasa",
        "endereco": "",
        "infraestrutura_local": null,
        "padrao_ocupacao": null,
        "vias_acesso": null,
        "localizacao_lote": null,
        "greide": null,
        "topografia": null,
        "aproveitamento_uso": null,
        "mel_calcada": null,
        "mel_iluminacao": null,
        "mel_coleta_lixo": null,
        "mel_internet": null,
        "mel_esgoto": null,
        "mel_luz": null,
        "mel_fossa": null,
        "mel_pavimentacao": null,
        "mel_gas": null,
        "mel_telefone": null,
        "obs_regiao": null,
        "tamanho_edificacao": null,
        "tempo_residencia": null,
        "material_paredes": null,
        "material_cobertura": null,
        "material_piso": null,
        "agua_canalizada": null,
        "agua_proveniente": null,
        "escoadouro": null,
        "mais_uma_familia": null,
        "num_pavimentos": null,
        "pavimentos_ocupante": null,
        "num_comodos": null,
        "comodos_dormitorio": null,
        "num_banheiros": null,
        "constr_descricao": null,
        "constr_idade": null,
        "constr_estado": null,
        "constr_perimetro": null,
        "constr_area": null,
        "tipo_edificacao": null,
        "faixa_dominio": null,
        "em_desnivel": null,
        "prioridade_demo": null,
        "risco_impacto": null,
        "status": "A cadastrar",
        "classificacao_padrao": null,
        "tipo_imovel": null,
        "latitude": -23.16964791,
        "longitude": -46.89926489
      },
      "geometry": {
        "type": "Point",
        "coordinates": [
          -46.8992648915,
          -23.1696479067
        ]
      }
    },
    {
      "type": "Feature",
      "properties": {
        "codigo": "casa 763",
        "nome": "",
        "municipio": "Jundiaí",
        "bairro": "Jardim Fepasa",
        "endereco": "",
        "infraestrutura_local": null,
        "padrao_ocupacao": null,
        "vias_acesso": null,
        "localizacao_lote": null,
        "greide": null,
        "topografia": null,
        "aproveitamento_uso": null,
        "mel_calcada": null,
        "mel_iluminacao": null,
        "mel_coleta_lixo": null,
        "mel_internet": null,
        "mel_esgoto": null,
        "mel_luz": null,
        "mel_fossa": null,
        "mel_pavimentacao": null,
        "mel_gas": null,
        "mel_telefone": null,
        "obs_regiao": null,
        "tamanho_edificacao": null,
        "tempo_residencia": null,
        "material_paredes": null,
        "material_cobertura": null,
        "material_piso": null,
        "agua_canalizada": null,
        "agua_proveniente": null,
        "escoadouro": null,
        "mais_uma_familia": null,
        "num_pavimentos": null,
        "pavimentos_ocupante": null,
        "num_comodos": null,
        "comodos_dormitorio": null,
        "num_banheiros": null,
        "constr_descricao": null,
        "constr_idade": null,
        "constr_estado": null,
        "constr_perimetro": null,
        "constr_area": null,
        "tipo_edificacao": null,
        "faixa_dominio": null,
        "em_desnivel": null,
        "prioridade_demo": null,
        "risco_impacto": null,
        "status": "A cadastrar",
        "classificacao_padrao": null,
        "tipo_imovel": null,
        "latitude": -23.16959426,
        "longitude": -46.89930711
      },
      "geometry": {
        "type": "Point",
        "coordinates": [
          -46.8993071136,
          -23.1695942579
        ]
      }
    },
    {
      "type": "Feature",
      "properties": {
        "codigo": "casa 769",
        "nome": "",
        "municipio": "Jundiaí",
        "bairro": "Jardim Fepasa",
        "endereco": "",
        "infraestrutura_local": null,
        "padrao_ocupacao": null,
        "vias_acesso": null,
        "localizacao_lote": null,
        "greide": null,
        "topografia": null,
        "aproveitamento_uso": null,
        "mel_calcada": null,
        "mel_iluminacao": null,
        "mel_coleta_lixo": null,
        "mel_internet": null,
        "mel_esgoto": null,
        "mel_luz": null,
        "mel_fossa": null,
        "mel_pavimentacao": null,
        "mel_gas": null,
        "mel_telefone": null,
        "obs_regiao": null,
        "tamanho_edificacao": null,
        "tempo_residencia": null,
        "material_paredes": null,
        "material_cobertura": null,
        "material_piso": null,
        "agua_canalizada": null,
        "agua_proveniente": null,
        "escoadouro": null,
        "mais_uma_familia": null,
        "num_pavimentos": null,
        "pavimentos_ocupante": null,
        "num_comodos": null,
        "comodos_dormitorio": null,
        "num_banheiros": null,
        "constr_descricao": null,
        "constr_idade": null,
        "constr_estado": null,
        "constr_perimetro": null,
        "constr_area": null,
        "tipo_edificacao": null,
        "faixa_dominio": null,
        "em_desnivel": null,
        "prioridade_demo": null,
        "risco_impacto": null,
        "status": "A cadastrar",
        "classificacao_padrao": null,
        "tipo_imovel": null,
        "latitude": -23.16957704,
        "longitude": -46.89932062
      },
      "geometry": {
        "type": "Point",
        "coordinates": [
          -46.8993206233,
          -23.1695770386
        ]
      }
    },
    {
      "type": "Feature",
      "properties": {
        "codigo": "casa 775",
        "nome": "",
        "municipio": "Jundiaí",
        "bairro": "Jardim Fepasa",
        "endereco": "",
        "infraestrutura_local": null,
        "padrao_ocupacao": null,
        "vias_acesso": null,
        "localizacao_lote": null,
        "greide": null,
        "topografia": null,
        "aproveitamento_uso": null,
        "mel_calcada": null,
        "mel_iluminacao": null,
        "mel_coleta_lixo": null,
        "mel_internet": null,
        "mel_esgoto": null,
        "mel_luz": null,
        "mel_fossa": null,
        "mel_pavimentacao": null,
        "mel_gas": null,
        "mel_telefone": null,
        "obs_regiao": null,
        "tamanho_edificacao": null,
        "tempo_residencia": null,
        "material_paredes": null,
        "material_cobertura": null,
        "material_piso": null,
        "agua_canalizada": null,
        "agua_proveniente": null,
        "escoadouro": null,
        "mais_uma_familia": null,
        "num_pavimentos": null,
        "pavimentos_ocupante": null,
        "num_comodos": null,
        "comodos_dormitorio": null,
        "num_banheiros": null,
        "constr_descricao": null,
        "constr_idade": null,
        "constr_estado": null,
        "constr_perimetro": null,
        "constr_area": null,
        "tipo_edificacao": null,
        "faixa_dominio": null,
        "em_desnivel": null,
        "prioridade_demo": null,
        "risco_impacto": null,
        "status": "A cadastrar",
        "classificacao_padrao": null,
        "tipo_imovel": null,
        "latitude": -23.16954714,
        "longitude": -46.8993443
      },
      "geometry": {
        "type": "Point",
        "coordinates": [
          -46.8993442951,
          -23.1695471407
        ]
      }
    },
    {
      "type": "Feature",
      "properties": {
        "codigo": "casa 781",
        "nome": "",
        "municipio": "Jundiaí",
        "bairro": "Jardim Fepasa",
        "endereco": "",
        "infraestrutura_local": null,
        "padrao_ocupacao": null,
        "vias_acesso": null,
        "localizacao_lote": null,
        "greide": null,
        "topografia": null,
        "aproveitamento_uso": null,
        "mel_calcada": null,
        "mel_iluminacao": null,
        "mel_coleta_lixo": null,
        "mel_internet": null,
        "mel_esgoto": null,
        "mel_luz": null,
        "mel_fossa": null,
        "mel_pavimentacao": null,
        "mel_gas": null,
        "mel_telefone": null,
        "obs_regiao": null,
        "tamanho_edificacao": null,
        "tempo_residencia": null,
        "material_paredes": null,
        "material_cobertura": null,
        "material_piso": null,
        "agua_canalizada": null,
        "agua_proveniente": null,
        "escoadouro": null,
        "mais_uma_familia": null,
        "num_pavimentos": null,
        "pavimentos_ocupante": null,
        "num_comodos": null,
        "comodos_dormitorio": null,
        "num_banheiros": null,
        "constr_descricao": null,
        "constr_idade": null,
        "constr_estado": null,
        "constr_perimetro": null,
        "constr_area": null,
        "tipo_edificacao": null,
        "faixa_dominio": null,
        "em_desnivel": null,
        "prioridade_demo": null,
        "risco_impacto": null,
        "status": "A cadastrar",
        "classificacao_padrao": null,
        "tipo_imovel": null,
        "latitude": -23.16951812,
        "longitude": -46.89936794
      },
      "geometry": {
        "type": "Point",
        "coordinates": [
          -46.8993679399,
          -23.1695181227
        ]
      }
    },
    {
      "type": "Feature",
      "properties": {
        "codigo": "casa 787",
        "nome": "",
        "municipio": "Jundiaí",
        "bairro": "Jardim Fepasa",
        "endereco": "",
        "infraestrutura_local": null,
        "padrao_ocupacao": null,
        "vias_acesso": null,
        "localizacao_lote": null,
        "greide": null,
        "topografia": null,
        "aproveitamento_uso": null,
        "mel_calcada": null,
        "mel_iluminacao": null,
        "mel_coleta_lixo": null,
        "mel_internet": null,
        "mel_esgoto": null,
        "mel_luz": null,
        "mel_fossa": null,
        "mel_pavimentacao": null,
        "mel_gas": null,
        "mel_telefone": null,
        "obs_regiao": null,
        "tamanho_edificacao": null,
        "tempo_residencia": null,
        "material_paredes": null,
        "material_cobertura": null,
        "material_piso": null,
        "agua_canalizada": null,
        "agua_proveniente": null,
        "escoadouro": null,
        "mais_uma_familia": null,
        "num_pavimentos": null,
        "pavimentos_ocupante": null,
        "num_comodos": null,
        "comodos_dormitorio": null,
        "num_banheiros": null,
        "constr_descricao": null,
        "constr_idade": null,
        "constr_estado": null,
        "constr_perimetro": null,
        "constr_area": null,
        "tipo_edificacao": null,
        "faixa_dominio": null,
        "em_desnivel": null,
        "prioridade_demo": null,
        "risco_impacto": null,
        "status": "A cadastrar",
        "classificacao_padrao": null,
        "tipo_imovel": null,
        "latitude": -23.16947033,
        "longitude": -46.89940913
      },
      "geometry": {
        "type": "Point",
        "coordinates": [
          -46.8994091335,
          -23.1694703305
        ]
      }
    },
    {
      "type": "Feature",
      "properties": {
        "codigo": "casa 791",
        "nome": "",
        "municipio": "Jundiaí",
        "bairro": "Jardim Fepasa",
        "endereco": "",
        "infraestrutura_local": null,
        "padrao_ocupacao": null,
        "vias_acesso": null,
        "localizacao_lote": null,
        "greide": null,
        "topografia": null,
        "aproveitamento_uso": null,
        "mel_calcada": null,
        "mel_iluminacao": null,
        "mel_coleta_lixo": null,
        "mel_internet": null,
        "mel_esgoto": null,
        "mel_luz": null,
        "mel_fossa": null,
        "mel_pavimentacao": null,
        "mel_gas": null,
        "mel_telefone": null,
        "obs_regiao": null,
        "tamanho_edificacao": null,
        "tempo_residencia": null,
        "material_paredes": null,
        "material_cobertura": null,
        "material_piso": null,
        "agua_canalizada": null,
        "agua_proveniente": null,
        "escoadouro": null,
        "mais_uma_familia": null,
        "num_pavimentos": null,
        "pavimentos_ocupante": null,
        "num_comodos": null,
        "comodos_dormitorio": null,
        "num_banheiros": null,
        "constr_descricao": null,
        "constr_idade": null,
        "constr_estado": null,
        "constr_perimetro": null,
        "constr_area": null,
        "tipo_edificacao": null,
        "faixa_dominio": null,
        "em_desnivel": null,
        "prioridade_demo": null,
        "risco_impacto": null,
        "status": "A cadastrar",
        "classificacao_padrao": null,
        "tipo_imovel": null,
        "latitude": -23.1694381,
        "longitude": -46.8994476
      },
      "geometry": {
        "type": "Point",
        "coordinates": [
          -46.8994475984,
          -23.1694381036
        ]
      }
    },
    {
      "type": "Feature",
      "properties": {
        "codigo": "casa 799",
        "nome": "",
        "municipio": "Jundiaí",
        "bairro": "Jardim Fepasa",
        "endereco": "",
        "infraestrutura_local": null,
        "padrao_ocupacao": null,
        "vias_acesso": null,
        "localizacao_lote": null,
        "greide": null,
        "topografia": null,
        "aproveitamento_uso": null,
        "mel_calcada": null,
        "mel_iluminacao": null,
        "mel_coleta_lixo": null,
        "mel_internet": null,
        "mel_esgoto": null,
        "mel_luz": null,
        "mel_fossa": null,
        "mel_pavimentacao": null,
        "mel_gas": null,
        "mel_telefone": null,
        "obs_regiao": null,
        "tamanho_edificacao": null,
        "tempo_residencia": null,
        "material_paredes": null,
        "material_cobertura": null,
        "material_piso": null,
        "agua_canalizada": null,
        "agua_proveniente": null,
        "escoadouro": null,
        "mais_uma_familia": null,
        "num_pavimentos": null,
        "pavimentos_ocupante": null,
        "num_comodos": null,
        "comodos_dormitorio": null,
        "num_banheiros": null,
        "constr_descricao": null,
        "constr_idade": null,
        "constr_estado": null,
        "constr_perimetro": null,
        "constr_area": null,
        "tipo_edificacao": null,
        "faixa_dominio": null,
        "em_desnivel": null,
        "prioridade_demo": null,
        "risco_impacto": null,
        "status": "A cadastrar",
        "classificacao_padrao": null,
        "tipo_imovel": null,
        "latitude": -23.16939855,
        "longitude": -46.89947507
      },
      "geometry": {
        "type": "Point",
        "coordinates": [
          -46.8994750709,
          -23.169398553
        ]
      }
    },
    {
      "type": "Feature",
      "properties": {
        "codigo": "casa 805",
        "nome": "",
        "municipio": "Jundiaí",
        "bairro": "Jardim Fepasa",
        "endereco": "",
        "infraestrutura_local": null,
        "padrao_ocupacao": null,
        "vias_acesso": null,
        "localizacao_lote": null,
        "greide": null,
        "topografia": null,
        "aproveitamento_uso": null,
        "mel_calcada": null,
        "mel_iluminacao": null,
        "mel_coleta_lixo": null,
        "mel_internet": null,
        "mel_esgoto": null,
        "mel_luz": null,
        "mel_fossa": null,
        "mel_pavimentacao": null,
        "mel_gas": null,
        "mel_telefone": null,
        "obs_regiao": null,
        "tamanho_edificacao": null,
        "tempo_residencia": null,
        "material_paredes": null,
        "material_cobertura": null,
        "material_piso": null,
        "agua_canalizada": null,
        "agua_proveniente": null,
        "escoadouro": null,
        "mais_uma_familia": null,
        "num_pavimentos": null,
        "pavimentos_ocupante": null,
        "num_comodos": null,
        "comodos_dormitorio": null,
        "num_banheiros": null,
        "constr_descricao": null,
        "constr_idade": null,
        "constr_estado": null,
        "constr_perimetro": null,
        "constr_area": null,
        "tipo_edificacao": null,
        "faixa_dominio": null,
        "em_desnivel": null,
        "prioridade_demo": null,
        "risco_impacto": null,
        "status": "A cadastrar",
        "classificacao_padrao": null,
        "tipo_imovel": null,
        "latitude": -23.16936077,
        "longitude": -46.89951076
      },
      "geometry": {
        "type": "Point",
        "coordinates": [
          -46.8995107578,
          -23.1693607729
        ]
      }
    },
    {
      "type": "Feature",
      "properties": {
        "codigo": "casa 811",
        "nome": "",
        "municipio": "Jundiaí",
        "bairro": "Jardim Fepasa",
        "endereco": "",
        "infraestrutura_local": null,
        "padrao_ocupacao": null,
        "vias_acesso": null,
        "localizacao_lote": null,
        "greide": null,
        "topografia": null,
        "aproveitamento_uso": null,
        "mel_calcada": null,
        "mel_iluminacao": null,
        "mel_coleta_lixo": null,
        "mel_internet": null,
        "mel_esgoto": null,
        "mel_luz": null,
        "mel_fossa": null,
        "mel_pavimentacao": null,
        "mel_gas": null,
        "mel_telefone": null,
        "obs_regiao": null,
        "tamanho_edificacao": null,
        "tempo_residencia": null,
        "material_paredes": null,
        "material_cobertura": null,
        "material_piso": null,
        "agua_canalizada": null,
        "agua_proveniente": null,
        "escoadouro": null,
        "mais_uma_familia": null,
        "num_pavimentos": null,
        "pavimentos_ocupante": null,
        "num_comodos": null,
        "comodos_dormitorio": null,
        "num_banheiros": null,
        "constr_descricao": null,
        "constr_idade": null,
        "constr_estado": null,
        "constr_perimetro": null,
        "constr_area": null,
        "tipo_edificacao": null,
        "faixa_dominio": null,
        "em_desnivel": null,
        "prioridade_demo": null,
        "risco_impacto": null,
        "status": "A cadastrar",
        "classificacao_padrao": null,
        "tipo_imovel": null,
        "latitude": -23.16931422,
        "longitude": -46.89955741
      },
      "geometry": {
        "type": "Point",
        "coordinates": [
          -46.8995574095,
          -23.16931422
        ]
      }
    },
    {
      "type": "Feature",
      "properties": {
        "codigo": "casa 817",
        "nome": "",
        "municipio": "Jundiaí",
        "bairro": "Jardim Fepasa",
        "endereco": "",
        "infraestrutura_local": null,
        "padrao_ocupacao": null,
        "vias_acesso": null,
        "localizacao_lote": null,
        "greide": null,
        "topografia": null,
        "aproveitamento_uso": null,
        "mel_calcada": null,
        "mel_iluminacao": null,
        "mel_coleta_lixo": null,
        "mel_internet": null,
        "mel_esgoto": null,
        "mel_luz": null,
        "mel_fossa": null,
        "mel_pavimentacao": null,
        "mel_gas": null,
        "mel_telefone": null,
        "obs_regiao": null,
        "tamanho_edificacao": null,
        "tempo_residencia": null,
        "material_paredes": null,
        "material_cobertura": null,
        "material_piso": null,
        "agua_canalizada": null,
        "agua_proveniente": null,
        "escoadouro": null,
        "mais_uma_familia": null,
        "num_pavimentos": null,
        "pavimentos_ocupante": null,
        "num_comodos": null,
        "comodos_dormitorio": null,
        "num_banheiros": null,
        "constr_descricao": null,
        "constr_idade": null,
        "constr_estado": null,
        "constr_perimetro": null,
        "constr_area": null,
        "tipo_edificacao": null,
        "faixa_dominio": null,
        "em_desnivel": null,
        "prioridade_demo": null,
        "risco_impacto": null,
        "status": "A cadastrar",
        "classificacao_padrao": null,
        "tipo_imovel": null,
        "latitude": -23.16927321,
        "longitude": -46.89959653
      },
      "geometry": {
        "type": "Point",
        "coordinates": [
          -46.8995965273,
          -23.1692732105
        ]
      }
    },
    {
      "type": "Feature",
      "properties": {
        "codigo": "casa 823",
        "nome": "",
        "municipio": "Jundiaí",
        "bairro": "Jardim Fepasa",
        "endereco": "",
        "infraestrutura_local": null,
        "padrao_ocupacao": null,
        "vias_acesso": null,
        "localizacao_lote": null,
        "greide": null,
        "topografia": null,
        "aproveitamento_uso": null,
        "mel_calcada": null,
        "mel_iluminacao": null,
        "mel_coleta_lixo": null,
        "mel_internet": null,
        "mel_esgoto": null,
        "mel_luz": null,
        "mel_fossa": null,
        "mel_pavimentacao": null,
        "mel_gas": null,
        "mel_telefone": null,
        "obs_regiao": null,
        "tamanho_edificacao": null,
        "tempo_residencia": null,
        "material_paredes": null,
        "material_cobertura": null,
        "material_piso": null,
        "agua_canalizada": null,
        "agua_proveniente": null,
        "escoadouro": null,
        "mais_uma_familia": null,
        "num_pavimentos": null,
        "pavimentos_ocupante": null,
        "num_comodos": null,
        "comodos_dormitorio": null,
        "num_banheiros": null,
        "constr_descricao": null,
        "constr_idade": null,
        "constr_estado": null,
        "constr_perimetro": null,
        "constr_area": null,
        "tipo_edificacao": null,
        "faixa_dominio": null,
        "em_desnivel": null,
        "prioridade_demo": null,
        "risco_impacto": null,
        "status": "A cadastrar",
        "classificacao_padrao": null,
        "tipo_imovel": null,
        "latitude": -23.1692205,
        "longitude": -46.89964422
      },
      "geometry": {
        "type": "Point",
        "coordinates": [
          -46.8996442173,
          -23.1692204996
        ]
      }
    },
    {
      "type": "Feature",
      "properties": {
        "codigo": "casa 829",
        "nome": "",
        "municipio": "Jundiaí",
        "bairro": "Jardim Fepasa",
        "endereco": "",
        "infraestrutura_local": null,
        "padrao_ocupacao": null,
        "vias_acesso": null,
        "localizacao_lote": null,
        "greide": null,
        "topografia": null,
        "aproveitamento_uso": null,
        "mel_calcada": null,
        "mel_iluminacao": null,
        "mel_coleta_lixo": null,
        "mel_internet": null,
        "mel_esgoto": null,
        "mel_luz": null,
        "mel_fossa": null,
        "mel_pavimentacao": null,
        "mel_gas": null,
        "mel_telefone": null,
        "obs_regiao": null,
        "tamanho_edificacao": null,
        "tempo_residencia": null,
        "material_paredes": null,
        "material_cobertura": null,
        "material_piso": null,
        "agua_canalizada": null,
        "agua_proveniente": null,
        "escoadouro": null,
        "mais_uma_familia": null,
        "num_pavimentos": null,
        "pavimentos_ocupante": null,
        "num_comodos": null,
        "comodos_dormitorio": null,
        "num_banheiros": null,
        "constr_descricao": null,
        "constr_idade": null,
        "constr_estado": null,
        "constr_perimetro": null,
        "constr_area": null,
        "tipo_edificacao": null,
        "faixa_dominio": null,
        "em_desnivel": null,
        "prioridade_demo": null,
        "risco_impacto": null,
        "status": "A cadastrar",
        "classificacao_padrao": null,
        "tipo_imovel": null,
        "latitude": -23.16918266,
        "longitude": -46.89967417
      },
      "geometry": {
        "type": "Point",
        "coordinates": [
          -46.8996741687,
          -23.1691826606
        ]
      }
    },
    {
      "type": "Feature",
      "properties": {
        "codigo": "casa 835",
        "nome": "",
        "municipio": "Jundiaí",
        "bairro": "Jardim Fepasa",
        "endereco": "",
        "infraestrutura_local": null,
        "padrao_ocupacao": null,
        "vias_acesso": null,
        "localizacao_lote": null,
        "greide": null,
        "topografia": null,
        "aproveitamento_uso": null,
        "mel_calcada": null,
        "mel_iluminacao": null,
        "mel_coleta_lixo": null,
        "mel_internet": null,
        "mel_esgoto": null,
        "mel_luz": null,
        "mel_fossa": null,
        "mel_pavimentacao": null,
        "mel_gas": null,
        "mel_telefone": null,
        "obs_regiao": null,
        "tamanho_edificacao": null,
        "tempo_residencia": null,
        "material_paredes": null,
        "material_cobertura": null,
        "material_piso": null,
        "agua_canalizada": null,
        "agua_proveniente": null,
        "escoadouro": null,
        "mais_uma_familia": null,
        "num_pavimentos": null,
        "pavimentos_ocupante": null,
        "num_comodos": null,
        "comodos_dormitorio": null,
        "num_banheiros": null,
        "constr_descricao": null,
        "constr_idade": null,
        "constr_estado": null,
        "constr_perimetro": null,
        "constr_area": null,
        "tipo_edificacao": null,
        "faixa_dominio": null,
        "em_desnivel": null,
        "prioridade_demo": null,
        "risco_impacto": null,
        "status": "A cadastrar",
        "classificacao_padrao": null,
        "tipo_imovel": null,
        "latitude": -23.1691467,
        "longitude": -46.89969709
      },
      "geometry": {
        "type": "Point",
        "coordinates": [
          -46.8996970927,
          -23.1691467002
        ]
      }
    },
    {
      "type": "Feature",
      "properties": {
        "codigo": "casa 841",
        "nome": "",
        "municipio": "Jundiaí",
        "bairro": "Jardim Fepasa",
        "endereco": "",
        "infraestrutura_local": null,
        "padrao_ocupacao": null,
        "vias_acesso": null,
        "localizacao_lote": null,
        "greide": null,
        "topografia": null,
        "aproveitamento_uso": null,
        "mel_calcada": null,
        "mel_iluminacao": null,
        "mel_coleta_lixo": null,
        "mel_internet": null,
        "mel_esgoto": null,
        "mel_luz": null,
        "mel_fossa": null,
        "mel_pavimentacao": null,
        "mel_gas": null,
        "mel_telefone": null,
        "obs_regiao": null,
        "tamanho_edificacao": null,
        "tempo_residencia": null,
        "material_paredes": null,
        "material_cobertura": null,
        "material_piso": null,
        "agua_canalizada": null,
        "agua_proveniente": null,
        "escoadouro": null,
        "mais_uma_familia": null,
        "num_pavimentos": null,
        "pavimentos_ocupante": null,
        "num_comodos": null,
        "comodos_dormitorio": null,
        "num_banheiros": null,
        "constr_descricao": null,
        "constr_idade": null,
        "constr_estado": null,
        "constr_perimetro": null,
        "constr_area": null,
        "tipo_edificacao": null,
        "faixa_dominio": null,
        "em_desnivel": null,
        "prioridade_demo": null,
        "risco_impacto": null,
        "status": "A cadastrar",
        "classificacao_padrao": null,
        "tipo_imovel": null,
        "latitude": -23.16910413,
        "longitude": -46.89971974
      },
      "geometry": {
        "type": "Point",
        "coordinates": [
          -46.8997197385,
          -23.1691041278
        ]
      }
    },
    {
      "type": "Feature",
      "properties": {
        "codigo": "casa 847",
        "nome": "",
        "municipio": "Jundiaí",
        "bairro": "Jardim Fepasa",
        "endereco": "",
        "infraestrutura_local": null,
        "padrao_ocupacao": null,
        "vias_acesso": null,
        "localizacao_lote": null,
        "greide": null,
        "topografia": null,
        "aproveitamento_uso": null,
        "mel_calcada": null,
        "mel_iluminacao": null,
        "mel_coleta_lixo": null,
        "mel_internet": null,
        "mel_esgoto": null,
        "mel_luz": null,
        "mel_fossa": null,
        "mel_pavimentacao": null,
        "mel_gas": null,
        "mel_telefone": null,
        "obs_regiao": null,
        "tamanho_edificacao": null,
        "tempo_residencia": null,
        "material_paredes": null,
        "material_cobertura": null,
        "material_piso": null,
        "agua_canalizada": null,
        "agua_proveniente": null,
        "escoadouro": null,
        "mais_uma_familia": null,
        "num_pavimentos": null,
        "pavimentos_ocupante": null,
        "num_comodos": null,
        "comodos_dormitorio": null,
        "num_banheiros": null,
        "constr_descricao": null,
        "constr_idade": null,
        "constr_estado": null,
        "constr_perimetro": null,
        "constr_area": null,
        "tipo_edificacao": null,
        "faixa_dominio": null,
        "em_desnivel": null,
        "prioridade_demo": null,
        "risco_impacto": null,
        "status": "A cadastrar",
        "classificacao_padrao": null,
        "tipo_imovel": null,
        "latitude": -23.16903402,
        "longitude": -46.89975176
      },
      "geometry": {
        "type": "Point",
        "coordinates": [
          -46.8997517617,
          -23.1690340171
        ]
      }
    },
    {
      "type": "Feature",
      "properties": {
        "codigo": "casa 853",
        "nome": "",
        "municipio": "Jundiaí",
        "bairro": "Jardim Fepasa",
        "endereco": "",
        "infraestrutura_local": null,
        "padrao_ocupacao": null,
        "vias_acesso": null,
        "localizacao_lote": null,
        "greide": null,
        "topografia": null,
        "aproveitamento_uso": null,
        "mel_calcada": null,
        "mel_iluminacao": null,
        "mel_coleta_lixo": null,
        "mel_internet": null,
        "mel_esgoto": null,
        "mel_luz": null,
        "mel_fossa": null,
        "mel_pavimentacao": null,
        "mel_gas": null,
        "mel_telefone": null,
        "obs_regiao": null,
        "tamanho_edificacao": null,
        "tempo_residencia": null,
        "material_paredes": null,
        "material_cobertura": null,
        "material_piso": null,
        "agua_canalizada": null,
        "agua_proveniente": null,
        "escoadouro": null,
        "mais_uma_familia": null,
        "num_pavimentos": null,
        "pavimentos_ocupante": null,
        "num_comodos": null,
        "comodos_dormitorio": null,
        "num_banheiros": null,
        "constr_descricao": null,
        "constr_idade": null,
        "constr_estado": null,
        "constr_perimetro": null,
        "constr_area": null,
        "tipo_edificacao": null,
        "faixa_dominio": null,
        "em_desnivel": null,
        "prioridade_demo": null,
        "risco_impacto": null,
        "status": "A cadastrar",
        "classificacao_padrao": null,
        "tipo_imovel": null,
        "latitude": -23.16901259,
        "longitude": -46.89976106
      },
      "geometry": {
        "type": "Point",
        "coordinates": [
          -46.899761058,
          -23.1690125867
        ]
      }
    },
    {
      "type": "Feature",
      "properties": {
        "codigo": "casa 859",
        "nome": "",
        "municipio": "Jundiaí",
        "bairro": "Jardim Fepasa",
        "endereco": "",
        "infraestrutura_local": null,
        "padrao_ocupacao": null,
        "vias_acesso": null,
        "localizacao_lote": null,
        "greide": null,
        "topografia": null,
        "aproveitamento_uso": null,
        "mel_calcada": null,
        "mel_iluminacao": null,
        "mel_coleta_lixo": null,
        "mel_internet": null,
        "mel_esgoto": null,
        "mel_luz": null,
        "mel_fossa": null,
        "mel_pavimentacao": null,
        "mel_gas": null,
        "mel_telefone": null,
        "obs_regiao": null,
        "tamanho_edificacao": null,
        "tempo_residencia": null,
        "material_paredes": null,
        "material_cobertura": null,
        "material_piso": null,
        "agua_canalizada": null,
        "agua_proveniente": null,
        "escoadouro": null,
        "mais_uma_familia": null,
        "num_pavimentos": null,
        "pavimentos_ocupante": null,
        "num_comodos": null,
        "comodos_dormitorio": null,
        "num_banheiros": null,
        "constr_descricao": null,
        "constr_idade": null,
        "constr_estado": null,
        "constr_perimetro": null,
        "constr_area": null,
        "tipo_edificacao": null,
        "faixa_dominio": null,
        "em_desnivel": null,
        "prioridade_demo": null,
        "risco_impacto": null,
        "status": "A cadastrar",
        "classificacao_padrao": null,
        "tipo_imovel": null,
        "latitude": -23.16897554,
        "longitude": -46.89977783
      },
      "geometry": {
        "type": "Point",
        "coordinates": [
          -46.8997778301,
          -23.1689755447
        ]
      }
    },
    {
      "type": "Feature",
      "properties": {
        "codigo": "casa 865",
        "nome": "",
        "municipio": "Jundiaí",
        "bairro": "Jardim Fepasa",
        "endereco": "",
        "infraestrutura_local": null,
        "padrao_ocupacao": null,
        "vias_acesso": null,
        "localizacao_lote": null,
        "greide": null,
        "topografia": null,
        "aproveitamento_uso": null,
        "mel_calcada": null,
        "mel_iluminacao": null,
        "mel_coleta_lixo": null,
        "mel_internet": null,
        "mel_esgoto": null,
        "mel_luz": null,
        "mel_fossa": null,
        "mel_pavimentacao": null,
        "mel_gas": null,
        "mel_telefone": null,
        "obs_regiao": null,
        "tamanho_edificacao": null,
        "tempo_residencia": null,
        "material_paredes": null,
        "material_cobertura": null,
        "material_piso": null,
        "agua_canalizada": null,
        "agua_proveniente": null,
        "escoadouro": null,
        "mais_uma_familia": null,
        "num_pavimentos": null,
        "pavimentos_ocupante": null,
        "num_comodos": null,
        "comodos_dormitorio": null,
        "num_banheiros": null,
        "constr_descricao": null,
        "constr_idade": null,
        "constr_estado": null,
        "constr_perimetro": null,
        "constr_area": null,
        "tipo_edificacao": null,
        "faixa_dominio": null,
        "em_desnivel": null,
        "prioridade_demo": null,
        "risco_impacto": null,
        "status": "A cadastrar",
        "classificacao_padrao": null,
        "tipo_imovel": null,
        "latitude": -23.16894664,
        "longitude": -46.89979157
      },
      "geometry": {
        "type": "Point",
        "coordinates": [
          -46.8997915651,
          -23.1689466352
        ]
      }
    },
    {
      "type": "Feature",
      "properties": {
        "codigo": "casa 871",
        "nome": "",
        "municipio": "Jundiaí",
        "bairro": "Jardim Fepasa",
        "endereco": "",
        "infraestrutura_local": null,
        "padrao_ocupacao": null,
        "vias_acesso": null,
        "localizacao_lote": null,
        "greide": null,
        "topografia": null,
        "aproveitamento_uso": null,
        "mel_calcada": null,
        "mel_iluminacao": null,
        "mel_coleta_lixo": null,
        "mel_internet": null,
        "mel_esgoto": null,
        "mel_luz": null,
        "mel_fossa": null,
        "mel_pavimentacao": null,
        "mel_gas": null,
        "mel_telefone": null,
        "obs_regiao": null,
        "tamanho_edificacao": null,
        "tempo_residencia": null,
        "material_paredes": null,
        "material_cobertura": null,
        "material_piso": null,
        "agua_canalizada": null,
        "agua_proveniente": null,
        "escoadouro": null,
        "mais_uma_familia": null,
        "num_pavimentos": null,
        "pavimentos_ocupante": null,
        "num_comodos": null,
        "comodos_dormitorio": null,
        "num_banheiros": null,
        "constr_descricao": null,
        "constr_idade": null,
        "constr_estado": null,
        "constr_perimetro": null,
        "constr_area": null,
        "tipo_edificacao": null,
        "faixa_dominio": null,
        "em_desnivel": null,
        "prioridade_demo": null,
        "risco_impacto": null,
        "status": "A cadastrar",
        "classificacao_padrao": null,
        "tipo_imovel": null,
        "latitude": -23.16892085,
        "longitude": -46.89980489
      },
      "geometry": {
        "type": "Point",
        "coordinates": [
          -46.899804891,
          -23.1689208505
        ]
      }
    },
    {
      "type": "Feature",
      "properties": {
        "codigo": "casa 877",
        "nome": "",
        "municipio": "Jundiaí",
        "bairro": "Jardim Fepasa",
        "endereco": "",
        "infraestrutura_local": null,
        "padrao_ocupacao": null,
        "vias_acesso": null,
        "localizacao_lote": null,
        "greide": null,
        "topografia": null,
        "aproveitamento_uso": null,
        "mel_calcada": null,
        "mel_iluminacao": null,
        "mel_coleta_lixo": null,
        "mel_internet": null,
        "mel_esgoto": null,
        "mel_luz": null,
        "mel_fossa": null,
        "mel_pavimentacao": null,
        "mel_gas": null,
        "mel_telefone": null,
        "obs_regiao": null,
        "tamanho_edificacao": null,
        "tempo_residencia": null,
        "material_paredes": null,
        "material_cobertura": null,
        "material_piso": null,
        "agua_canalizada": null,
        "agua_proveniente": null,
        "escoadouro": null,
        "mais_uma_familia": null,
        "num_pavimentos": null,
        "pavimentos_ocupante": null,
        "num_comodos": null,
        "comodos_dormitorio": null,
        "num_banheiros": null,
        "constr_descricao": null,
        "constr_idade": null,
        "constr_estado": null,
        "constr_perimetro": null,
        "constr_area": null,
        "tipo_edificacao": null,
        "faixa_dominio": null,
        "em_desnivel": null,
        "prioridade_demo": null,
        "risco_impacto": null,
        "status": "A cadastrar",
        "classificacao_padrao": null,
        "tipo_imovel": null,
        "latitude": -23.16889508,
        "longitude": -46.89981869
      },
      "geometry": {
        "type": "Point",
        "coordinates": [
          -46.8998186898,
          -23.1688950757
        ]
      }
    },
    {
      "type": "Feature",
      "properties": {
        "codigo": "casa 883",
        "nome": "",
        "municipio": "Jundiaí",
        "bairro": "Jardim Fepasa",
        "endereco": "",
        "infraestrutura_local": null,
        "padrao_ocupacao": null,
        "vias_acesso": null,
        "localizacao_lote": null,
        "greide": null,
        "topografia": null,
        "aproveitamento_uso": null,
        "mel_calcada": null,
        "mel_iluminacao": null,
        "mel_coleta_lixo": null,
        "mel_internet": null,
        "mel_esgoto": null,
        "mel_luz": null,
        "mel_fossa": null,
        "mel_pavimentacao": null,
        "mel_gas": null,
        "mel_telefone": null,
        "obs_regiao": null,
        "tamanho_edificacao": null,
        "tempo_residencia": null,
        "material_paredes": null,
        "material_cobertura": null,
        "material_piso": null,
        "agua_canalizada": null,
        "agua_proveniente": null,
        "escoadouro": null,
        "mais_uma_familia": null,
        "num_pavimentos": null,
        "pavimentos_ocupante": null,
        "num_comodos": null,
        "comodos_dormitorio": null,
        "num_banheiros": null,
        "constr_descricao": null,
        "constr_idade": null,
        "constr_estado": null,
        "constr_perimetro": null,
        "constr_area": null,
        "tipo_edificacao": null,
        "faixa_dominio": null,
        "em_desnivel": null,
        "prioridade_demo": null,
        "risco_impacto": null,
        "status": "A cadastrar",
        "classificacao_padrao": null,
        "tipo_imovel": null,
        "latitude": -23.16884073,
        "longitude": -46.89985321
      },
      "geometry": {
        "type": "Point",
        "coordinates": [
          -46.8998532105,
          -23.1688407264
        ]
      }
    },
    {
      "type": "Feature",
      "properties": {
        "codigo": "casa 889",
        "nome": "",
        "municipio": "Jundiaí",
        "bairro": "Jardim Fepasa",
        "endereco": "",
        "infraestrutura_local": null,
        "padrao_ocupacao": null,
        "vias_acesso": null,
        "localizacao_lote": null,
        "greide": null,
        "topografia": null,
        "aproveitamento_uso": null,
        "mel_calcada": null,
        "mel_iluminacao": null,
        "mel_coleta_lixo": null,
        "mel_internet": null,
        "mel_esgoto": null,
        "mel_luz": null,
        "mel_fossa": null,
        "mel_pavimentacao": null,
        "mel_gas": null,
        "mel_telefone": null,
        "obs_regiao": null,
        "tamanho_edificacao": null,
        "tempo_residencia": null,
        "material_paredes": null,
        "material_cobertura": null,
        "material_piso": null,
        "agua_canalizada": null,
        "agua_proveniente": null,
        "escoadouro": null,
        "mais_uma_familia": null,
        "num_pavimentos": null,
        "pavimentos_ocupante": null,
        "num_comodos": null,
        "comodos_dormitorio": null,
        "num_banheiros": null,
        "constr_descricao": null,
        "constr_idade": null,
        "constr_estado": null,
        "constr_perimetro": null,
        "constr_area": null,
        "tipo_edificacao": null,
        "faixa_dominio": null,
        "em_desnivel": null,
        "prioridade_demo": null,
        "risco_impacto": null,
        "status": "A cadastrar",
        "classificacao_padrao": null,
        "tipo_imovel": null,
        "latitude": -23.16881455,
        "longitude": -46.89987166
      },
      "geometry": {
        "type": "Point",
        "coordinates": [
          -46.8998716636,
          -23.1688145482
        ]
      }
    },
    {
      "type": "Feature",
      "properties": {
        "codigo": "casa 895",
        "nome": "",
        "municipio": "Jundiaí",
        "bairro": "Jardim Fepasa",
        "endereco": "",
        "infraestrutura_local": null,
        "padrao_ocupacao": null,
        "vias_acesso": null,
        "localizacao_lote": null,
        "greide": null,
        "topografia": null,
        "aproveitamento_uso": null,
        "mel_calcada": null,
        "mel_iluminacao": null,
        "mel_coleta_lixo": null,
        "mel_internet": null,
        "mel_esgoto": null,
        "mel_luz": null,
        "mel_fossa": null,
        "mel_pavimentacao": null,
        "mel_gas": null,
        "mel_telefone": null,
        "obs_regiao": null,
        "tamanho_edificacao": null,
        "tempo_residencia": null,
        "material_paredes": null,
        "material_cobertura": null,
        "material_piso": null,
        "agua_canalizada": null,
        "agua_proveniente": null,
        "escoadouro": null,
        "mais_uma_familia": null,
        "num_pavimentos": null,
        "pavimentos_ocupante": null,
        "num_comodos": null,
        "comodos_dormitorio": null,
        "num_banheiros": null,
        "constr_descricao": null,
        "constr_idade": null,
        "constr_estado": null,
        "constr_perimetro": null,
        "constr_area": null,
        "tipo_edificacao": null,
        "faixa_dominio": null,
        "em_desnivel": null,
        "prioridade_demo": null,
        "risco_impacto": null,
        "status": "A cadastrar",
        "classificacao_padrao": null,
        "tipo_imovel": null,
        "latitude": -23.16878948,
        "longitude": -46.89988902
      },
      "geometry": {
        "type": "Point",
        "coordinates": [
          -46.8998890152,
          -23.168789477
        ]
      }
    },
    {
      "type": "Feature",
      "properties": {
        "codigo": "casa 901",
        "nome": "",
        "municipio": "Jundiaí",
        "bairro": "Jardim Fepasa",
        "endereco": "",
        "infraestrutura_local": null,
        "padrao_ocupacao": null,
        "vias_acesso": null,
        "localizacao_lote": null,
        "greide": null,
        "topografia": null,
        "aproveitamento_uso": null,
        "mel_calcada": null,
        "mel_iluminacao": null,
        "mel_coleta_lixo": null,
        "mel_internet": null,
        "mel_esgoto": null,
        "mel_luz": null,
        "mel_fossa": null,
        "mel_pavimentacao": null,
        "mel_gas": null,
        "mel_telefone": null,
        "obs_regiao": null,
        "tamanho_edificacao": null,
        "tempo_residencia": null,
        "material_paredes": null,
        "material_cobertura": null,
        "material_piso": null,
        "agua_canalizada": null,
        "agua_proveniente": null,
        "escoadouro": null,
        "mais_uma_familia": null,
        "num_pavimentos": null,
        "pavimentos_ocupante": null,
        "num_comodos": null,
        "comodos_dormitorio": null,
        "num_banheiros": null,
        "constr_descricao": null,
        "constr_idade": null,
        "constr_estado": null,
        "constr_perimetro": null,
        "constr_area": null,
        "tipo_edificacao": null,
        "faixa_dominio": null,
        "em_desnivel": null,
        "prioridade_demo": null,
        "risco_impacto": null,
        "status": "A cadastrar",
        "classificacao_padrao": null,
        "tipo_imovel": null,
        "latitude": -23.16876413,
        "longitude": -46.89990679
      },
      "geometry": {
        "type": "Point",
        "coordinates": [
          -46.8999067931,
          -23.1687641346
        ]
      }
    },
    {
      "type": "Feature",
      "properties": {
        "codigo": "casa 907",
        "nome": "",
        "municipio": "Jundiaí",
        "bairro": "Jardim Fepasa",
        "endereco": "",
        "infraestrutura_local": null,
        "padrao_ocupacao": null,
        "vias_acesso": null,
        "localizacao_lote": null,
        "greide": null,
        "topografia": null,
        "aproveitamento_uso": null,
        "mel_calcada": null,
        "mel_iluminacao": null,
        "mel_coleta_lixo": null,
        "mel_internet": null,
        "mel_esgoto": null,
        "mel_luz": null,
        "mel_fossa": null,
        "mel_pavimentacao": null,
        "mel_gas": null,
        "mel_telefone": null,
        "obs_regiao": null,
        "tamanho_edificacao": null,
        "tempo_residencia": null,
        "material_paredes": null,
        "material_cobertura": null,
        "material_piso": null,
        "agua_canalizada": null,
        "agua_proveniente": null,
        "escoadouro": null,
        "mais_uma_familia": null,
        "num_pavimentos": null,
        "pavimentos_ocupante": null,
        "num_comodos": null,
        "comodos_dormitorio": null,
        "num_banheiros": null,
        "constr_descricao": null,
        "constr_idade": null,
        "constr_estado": null,
        "constr_perimetro": null,
        "constr_area": null,
        "tipo_edificacao": null,
        "faixa_dominio": null,
        "em_desnivel": null,
        "prioridade_demo": null,
        "risco_impacto": null,
        "status": "A cadastrar",
        "classificacao_padrao": null,
        "tipo_imovel": null,
        "latitude": -23.16873727,
        "longitude": -46.89992498
      },
      "geometry": {
        "type": "Point",
        "coordinates": [
          -46.8999249832,
          -23.1687372735
        ]
      }
    },
    {
      "type": "Feature",
      "properties": {
        "codigo": "casa 913",
        "nome": "",
        "municipio": "Jundiaí",
        "bairro": "Jardim Fepasa",
        "endereco": "",
        "infraestrutura_local": null,
        "padrao_ocupacao": null,
        "vias_acesso": null,
        "localizacao_lote": null,
        "greide": null,
        "topografia": null,
        "aproveitamento_uso": null,
        "mel_calcada": null,
        "mel_iluminacao": null,
        "mel_coleta_lixo": null,
        "mel_internet": null,
        "mel_esgoto": null,
        "mel_luz": null,
        "mel_fossa": null,
        "mel_pavimentacao": null,
        "mel_gas": null,
        "mel_telefone": null,
        "obs_regiao": null,
        "tamanho_edificacao": null,
        "tempo_residencia": null,
        "material_paredes": null,
        "material_cobertura": null,
        "material_piso": null,
        "agua_canalizada": null,
        "agua_proveniente": null,
        "escoadouro": null,
        "mais_uma_familia": null,
        "num_pavimentos": null,
        "pavimentos_ocupante": null,
        "num_comodos": null,
        "comodos_dormitorio": null,
        "num_banheiros": null,
        "constr_descricao": null,
        "constr_idade": null,
        "constr_estado": null,
        "constr_perimetro": null,
        "constr_area": null,
        "tipo_edificacao": null,
        "faixa_dominio": null,
        "em_desnivel": null,
        "prioridade_demo": null,
        "risco_impacto": null,
        "status": "A cadastrar",
        "classificacao_padrao": null,
        "tipo_imovel": null,
        "latitude": -23.1687085,
        "longitude": -46.89994545
      },
      "geometry": {
        "type": "Point",
        "coordinates": [
          -46.899945448,
          -23.1687084971
        ]
      }
    },
    {
      "type": "Feature",
      "properties": {
        "codigo": "casa 919",
        "nome": "",
        "municipio": "Jundiaí",
        "bairro": "Jardim Fepasa",
        "endereco": "",
        "infraestrutura_local": null,
        "padrao_ocupacao": null,
        "vias_acesso": null,
        "localizacao_lote": null,
        "greide": null,
        "topografia": null,
        "aproveitamento_uso": null,
        "mel_calcada": null,
        "mel_iluminacao": null,
        "mel_coleta_lixo": null,
        "mel_internet": null,
        "mel_esgoto": null,
        "mel_luz": null,
        "mel_fossa": null,
        "mel_pavimentacao": null,
        "mel_gas": null,
        "mel_telefone": null,
        "obs_regiao": null,
        "tamanho_edificacao": null,
        "tempo_residencia": null,
        "material_paredes": null,
        "material_cobertura": null,
        "material_piso": null,
        "agua_canalizada": null,
        "agua_proveniente": null,
        "escoadouro": null,
        "mais_uma_familia": null,
        "num_pavimentos": null,
        "pavimentos_ocupante": null,
        "num_comodos": null,
        "comodos_dormitorio": null,
        "num_banheiros": null,
        "constr_descricao": null,
        "constr_idade": null,
        "constr_estado": null,
        "constr_perimetro": null,
        "constr_area": null,
        "tipo_edificacao": null,
        "faixa_dominio": null,
        "em_desnivel": null,
        "prioridade_demo": null,
        "risco_impacto": null,
        "status": "A cadastrar",
        "classificacao_padrao": null,
        "tipo_imovel": null,
        "latitude": -23.16867034,
        "longitude": -46.89997194
      },
      "geometry": {
        "type": "Point",
        "coordinates": [
          -46.8999719445,
          -23.1686703435
        ]
      }
    },
    {
      "type": "Feature",
      "properties": {
        "codigo": "casa 925",
        "nome": "",
        "municipio": "Jundiaí",
        "bairro": "Jardim Fepasa",
        "endereco": "",
        "infraestrutura_local": null,
        "padrao_ocupacao": null,
        "vias_acesso": null,
        "localizacao_lote": null,
        "greide": null,
        "topografia": null,
        "aproveitamento_uso": null,
        "mel_calcada": null,
        "mel_iluminacao": null,
        "mel_coleta_lixo": null,
        "mel_internet": null,
        "mel_esgoto": null,
        "mel_luz": null,
        "mel_fossa": null,
        "mel_pavimentacao": null,
        "mel_gas": null,
        "mel_telefone": null,
        "obs_regiao": null,
        "tamanho_edificacao": null,
        "tempo_residencia": null,
        "material_paredes": null,
        "material_cobertura": null,
        "material_piso": null,
        "agua_canalizada": null,
        "agua_proveniente": null,
        "escoadouro": null,
        "mais_uma_familia": null,
        "num_pavimentos": null,
        "pavimentos_ocupante": null,
        "num_comodos": null,
        "comodos_dormitorio": null,
        "num_banheiros": null,
        "constr_descricao": null,
        "constr_idade": null,
        "constr_estado": null,
        "constr_perimetro": null,
        "constr_area": null,
        "tipo_edificacao": null,
        "faixa_dominio": null,
        "em_desnivel": null,
        "prioridade_demo": null,
        "risco_impacto": null,
        "status": "A cadastrar",
        "classificacao_padrao": null,
        "tipo_imovel": null,
        "latitude": -23.16863912,
        "longitude": -46.89999369
      },
      "geometry": {
        "type": "Point",
        "coordinates": [
          -46.8999936877,
          -23.1686391243
        ]
      }
    },
    {
      "type": "Feature",
      "properties": {
        "codigo": "casa 931",
        "nome": "",
        "municipio": "Jundiaí",
        "bairro": "Jardim Fepasa",
        "endereco": "",
        "infraestrutura_local": null,
        "padrao_ocupacao": null,
        "vias_acesso": null,
        "localizacao_lote": null,
        "greide": null,
        "topografia": null,
        "aproveitamento_uso": null,
        "mel_calcada": null,
        "mel_iluminacao": null,
        "mel_coleta_lixo": null,
        "mel_internet": null,
        "mel_esgoto": null,
        "mel_luz": null,
        "mel_fossa": null,
        "mel_pavimentacao": null,
        "mel_gas": null,
        "mel_telefone": null,
        "obs_regiao": null,
        "tamanho_edificacao": null,
        "tempo_residencia": null,
        "material_paredes": null,
        "material_cobertura": null,
        "material_piso": null,
        "agua_canalizada": null,
        "agua_proveniente": null,
        "escoadouro": null,
        "mais_uma_familia": null,
        "num_pavimentos": null,
        "pavimentos_ocupante": null,
        "num_comodos": null,
        "comodos_dormitorio": null,
        "num_banheiros": null,
        "constr_descricao": null,
        "constr_idade": null,
        "constr_estado": null,
        "constr_perimetro": null,
        "constr_area": null,
        "tipo_edificacao": null,
        "faixa_dominio": null,
        "em_desnivel": null,
        "prioridade_demo": null,
        "risco_impacto": null,
        "status": "A cadastrar",
        "classificacao_padrao": null,
        "tipo_imovel": null,
        "latitude": -23.1686144,
        "longitude": -46.90001064
      },
      "geometry": {
        "type": "Point",
        "coordinates": [
          -46.9000106352,
          -23.168614398
        ]
      }
    },
    {
      "type": "Feature",
      "properties": {
        "codigo": "casa 937",
        "nome": "",
        "municipio": "Jundiaí",
        "bairro": "Jardim Fepasa",
        "endereco": "",
        "infraestrutura_local": null,
        "padrao_ocupacao": null,
        "vias_acesso": null,
        "localizacao_lote": null,
        "greide": null,
        "topografia": null,
        "aproveitamento_uso": null,
        "mel_calcada": null,
        "mel_iluminacao": null,
        "mel_coleta_lixo": null,
        "mel_internet": null,
        "mel_esgoto": null,
        "mel_luz": null,
        "mel_fossa": null,
        "mel_pavimentacao": null,
        "mel_gas": null,
        "mel_telefone": null,
        "obs_regiao": null,
        "tamanho_edificacao": null,
        "tempo_residencia": null,
        "material_paredes": null,
        "material_cobertura": null,
        "material_piso": null,
        "agua_canalizada": null,
        "agua_proveniente": null,
        "escoadouro": null,
        "mais_uma_familia": null,
        "num_pavimentos": null,
        "pavimentos_ocupante": null,
        "num_comodos": null,
        "comodos_dormitorio": null,
        "num_banheiros": null,
        "constr_descricao": null,
        "constr_idade": null,
        "constr_estado": null,
        "constr_perimetro": null,
        "constr_area": null,
        "tipo_edificacao": null,
        "faixa_dominio": null,
        "em_desnivel": null,
        "prioridade_demo": null,
        "risco_impacto": null,
        "status": "A cadastrar",
        "classificacao_padrao": null,
        "tipo_imovel": null,
        "latitude": -23.16858825,
        "longitude": -46.90002919
      },
      "geometry": {
        "type": "Point",
        "coordinates": [
          -46.9000291932,
          -23.1685882495
        ]
      }
    },
    {
      "type": "Feature",
      "properties": {
        "codigo": "casa 943",
        "nome": "",
        "municipio": "Jundiaí",
        "bairro": "Jardim Fepasa",
        "endereco": "",
        "infraestrutura_local": null,
        "padrao_ocupacao": null,
        "vias_acesso": null,
        "localizacao_lote": null,
        "greide": null,
        "topografia": null,
        "aproveitamento_uso": null,
        "mel_calcada": null,
        "mel_iluminacao": null,
        "mel_coleta_lixo": null,
        "mel_internet": null,
        "mel_esgoto": null,
        "mel_luz": null,
        "mel_fossa": null,
        "mel_pavimentacao": null,
        "mel_gas": null,
        "mel_telefone": null,
        "obs_regiao": null,
        "tamanho_edificacao": null,
        "tempo_residencia": null,
        "material_paredes": null,
        "material_cobertura": null,
        "material_piso": null,
        "agua_canalizada": null,
        "agua_proveniente": null,
        "escoadouro": null,
        "mais_uma_familia": null,
        "num_pavimentos": null,
        "pavimentos_ocupante": null,
        "num_comodos": null,
        "comodos_dormitorio": null,
        "num_banheiros": null,
        "constr_descricao": null,
        "constr_idade": null,
        "constr_estado": null,
        "constr_perimetro": null,
        "constr_area": null,
        "tipo_edificacao": null,
        "faixa_dominio": null,
        "em_desnivel": null,
        "prioridade_demo": null,
        "risco_impacto": null,
        "status": "A cadastrar",
        "classificacao_padrao": null,
        "tipo_imovel": null,
        "latitude": -23.16856314,
        "longitude": -46.90004649
      },
      "geometry": {
        "type": "Point",
        "coordinates": [
          -46.9000464928,
          -23.1685631363
        ]
      }
    },
    {
      "type": "Feature",
      "properties": {
        "codigo": "casa 949",
        "nome": "",
        "municipio": "Jundiaí",
        "bairro": "Jardim Fepasa",
        "endereco": "",
        "infraestrutura_local": null,
        "padrao_ocupacao": null,
        "vias_acesso": null,
        "localizacao_lote": null,
        "greide": null,
        "topografia": null,
        "aproveitamento_uso": null,
        "mel_calcada": null,
        "mel_iluminacao": null,
        "mel_coleta_lixo": null,
        "mel_internet": null,
        "mel_esgoto": null,
        "mel_luz": null,
        "mel_fossa": null,
        "mel_pavimentacao": null,
        "mel_gas": null,
        "mel_telefone": null,
        "obs_regiao": null,
        "tamanho_edificacao": null,
        "tempo_residencia": null,
        "material_paredes": null,
        "material_cobertura": null,
        "material_piso": null,
        "agua_canalizada": null,
        "agua_proveniente": null,
        "escoadouro": null,
        "mais_uma_familia": null,
        "num_pavimentos": null,
        "pavimentos_ocupante": null,
        "num_comodos": null,
        "comodos_dormitorio": null,
        "num_banheiros": null,
        "constr_descricao": null,
        "constr_idade": null,
        "constr_estado": null,
        "constr_perimetro": null,
        "constr_area": null,
        "tipo_edificacao": null,
        "faixa_dominio": null,
        "em_desnivel": null,
        "prioridade_demo": null,
        "risco_impacto": null,
        "status": "A cadastrar",
        "classificacao_padrao": null,
        "tipo_imovel": null,
        "latitude": -23.16853747,
        "longitude": -46.90006482
      },
      "geometry": {
        "type": "Point",
        "coordinates": [
          -46.9000648161,
          -23.168537471
        ]
      }
    },
    {
      "type": "Feature",
      "properties": {
        "codigo": "casa 955",
        "nome": "",
        "municipio": "Jundiaí",
        "bairro": "Jardim Fepasa",
        "endereco": "",
        "infraestrutura_local": null,
        "padrao_ocupacao": null,
        "vias_acesso": null,
        "localizacao_lote": null,
        "greide": null,
        "topografia": null,
        "aproveitamento_uso": null,
        "mel_calcada": null,
        "mel_iluminacao": null,
        "mel_coleta_lixo": null,
        "mel_internet": null,
        "mel_esgoto": null,
        "mel_luz": null,
        "mel_fossa": null,
        "mel_pavimentacao": null,
        "mel_gas": null,
        "mel_telefone": null,
        "obs_regiao": null,
        "tamanho_edificacao": null,
        "tempo_residencia": null,
        "material_paredes": null,
        "material_cobertura": null,
        "material_piso": null,
        "agua_canalizada": null,
        "agua_proveniente": null,
        "escoadouro": null,
        "mais_uma_familia": null,
        "num_pavimentos": null,
        "pavimentos_ocupante": null,
        "num_comodos": null,
        "comodos_dormitorio": null,
        "num_banheiros": null,
        "constr_descricao": null,
        "constr_idade": null,
        "constr_estado": null,
        "constr_perimetro": null,
        "constr_area": null,
        "tipo_edificacao": null,
        "faixa_dominio": null,
        "em_desnivel": null,
        "prioridade_demo": null,
        "risco_impacto": null,
        "status": "A cadastrar",
        "classificacao_padrao": null,
        "tipo_imovel": null,
        "latitude": -23.16848864,
        "longitude": -46.90009873
      },
      "geometry": {
        "type": "Point",
        "coordinates": [
          -46.9000987256,
          -23.1684886403
        ]
      }
    },
    {
      "type": "Feature",
      "properties": {
        "codigo": "casa 961",
        "nome": "",
        "municipio": "Jundiaí",
        "bairro": "Jardim Fepasa",
        "endereco": "",
        "infraestrutura_local": null,
        "padrao_ocupacao": null,
        "vias_acesso": null,
        "localizacao_lote": null,
        "greide": null,
        "topografia": null,
        "aproveitamento_uso": null,
        "mel_calcada": null,
        "mel_iluminacao": null,
        "mel_coleta_lixo": null,
        "mel_internet": null,
        "mel_esgoto": null,
        "mel_luz": null,
        "mel_fossa": null,
        "mel_pavimentacao": null,
        "mel_gas": null,
        "mel_telefone": null,
        "obs_regiao": null,
        "tamanho_edificacao": null,
        "tempo_residencia": null,
        "material_paredes": null,
        "material_cobertura": null,
        "material_piso": null,
        "agua_canalizada": null,
        "agua_proveniente": null,
        "escoadouro": null,
        "mais_uma_familia": null,
        "num_pavimentos": null,
        "pavimentos_ocupante": null,
        "num_comodos": null,
        "comodos_dormitorio": null,
        "num_banheiros": null,
        "constr_descricao": null,
        "constr_idade": null,
        "constr_estado": null,
        "constr_perimetro": null,
        "constr_area": null,
        "tipo_edificacao": null,
        "faixa_dominio": null,
        "em_desnivel": null,
        "prioridade_demo": null,
        "risco_impacto": null,
        "status": "A cadastrar",
        "classificacao_padrao": null,
        "tipo_imovel": null,
        "latitude": -23.1684614,
        "longitude": -46.90011718
      },
      "geometry": {
        "type": "Point",
        "coordinates": [
          -46.9001171768,
          -23.1684614031
        ]
      }
    },
    {
      "type": "Feature",
      "properties": {
        "codigo": "casa 967",
        "nome": "",
        "municipio": "Jundiaí",
        "bairro": "Jardim Fepasa",
        "endereco": "",
        "infraestrutura_local": null,
        "padrao_ocupacao": null,
        "vias_acesso": null,
        "localizacao_lote": null,
        "greide": null,
        "topografia": null,
        "aproveitamento_uso": null,
        "mel_calcada": null,
        "mel_iluminacao": null,
        "mel_coleta_lixo": null,
        "mel_internet": null,
        "mel_esgoto": null,
        "mel_luz": null,
        "mel_fossa": null,
        "mel_pavimentacao": null,
        "mel_gas": null,
        "mel_telefone": null,
        "obs_regiao": null,
        "tamanho_edificacao": null,
        "tempo_residencia": null,
        "material_paredes": null,
        "material_cobertura": null,
        "material_piso": null,
        "agua_canalizada": null,
        "agua_proveniente": null,
        "escoadouro": null,
        "mais_uma_familia": null,
        "num_pavimentos": null,
        "pavimentos_ocupante": null,
        "num_comodos": null,
        "comodos_dormitorio": null,
        "num_banheiros": null,
        "constr_descricao": null,
        "constr_idade": null,
        "constr_estado": null,
        "constr_perimetro": null,
        "constr_area": null,
        "tipo_edificacao": null,
        "faixa_dominio": null,
        "em_desnivel": null,
        "prioridade_demo": null,
        "risco_impacto": null,
        "status": "A cadastrar",
        "classificacao_padrao": null,
        "tipo_imovel": null,
        "latitude": -23.16843595,
        "longitude": -46.90013944
      },
      "geometry": {
        "type": "Point",
        "coordinates": [
          -46.9001394398,
          -23.1684359482
        ]
      }
    },
    {
      "type": "Feature",
      "properties": {
        "codigo": "casa 973",
        "nome": "",
        "municipio": "Jundiaí",
        "bairro": "Jardim Fepasa",
        "endereco": "",
        "infraestrutura_local": null,
        "padrao_ocupacao": null,
        "vias_acesso": null,
        "localizacao_lote": null,
        "greide": null,
        "topografia": null,
        "aproveitamento_uso": null,
        "mel_calcada": null,
        "mel_iluminacao": null,
        "mel_coleta_lixo": null,
        "mel_internet": null,
        "mel_esgoto": null,
        "mel_luz": null,
        "mel_fossa": null,
        "mel_pavimentacao": null,
        "mel_gas": null,
        "mel_telefone": null,
        "obs_regiao": null,
        "tamanho_edificacao": null,
        "tempo_residencia": null,
        "material_paredes": null,
        "material_cobertura": null,
        "material_piso": null,
        "agua_canalizada": null,
        "agua_proveniente": null,
        "escoadouro": null,
        "mais_uma_familia": null,
        "num_pavimentos": null,
        "pavimentos_ocupante": null,
        "num_comodos": null,
        "comodos_dormitorio": null,
        "num_banheiros": null,
        "constr_descricao": null,
        "constr_idade": null,
        "constr_estado": null,
        "constr_perimetro": null,
        "constr_area": null,
        "tipo_edificacao": null,
        "faixa_dominio": null,
        "em_desnivel": null,
        "prioridade_demo": null,
        "risco_impacto": null,
        "status": "A cadastrar",
        "classificacao_padrao": null,
        "tipo_imovel": null,
        "latitude": -23.16840877,
        "longitude": -46.90015449
      },
      "geometry": {
        "type": "Point",
        "coordinates": [
          -46.9001544905,
          -23.1684087738
        ]
      }
    },
    {
      "type": "Feature",
      "properties": {
        "codigo": "casa 979",
        "nome": "",
        "municipio": "Jundiaí",
        "bairro": "Jardim Fepasa",
        "endereco": "",
        "infraestrutura_local": null,
        "padrao_ocupacao": null,
        "vias_acesso": null,
        "localizacao_lote": null,
        "greide": null,
        "topografia": null,
        "aproveitamento_uso": null,
        "mel_calcada": null,
        "mel_iluminacao": null,
        "mel_coleta_lixo": null,
        "mel_internet": null,
        "mel_esgoto": null,
        "mel_luz": null,
        "mel_fossa": null,
        "mel_pavimentacao": null,
        "mel_gas": null,
        "mel_telefone": null,
        "obs_regiao": null,
        "tamanho_edificacao": null,
        "tempo_residencia": null,
        "material_paredes": null,
        "material_cobertura": null,
        "material_piso": null,
        "agua_canalizada": null,
        "agua_proveniente": null,
        "escoadouro": null,
        "mais_uma_familia": null,
        "num_pavimentos": null,
        "pavimentos_ocupante": null,
        "num_comodos": null,
        "comodos_dormitorio": null,
        "num_banheiros": null,
        "constr_descricao": null,
        "constr_idade": null,
        "constr_estado": null,
        "constr_perimetro": null,
        "constr_area": null,
        "tipo_edificacao": null,
        "faixa_dominio": null,
        "em_desnivel": null,
        "prioridade_demo": null,
        "risco_impacto": null,
        "status": "A cadastrar",
        "classificacao_padrao": null,
        "tipo_imovel": null,
        "latitude": -23.16838711,
        "longitude": -46.90016935
      },
      "geometry": {
        "type": "Point",
        "coordinates": [
          -46.900169354,
          -23.1683871078
        ]
      }
    },
    {
      "type": "Feature",
      "properties": {
        "codigo": "casa 985",
        "nome": "",
        "municipio": "Jundiaí",
        "bairro": "Jardim Fepasa",
        "endereco": "",
        "infraestrutura_local": null,
        "padrao_ocupacao": null,
        "vias_acesso": null,
        "localizacao_lote": null,
        "greide": null,
        "topografia": null,
        "aproveitamento_uso": null,
        "mel_calcada": null,
        "mel_iluminacao": null,
        "mel_coleta_lixo": null,
        "mel_internet": null,
        "mel_esgoto": null,
        "mel_luz": null,
        "mel_fossa": null,
        "mel_pavimentacao": null,
        "mel_gas": null,
        "mel_telefone": null,
        "obs_regiao": null,
        "tamanho_edificacao": null,
        "tempo_residencia": null,
        "material_paredes": null,
        "material_cobertura": null,
        "material_piso": null,
        "agua_canalizada": null,
        "agua_proveniente": null,
        "escoadouro": null,
        "mais_uma_familia": null,
        "num_pavimentos": null,
        "pavimentos_ocupante": null,
        "num_comodos": null,
        "comodos_dormitorio": null,
        "num_banheiros": null,
        "constr_descricao": null,
        "constr_idade": null,
        "constr_estado": null,
        "constr_perimetro": null,
        "constr_area": null,
        "tipo_edificacao": null,
        "faixa_dominio": null,
        "em_desnivel": null,
        "prioridade_demo": null,
        "risco_impacto": null,
        "status": "A cadastrar",
        "classificacao_padrao": null,
        "tipo_imovel": null,
        "latitude": -23.16835521,
        "longitude": -46.90019077
      },
      "geometry": {
        "type": "Point",
        "coordinates": [
          -46.9001907705,
          -23.1683552113
        ]
      }
    },
    {
      "type": "Feature",
      "properties": {
        "codigo": "casa 991",
        "nome": "",
        "municipio": "Jundiaí",
        "bairro": "Jardim Fepasa",
        "endereco": "",
        "infraestrutura_local": null,
        "padrao_ocupacao": null,
        "vias_acesso": null,
        "localizacao_lote": null,
        "greide": null,
        "topografia": null,
        "aproveitamento_uso": null,
        "mel_calcada": null,
        "mel_iluminacao": null,
        "mel_coleta_lixo": null,
        "mel_internet": null,
        "mel_esgoto": null,
        "mel_luz": null,
        "mel_fossa": null,
        "mel_pavimentacao": null,
        "mel_gas": null,
        "mel_telefone": null,
        "obs_regiao": null,
        "tamanho_edificacao": null,
        "tempo_residencia": null,
        "material_paredes": null,
        "material_cobertura": null,
        "material_piso": null,
        "agua_canalizada": null,
        "agua_proveniente": null,
        "escoadouro": null,
        "mais_uma_familia": null,
        "num_pavimentos": null,
        "pavimentos_ocupante": null,
        "num_comodos": null,
        "comodos_dormitorio": null,
        "num_banheiros": null,
        "constr_descricao": null,
        "constr_idade": null,
        "constr_estado": null,
        "constr_perimetro": null,
        "constr_area": null,
        "tipo_edificacao": null,
        "faixa_dominio": null,
        "em_desnivel": null,
        "prioridade_demo": null,
        "risco_impacto": null,
        "status": "A cadastrar",
        "classificacao_padrao": null,
        "tipo_imovel": null,
        "latitude": -23.16830709,
        "longitude": -46.90022564
      },
      "geometry": {
        "type": "Point",
        "coordinates": [
          -46.9002256425,
          -23.1683070907
        ]
      }
    },
    {
      "type": "Feature",
      "properties": {
        "codigo": "casa 997",
        "nome": "",
        "municipio": "Jundiaí",
        "bairro": "Jardim Fepasa",
        "endereco": "",
        "infraestrutura_local": null,
        "padrao_ocupacao": null,
        "vias_acesso": null,
        "localizacao_lote": null,
        "greide": null,
        "topografia": null,
        "aproveitamento_uso": null,
        "mel_calcada": null,
        "mel_iluminacao": null,
        "mel_coleta_lixo": null,
        "mel_internet": null,
        "mel_esgoto": null,
        "mel_luz": null,
        "mel_fossa": null,
        "mel_pavimentacao": null,
        "mel_gas": null,
        "mel_telefone": null,
        "obs_regiao": null,
        "tamanho_edificacao": null,
        "tempo_residencia": null,
        "material_paredes": null,
        "material_cobertura": null,
        "material_piso": null,
        "agua_canalizada": null,
        "agua_proveniente": null,
        "escoadouro": null,
        "mais_uma_familia": null,
        "num_pavimentos": null,
        "pavimentos_ocupante": null,
        "num_comodos": null,
        "comodos_dormitorio": null,
        "num_banheiros": null,
        "constr_descricao": null,
        "constr_idade": null,
        "constr_estado": null,
        "constr_perimetro": null,
        "constr_area": null,
        "tipo_edificacao": null,
        "faixa_dominio": null,
        "em_desnivel": null,
        "prioridade_demo": null,
        "risco_impacto": null,
        "status": "A cadastrar",
        "classificacao_padrao": null,
        "tipo_imovel": null,
        "latitude": -23.16827594,
        "longitude": -46.90024681
      },
      "geometry": {
        "type": "Point",
        "coordinates": [
          -46.9002468071,
          -23.1682759361
        ]
      }
    },
    {
      "type": "Feature",
      "properties": {
        "codigo": "casa sem numero barbearia",
        "nome": "",
        "municipio": "Jundiaí",
        "bairro": "Jardim Fepasa",
        "endereco": "",
        "infraestrutura_local": null,
        "padrao_ocupacao": null,
        "vias_acesso": null,
        "localizacao_lote": null,
        "greide": null,
        "topografia": null,
        "aproveitamento_uso": null,
        "mel_calcada": null,
        "mel_iluminacao": null,
        "mel_coleta_lixo": null,
        "mel_internet": null,
        "mel_esgoto": null,
        "mel_luz": null,
        "mel_fossa": null,
        "mel_pavimentacao": null,
        "mel_gas": null,
        "mel_telefone": null,
        "obs_regiao": null,
        "tamanho_edificacao": null,
        "tempo_residencia": null,
        "material_paredes": null,
        "material_cobertura": null,
        "material_piso": null,
        "agua_canalizada": null,
        "agua_proveniente": null,
        "escoadouro": null,
        "mais_uma_familia": null,
        "num_pavimentos": null,
        "pavimentos_ocupante": null,
        "num_comodos": null,
        "comodos_dormitorio": null,
        "num_banheiros": null,
        "constr_descricao": null,
        "constr_idade": null,
        "constr_estado": null,
        "constr_perimetro": null,
        "constr_area": null,
        "tipo_edificacao": null,
        "faixa_dominio": null,
        "em_desnivel": null,
        "prioridade_demo": null,
        "risco_impacto": null,
        "status": "A cadastrar",
        "classificacao_padrao": null,
        "tipo_imovel": null,
        "latitude": -23.16999761,
        "longitude": -46.89901702
      },
      "geometry": {
        "type": "Point",
        "coordinates": [
          -46.8990170213,
          -23.1699976144
        ]
      }
    },
    {
      "type": "Feature",
      "properties": {
        "codigo": "casa sem numero portão verde",
        "nome": "",
        "municipio": "Jundiaí",
        "bairro": "Jardim Fepasa",
        "endereco": "",
        "infraestrutura_local": null,
        "padrao_ocupacao": null,
        "vias_acesso": null,
        "localizacao_lote": null,
        "greide": null,
        "topografia": null,
        "aproveitamento_uso": null,
        "mel_calcada": null,
        "mel_iluminacao": null,
        "mel_coleta_lixo": null,
        "mel_internet": null,
        "mel_esgoto": null,
        "mel_luz": null,
        "mel_fossa": null,
        "mel_pavimentacao": null,
        "mel_gas": null,
        "mel_telefone": null,
        "obs_regiao": null,
        "tamanho_edificacao": null,
        "tempo_residencia": null,
        "material_paredes": null,
        "material_cobertura": null,
        "material_piso": null,
        "agua_canalizada": null,
        "agua_proveniente": null,
        "escoadouro": null,
        "mais_uma_familia": null,
        "num_pavimentos": null,
        "pavimentos_ocupante": null,
        "num_comodos": null,
        "comodos_dormitorio": null,
        "num_banheiros": null,
        "constr_descricao": null,
        "constr_idade": null,
        "constr_estado": null,
        "constr_perimetro": null,
        "constr_area": null,
        "tipo_edificacao": null,
        "faixa_dominio": null,
        "em_desnivel": null,
        "prioridade_demo": null,
        "risco_impacto": null,
        "status": "A cadastrar",
        "classificacao_padrao": null,
        "tipo_imovel": null,
        "latitude": -23.16962506,
        "longitude": -46.89929142
      },
      "geometry": {
        "type": "Point",
        "coordinates": [
          -46.8992914192,
          -23.1696250646
        ]
      }
    },
    {
      "type": "Feature",
      "properties": {
        "codigo": "casa sem numero",
        "nome": "",
        "municipio": "Jundiaí",
        "bairro": "Jardim Fepasa",
        "endereco": "",
        "infraestrutura_local": null,
        "padrao_ocupacao": null,
        "vias_acesso": null,
        "localizacao_lote": null,
        "greide": null,
        "topografia": null,
        "aproveitamento_uso": null,
        "mel_calcada": null,
        "mel_iluminacao": null,
        "mel_coleta_lixo": null,
        "mel_internet": null,
        "mel_esgoto": null,
        "mel_luz": null,
        "mel_fossa": null,
        "mel_pavimentacao": null,
        "mel_gas": null,
        "mel_telefone": null,
        "obs_regiao": null,
        "tamanho_edificacao": null,
        "tempo_residencia": null,
        "material_paredes": null,
        "material_cobertura": null,
        "material_piso": null,
        "agua_canalizada": null,
        "agua_proveniente": null,
        "escoadouro": null,
        "mais_uma_familia": null,
        "num_pavimentos": null,
        "pavimentos_ocupante": null,
        "num_comodos": null,
        "comodos_dormitorio": null,
        "num_banheiros": null,
        "constr_descricao": null,
        "constr_idade": null,
        "constr_estado": null,
        "constr_perimetro": null,
        "constr_area": null,
        "tipo_edificacao": null,
        "faixa_dominio": null,
        "em_desnivel": null,
        "prioridade_demo": null,
        "risco_impacto": null,
        "status": "A cadastrar",
        "classificacao_padrao": null,
        "tipo_imovel": null,
        "latitude": -23.17029574,
        "longitude": -46.89880751
      },
      "geometry": {
        "type": "Point",
        "coordinates": [
          -46.8988075053,
          -23.1702957388
        ]
      }
    },
    {
      "type": "Feature",
      "properties": {
        "codigo": "casa sem numero",
        "nome": "",
        "municipio": "Jundiaí",
        "bairro": "Jardim Fepasa",
        "endereco": "",
        "infraestrutura_local": null,
        "padrao_ocupacao": null,
        "vias_acesso": null,
        "localizacao_lote": null,
        "greide": null,
        "topografia": null,
        "aproveitamento_uso": null,
        "mel_calcada": null,
        "mel_iluminacao": null,
        "mel_coleta_lixo": null,
        "mel_internet": null,
        "mel_esgoto": null,
        "mel_luz": null,
        "mel_fossa": null,
        "mel_pavimentacao": null,
        "mel_gas": null,
        "mel_telefone": null,
        "obs_regiao": null,
        "tamanho_edificacao": null,
        "tempo_residencia": null,
        "material_paredes": null,
        "material_cobertura": null,
        "material_piso": null,
        "agua_canalizada": null,
        "agua_proveniente": null,
        "escoadouro": null,
        "mais_uma_familia": null,
        "num_pavimentos": null,
        "pavimentos_ocupante": null,
        "num_comodos": null,
        "comodos_dormitorio": null,
        "num_banheiros": null,
        "constr_descricao": null,
        "constr_idade": null,
        "constr_estado": null,
        "constr_perimetro": null,
        "constr_area": null,
        "tipo_edificacao": null,
        "faixa_dominio": null,
        "em_desnivel": null,
        "prioridade_demo": null,
        "risco_impacto": null,
        "status": "A cadastrar",
        "classificacao_padrao": null,
        "tipo_imovel": null,
        "latitude": -23.17011986,
        "longitude": -46.89893054
      },
      "geometry": {
        "type": "Point",
        "coordinates": [
          -46.8989305387,
          -23.1701198637
        ]
      }
    },
    {
      "type": "Feature",
      "properties": {
        "codigo": "OC-TIC-LO-001-RE-001-O",
        "nome": "",
        "municipio": "Louveira",
        "bairro": "",
        "endereco": "",
        "status": "Concluído",
        "classificacao_dwg": "OCUPAÇÕES CADASTRADAS",
        "latitude": -23.102875989353578,
        "longitude": -46.94193400151206
      },
      "geometry": {
        "type": "Point",
        "coordinates": [
          -46.94193400151206,
          -23.102875989353578,
          0.0
        ]
      }
    },
    {
      "type": "Feature",
      "properties": {
        "codigo": "OC-TIC-LO-001-RE-002-O",
        "nome": "",
        "municipio": "Louveira",
        "bairro": "",
        "endereco": "",
        "status": "Concluído",
        "classificacao_dwg": "OCUPAÇÕES CADASTRADAS",
        "latitude": -23.102909004455274,
        "longitude": -46.9418887348984
      },
      "geometry": {
        "type": "Point",
        "coordinates": [
          -46.9418887348984,
          -23.102909004455274,
          0.0
        ]
      }
    },
    {
      "type": "Feature",
      "properties": {
        "codigo": "OC-TIC-LO-001-RE-003-O",
        "nome": "",
        "municipio": "Louveira",
        "bairro": "",
        "endereco": "",
        "status": "Concluído",
        "classificacao_dwg": "OCUPAÇÕES CADASTRADAS",
        "latitude": -23.10304592211966,
        "longitude": -46.94187028001111
      },
      "geometry": {
        "type": "Point",
        "coordinates": [
          -46.94187028001111,
          -23.10304592211966,
          0.0
        ]
      }
    },
    {
      "type": "Feature",
      "properties": {
        "codigo": "OC-TIC-LO-001-RE-004-O",
        "nome": "",
        "municipio": "Louveira",
        "bairro": "",
        "endereco": "",
        "status": "Concluído",
        "classificacao_dwg": "OCUPAÇÕES CADASTRADAS",
        "latitude": -23.10313140119371,
        "longitude": -46.94184043514333
      },
      "geometry": {
        "type": "Point",
        "coordinates": [
          -46.94184043514333,
          -23.10313140119371,
          0.0
        ]
      }
    },
    {
      "type": "Feature",
      "properties": {
        "codigo": "OC-TIC-LO-001-RE-005-O",
        "nome": "",
        "municipio": "Louveira",
        "bairro": "",
        "endereco": "",
        "status": "Concluído",
        "classificacao_dwg": "OCUPAÇÕES CADASTRADAS",
        "latitude": -23.10318559375575,
        "longitude": -46.941805351536445
      },
      "geometry": {
        "type": "Point",
        "coordinates": [
          -46.941805351536445,
          -23.10318559375575,
          0.0
        ]
      }
    },
    {
      "type": "Feature",
      "properties": {
        "codigo": "OC-TIC-LO-001-RE-006-O",
        "nome": "",
        "municipio": "Louveira",
        "bairro": "",
        "endereco": "",
        "status": "Concluído",
        "classificacao_dwg": "OCUPAÇÕES CADASTRADAS",
        "latitude": -23.103253602127936,
        "longitude": -46.94180315965982
      },
      "geometry": {
        "type": "Point",
        "coordinates": [
          -46.94180315965982,
          -23.103253602127936,
          0.0
        ]
      }
    },
    {
      "type": "Feature",
      "properties": {
        "codigo": "OC-TIC-LO-001-RE-007-O",
        "nome": "",
        "municipio": "Louveira",
        "bairro": "",
        "endereco": "",
        "status": "Concluído",
        "classificacao_dwg": "OCUPAÇÕES CADASTRADAS",
        "latitude": -23.1033404348923,
        "longitude": -46.941770196097075
      },
      "geometry": {
        "type": "Point",
        "coordinates": [
          -46.941770196097075,
          -23.1033404348923,
          0.0
        ]
      }
    },
    {
      "type": "Feature",
      "properties": {
        "codigo": "OC-TIC-LO-001-RE-008-O",
        "nome": "",
        "municipio": "Louveira",
        "bairro": "",
        "endereco": "",
        "status": "Concluído",
        "classificacao_dwg": "OCUPAÇÕES CADASTRADAS",
        "latitude": -23.103414627732786,
        "longitude": -46.94177206537987
      },
      "geometry": {
        "type": "Point",
        "coordinates": [
          -46.94177206537987,
          -23.103414627732786,
          0.0
        ]
      }
    },
    {
      "type": "Feature",
      "properties": {
        "codigo": "OC-TIC-LO-001-RE-009-O",
        "nome": "",
        "municipio": "Louveira",
        "bairro": "",
        "endereco": "",
        "status": "Concluído",
        "classificacao_dwg": "OCUPAÇÕES CADASTRADAS",
        "latitude": -23.103529510459033,
        "longitude": -46.94176650160655
      },
      "geometry": {
        "type": "Point",
        "coordinates": [
          -46.94176650160655,
          -23.103529510459033,
          0.0
        ]
      }
    },
    {
      "type": "Feature",
      "properties": {
        "codigo": "OC-TIC-LO-001-RE-010-O",
        "nome": "",
        "municipio": "Louveira",
        "bairro": "",
        "endereco": "",
        "status": "Concluído",
        "classificacao_dwg": "OCUPAÇÕES CADASTRADAS",
        "latitude": -23.10362343877907,
        "longitude": -46.9417150053015
      },
      "geometry": {
        "type": "Point",
        "coordinates": [
          -46.9417150053015,
          -23.10362343877907,
          0.0
        ]
      }
    },
    {
      "type": "Feature",
      "properties": {
        "codigo": "OC-TIC-LO-001-RE-011-O",
        "nome": "",
        "municipio": "Louveira",
        "bairro": "",
        "endereco": "",
        "status": "Concluído",
        "classificacao_dwg": "OCUPAÇÕES CADASTRADAS",
        "latitude": -23.10374738490179,
        "longitude": -46.94158246469146
      },
      "geometry": {
        "type": "Point",
        "coordinates": [
          -46.94158246469146,
          -23.10374738490179,
          0.0
        ]
      }
    },
    {
      "type": "Feature",
      "properties": {
        "codigo": "OC-TIC-LO-001-RE-012-O",
        "nome": "",
        "municipio": "Louveira",
        "bairro": "",
        "endereco": "",
        "status": "A cadastrar",
        "classificacao_dwg": "OCUPAÇÕES NÃO CADASTRADAS",
        "latitude": -23.10391703382205,
        "longitude": -46.941573637689615
      },
      "geometry": {
        "type": "Point",
        "coordinates": [
          -46.941573637689615,
          -23.10391703382205,
          0.0
        ]
      }
    },
    {
      "type": "Feature",
      "properties": {
        "codigo": "OC-TIC-VA-004-RE-001-L",
        "nome": "",
        "municipio": "Valinhos",
        "bairro": "",
        "endereco": "",
        "status": "Concluído",
        "classificacao_dwg": "OCUPAÇÕES CADASTRADAS",
        "latitude": -22.968407941506257,
        "longitude": -46.993714049406414
      },
      "geometry": {
        "type": "Point",
        "coordinates": [
          -46.993714049406414,
          -22.968407941506257,
          0.0
        ]
      }
    },
    {
      "type": "Feature",
      "properties": {
        "codigo": "OC-TIC-VA-004-RE-002 L",
        "nome": "",
        "municipio": "Valinhos",
        "bairro": "",
        "endereco": "",
        "status": "Recusa",
        "classificacao_dwg": "RECUSA",
        "latitude": -22.96830491171823,
        "longitude": -46.993755100259676
      },
      "geometry": {
        "type": "Point",
        "coordinates": [
          -46.993755100259676,
          -22.96830491171823,
          0.0
        ]
      }
    },
    {
      "type": "Feature",
      "properties": {
        "codigo": "OC-TIC-VA-004-RE-003 L",
        "nome": "",
        "municipio": "Valinhos",
        "bairro": "",
        "endereco": "",
        "status": "Recusa",
        "classificacao_dwg": "RECUSA",
        "latitude": -22.968184212304607,
        "longitude": -46.99379178232968
      },
      "geometry": {
        "type": "Point",
        "coordinates": [
          -46.99379178232968,
          -22.968184212304607,
          0.0
        ]
      }
    },
    {
      "type": "Feature",
      "properties": {
        "codigo": "OC-TIC-VA-004-RE-004 L",
        "nome": "",
        "municipio": "Valinhos",
        "bairro": "",
        "endereco": "",
        "status": "Concluído",
        "classificacao_dwg": "OCUPAÇÕES CADASTRADAS",
        "latitude": -22.967905911705287,
        "longitude": -46.99393745895962
      },
      "geometry": {
        "type": "Point",
        "coordinates": [
          -46.99393745895962,
          -22.967905911705287,
          0.0
        ]
      }
    },
    {
      "type": "Feature",
      "properties": {
        "codigo": "OC-TIC-LO-003-RE-001 O",
        "nome": "",
        "municipio": "Jundiaí",
        "bairro": "",
        "endereco": "",
        "status": "Concluído",
        "classificacao_dwg": "OCUPAÇÕES CADASTRADAS",
        "latitude": -23.094106436626596,
        "longitude": -46.94761252486348
      },
      "geometry": {
        "type": "Point",
        "coordinates": [
          -46.94761252486348,
          -23.094106436626596
        ]
      }
    },
    {
      "type": "Feature",
      "properties": {
        "codigo": "OC-TIC-LO-003-RE-002 O",
        "nome": "",
        "municipio": "Jundiaí",
        "bairro": "",
        "endereco": "",
        "status": "A cadastrar",
        "classificacao_dwg": "OCUPAÇÕES NÃO CADASTRADAS",
        "latitude": -23.094037845855148,
        "longitude": -46.94753419316584
      },
      "geometry": {
        "type": "Point",
        "coordinates": [
          -46.94753419316584,
          -23.094037845855148
        ]
      }
    },
    {
      "type": "Feature",
      "properties": {
        "codigo": "OC-TIC-LO-003-RE-003 O",
        "nome": "",
        "municipio": "Jundiaí",
        "bairro": "",
        "endereco": "",
        "status": "A cadastrar",
        "classificacao_dwg": "OCUPAÇÕES NÃO CADASTRADAS",
        "latitude": -23.09379570009951,
        "longitude": -46.947498148841866
      },
      "geometry": {
        "type": "Point",
        "coordinates": [
          -46.947498148841866,
          -23.09379570009951
        ]
      }
    },
    {
      "type": "Feature",
      "properties": {
        "codigo": "OC-TIC-LO-003-RE-004 O",
        "nome": "",
        "municipio": "Jundiaí",
        "bairro": "",
        "endereco": "",
        "status": "Concluído",
        "classificacao_dwg": "OCUPAÇÕES CADASTRADAS",
        "latitude": -23.09380422604774,
        "longitude": -46.94763978700045
      },
      "geometry": {
        "type": "Point",
        "coordinates": [
          -46.94763978700045,
          -23.09380422604774
        ]
      }
    },
    {
      "type": "Feature",
      "properties": {
        "codigo": "OC-TIC-LO-003-RE-006 O",
        "nome": "",
        "municipio": "Jundiaí",
        "bairro": "",
        "endereco": "",
        "status": "Concluído",
        "classificacao_dwg": "OCUPAÇÕES CADASTRADAS",
        "latitude": -23.093710867074805,
        "longitude": -46.94770306734284
      },
      "geometry": {
        "type": "Point",
        "coordinates": [
          -46.94770306734284,
          -23.093710867074805
        ]
      }
    },
    {
      "type": "Feature",
      "properties": {
        "codigo": "OC-TIC-LO-003-RE-007 O",
        "nome": "",
        "municipio": "Jundiaí",
        "bairro": "",
        "endereco": "",
        "status": "Concluído",
        "classificacao_dwg": "OCUPAÇÕES CADASTRADAS",
        "latitude": -23.093644975800988,
        "longitude": -46.94773854749059
      },
      "geometry": {
        "type": "Point",
        "coordinates": [
          -46.94773854749059,
          -23.093644975800988
        ]
      }
    },
    {
      "type": "Feature",
      "properties": {
        "codigo": "OC-TIC-LO-003-RE-008 O",
        "nome": "",
        "municipio": "Jundiaí",
        "bairro": "",
        "endereco": "",
        "status": "Concluído",
        "classificacao_dwg": "OCUPAÇÕES CADASTRADAS",
        "latitude": -23.093616942942084,
        "longitude": -46.947778424777
      },
      "geometry": {
        "type": "Point",
        "coordinates": [
          -46.947778424777,
          -23.093616942942084
        ]
      }
    },
    {
      "type": "Feature",
      "properties": {
        "codigo": "OC-TIC-LO-003-RE-009 O",
        "nome": "",
        "municipio": "Jundiaí",
        "bairro": "",
        "endereco": "",
        "status": "Concluído",
        "classificacao_dwg": "OCUPAÇÕES CADASTRADAS",
        "latitude": -23.093420974113805,
        "longitude": -46.94772633764315
      },
      "geometry": {
        "type": "Point",
        "coordinates": [
          -46.94772633764315,
          -23.093420974113805
        ]
      }
    },
    {
      "type": "Feature",
      "properties": {
        "codigo": "OC-TIC-LO-003-RE-010 O",
        "nome": "",
        "municipio": "Jundiaí",
        "bairro": "",
        "endereco": "",
        "status": "A cadastrar",
        "classificacao_dwg": "OCUPAÇÕES NÃO CADASTRADAS",
        "latitude": -23.093313338352154,
        "longitude": -46.947879073865856
      },
      "geometry": {
        "type": "Point",
        "coordinates": [
          -46.947879073865856,
          -23.093313338352154
        ]
      }
    },
    {
      "type": "Feature",
      "properties": {
        "codigo": "OC-TIC-LO-003-RE-011 O",
        "nome": "",
        "municipio": "Jundiaí",
        "bairro": "",
        "endereco": "",
        "status": "A cadastrar",
        "classificacao_dwg": "OCUPAÇÕES NÃO CADASTRADAS",
        "latitude": -23.093147773627667,
        "longitude": -46.947734703458195
      },
      "geometry": {
        "type": "Point",
        "coordinates": [
          -46.947734703458195,
          -23.093147773627667
        ]
      }
    },
    {
      "type": "Feature",
      "properties": {
        "codigo": "OC-TIC-LO-003-RE-005 O",
        "nome": "",
        "municipio": "Jundiaí",
        "bairro": "",
        "endereco": "",
        "status": "Concluído",
        "classificacao_dwg": "OCUPAÇÕES CADASTRADAS",
        "latitude": -23.09377856652368,
        "longitude": -46.9476404094747
      },
      "geometry": {
        "type": "Point",
        "coordinates": [
          -46.9476404094747,
          -23.09377856652368
        ]
      }
    },
    {
      "type": "Feature",
      "properties": {
        "codigo": "OC-TIC-LO-003-RE-012 O",
        "nome": "",
        "municipio": "Jundiaí",
        "bairro": "",
        "endereco": "",
        "status": "Concluído",
        "classificacao_dwg": "OCUPAÇÕES CADASTRADAS",
        "latitude": -23.093746750658216,
        "longitude": -46.947635928398036
      },
      "geometry": {
        "type": "Point",
        "coordinates": [
          -46.947635928398036,
          -23.093746750658216
        ]
      }
    }
  ]
}
