{
"type": "FeatureCollection",
"name": "faixa_cptm",
"crs": { "type": "name", "properties": { "name": "urn:ogc:def:crs:OGC:1.3:CRS84" } },
"features": [
{ "type": "Feature", "properties": { }, "geometry": { "type": "Polygon", "coordinates": [ [ [ -46.72985622979283, -23.483274777293509, 0.0 ], [ -46.729980290342993, -23.483655900936629, 0.0 ], [ -46.730365623036043, -23.483611131971401, 0.0 ], [ -46.730261774067984, -23.483342548981369, 0.0 ], [ -46.730007200087272, -23.483332224827109, 0.0 ], [ -46.72985622979283, -23.483274777293509, 0.0 ] ] ] } },
{ "type": "Feature", "properties": { }, "geometry": { "type": "Polygon", "coordinates": [ [ [ -46.667034840733827, -23.526738017686391, 0.0 ], [ -46.666870479528143, -23.526753104149758, 0.0 ], [ -46.666808958669122, -23.52682124682423, 0.0 ], [ -46.666891289991632, -23.52773235927059, 0.0 ], [ -46.666982564178653, -23.52778666455119, 0.0 ], [ -46.667147047390863, -23.52773274034962, 0.0 ], [ -46.667192373802358, -23.527667696826729, 0.0 ], [ -46.667109926663407, -23.526795430255319, 0.0 ], [ -46.667034840733827, -23.526738017686391, 0.0 ] ] ] } },
{ "type": "Feature", "properties": { }, "geometry": { "type": "Polygon", "coordinates": [ [ [ -46.767020841690119, -23.459600676916871, 0.0 ], [ -46.766997101713763, -23.459577893297119, 0.0 ], [ -46.76697240615475, -23.459599793544701, 0.0 ], [ -46.766996145164683, -23.459622578082119, 0.0 ], [ -46.767020841690119, -23.459600676916871, 0.0 ] ] ] } },
{ "type": "Feature", "properties": { }, "geometry": { "type": "Polygon", "coordinates": [ [ [ -46.733004319795583, -23.457836513711261, 0.0 ], [ -46.732770169845232, -23.458191883476921, 0.0 ], [ -46.733147007109388, -23.458179956675941, 0.0 ], [ -46.733098296174383, -23.45785778731662, 0.0 ], [ -46.733004319795583, -23.457836513711261, 0.0 ] ] ] } },
{ "type": "Feature", "properties": { }, "geometry": { "type": "Polygon", "coordinates": [ [ [ -46.712212933439233, -23.51277535572817, 0.0 ], [ -46.712355328145073, -23.512584998490809, 0.0 ], [ -46.712349119666079, -23.51259323539313, 0.0 ], [ -46.712212933439233, -23.51277535572817, 0.0 ] ] ] } },
{ "type": "Feature", "properties": { }, "geometry": { "type": "Polygon", "coordinates": [ [ [ -46.730933109730863, -23.482591608221, 0.0 ], [ -46.730947182736443, -23.48248047066232, 0.0 ], [ -46.730661141375258, -23.482538077083799, 0.0 ], [ -46.730678324437513, -23.48262415946559, 0.0 ], [ -46.730933109730863, -23.482591608221, 0.0 ] ] ] } },
{ "type": "Feature", "properties": { }, "geometry": { "type": "Polygon", "coordinates": [ [ [ -46.71468870195519, -23.510341846088789, 0.0 ], [ -46.713977332556887, -23.510138810659431, 0.0 ], [ -46.713568384603967, -23.511481340478259, 0.0 ], [ -46.713515020789814, -23.511857048410931, 0.0 ], [ -46.71351687505085, -23.512000250588208, 0.0 ], [ -46.713575807059861, -23.512051072574572, 0.0 ], [ -46.713555006800917, -23.51231984451492, 0.0 ], [ -46.713632031416317, -23.512455505459791, 0.0 ], [ -46.713670982421448, -23.51295456143129, 0.0 ], [ -46.713696781336623, -23.512952689067419, 0.0 ], [ -46.713702272626513, -23.512978016706011, 0.0 ], [ -46.713826702139123, -23.51301472960213, 0.0 ], [ -46.71468870195519, -23.510341846088789, 0.0 ] ] ] } },
{ "type": "Feature", "properties": { }, "geometry": { "type": "Polygon", "coordinates": [ [ [ -46.730678324437513, -23.48262415946559, 0.0 ], [ -46.730679722495587, -23.482714539366839, 0.0 ], [ -46.730658509887697, -23.48280493648944, 0.0 ], [ -46.730618524959091, -23.482885655968779, 0.0 ], [ -46.730833288207712, -23.48300000063319, 0.0 ], [ -46.730885799923882, -23.482894582013898, 0.0 ], [ -46.731190716951872, -23.48305313471376, 0.0 ], [ -46.731238197814058, -23.482972720122721, 0.0 ], [ -46.730913021004412, -23.482812473646881, 0.0 ], [ -46.730932589261251, -23.482687847355219, 0.0 ], [ -46.731325786215741, -23.482812914653461, 0.0 ], [ -46.731285705622497, -23.482447600992419, 0.0 ], [ -46.730945116330297, -23.48249773741756, 0.0 ], [ -46.730933109730863, -23.482591608221, 0.0 ], [ -46.730678324437513, -23.48262415946559, 0.0 ] ] ] } },
{ "type": "Feature", "properties": { }, "geometry": { "type": "Polygon", "coordinates": [ [ [ -46.732487193366417, -23.480180161472759, 0.0 ], [ -46.732406723949182, -23.480284429357301, 0.0 ], [ -46.732367576603608, -23.48041084284139, 0.0 ], [ -46.732036979601297, -23.480706134854241, 0.0 ], [ -46.73168826882609, -23.480888072687929, 0.0 ], [ -46.731257060299669, -23.481329381024882, 0.0 ], [ -46.731865642981766, -23.481674881881279, 0.0 ], [ -46.731979289550473, -23.481155403744829, 0.0 ], [ -46.732138257477061, -23.480799620809471, 0.0 ], [ -46.732437651617992, -23.48040160906665, 0.0 ], [ -46.732483352802497, -23.480294875966191, 0.0 ], [ -46.732487193366417, -23.480180161472759, 0.0 ] ] ] } },
{ "type": "Feature", "properties": { }, "geometry": { "type": "Polygon", "coordinates": [ [ [ -46.741685994450727, -23.44784004204184, 0.0 ], [ -46.741466091948723, -23.447864708000651, 0.0 ], [ -46.741416224160211, -23.44828223135638, 0.0 ], [ -46.741741140502391, -23.448248798819929, 0.0 ], [ -46.741685994450727, -23.44784004204184, 0.0 ] ] ] } },
{ "type": "Feature", "properties": { }, "geometry": { "type": "Polygon", "coordinates": [ [ [ -46.786671035549929, -23.20559083962943, 0.0 ], [ -46.786511714801023, -23.205788629455721, 0.0 ], [ -46.786588819337062, -23.20584735078473, 0.0 ], [ -46.786613575958171, -23.20581927649285, 0.0 ], [ -46.786638031229543, -23.20583848304075, 0.0 ], [ -46.786767875987309, -23.20568715677814, 0.0 ], [ -46.786759301957289, -23.205653040712981, 0.0 ], [ -46.786671035549929, -23.20559083962943, 0.0 ] ] ] } },
{ "type": "Feature", "properties": { }, "geometry": { "type": "Polygon", "coordinates": [ [ [ -46.737910947141081, -23.4565531204249, 0.0 ], [ -46.737959128764359, -23.456356952621849, 0.0 ], [ -46.738118214395428, -23.455958754652212, 0.0 ], [ -46.738364465526587, -23.45551212129261, 0.0 ], [ -46.738562329679169, -23.455217666993931, 0.0 ], [ -46.73898183953218, -23.454794546445669, 0.0 ], [ -46.739416971377118, -23.454464238640519, 0.0 ], [ -46.740712361330587, -23.453743553445889, 0.0 ], [ -46.741040744654633, -23.45351406216561, 0.0 ], [ -46.741368433947542, -23.453231442425459, 0.0 ], [ -46.741893097770003, -23.452587953336781, 0.0 ], [ -46.742187514654653, -23.451966960003901, 0.0 ], [ -46.742282925356271, -23.451657380760722, 0.0 ], [ -46.7423598289826, -23.451120647625022, 0.0 ], [ -46.742368288149869, -23.450546564844299, 0.0 ], [ -46.742306109869403, -23.450115544004621, 0.0 ], [ -46.742047197279888, -23.448960147961241, 0.0 ], [ -46.741859768857822, -23.448989826635952, 0.0 ], [ -46.742137323365363, -23.450273259765289, 0.0 ], [ -46.74218484130774, -23.45066450988611, 0.0 ], [ -46.742180793067583, -23.451188494339402, 0.0 ], [ -46.742153449028898, -23.451418303110401, 0.0 ], [ -46.742056385025663, -23.451795547612669, 0.0 ], [ -46.739865602681711, -23.453664972672559, 0.0 ], [ -46.739530395187053, -23.454035915054579, 0.0 ], [ -46.738742196796593, -23.45416461498527, 0.0 ], [ -46.738449978002791, -23.454401159261369, 0.0 ], [ -46.737990300067892, -23.45488050561104, 0.0 ], [ -46.737563045160122, -23.455555036565869, 0.0 ], [ -46.737240308980077, -23.456354481117661, 0.0 ], [ -46.737910947141081, -23.4565531204249, 0.0 ] ] ] } },
{ "type": "Feature", "properties": { }, "geometry": { "type": "Polygon", "coordinates": [ [ [ -46.730624413315986, -23.48320574055257, 0.0 ], [ -46.730356894879399, -23.483314506487481, 0.0 ], [ -46.730461894034313, -23.48359544240002, 0.0 ], [ -46.730652829023782, -23.483556383705182, 0.0 ], [ -46.730856857527463, -23.48347026729056, 0.0 ], [ -46.730624413315986, -23.48320574055257, 0.0 ] ] ] } },
{ "type": "Feature", "properties": { }, "geometry": { "type": "Polygon", "coordinates": [ [ [ -46.642362860345429, -23.53020596441613, 0.0 ], [ -46.642196029930552, -23.530460851490538, 0.0 ], [ -46.642024941819017, -23.53069414314421, 0.0 ], [ -46.642007333515103, -23.53068498982897, 0.0 ], [ -46.641995555724378, -23.530700396078689, 0.0 ], [ -46.641654333173307, -23.53117602885597, 0.0 ], [ -46.640809736402637, -23.53241680606747, 0.0 ], [ -46.640324779577881, -23.533034033478209, 0.0 ], [ -46.639912859465333, -23.533452677489588, 0.0 ], [ -46.639428596495158, -23.533847663977038, 0.0 ], [ -46.639055470776682, -23.534092310417979, 0.0 ], [ -46.638782207553362, -23.534247426227989, 0.0 ], [ -46.638537362953826, -23.534531702474521, 0.0 ], [ -46.638634479745463, -23.534696320622562, 0.0 ], [ -46.638809112878299, -23.534686521943598, 0.0 ], [ -46.638805520511163, -23.534629065679219, 0.0 ], [ -46.638975310212537, -23.53461577886149, 0.0 ], [ -46.638972865930867, -23.53453487146777, 0.0 ], [ -46.63914456006971, -23.534442841887209, 0.0 ], [ -46.639240988348938, -23.534553276067271, 0.0 ], [ -46.63926235032956, -23.534882093342251, 0.0 ], [ -46.639712768236912, -23.53485037164047, 0.0 ], [ -46.639794821228037, -23.534769457792901, 0.0 ], [ -46.639904655057059, -23.534605991420769, 0.0 ], [ -46.63992115525128, -23.53460489009052, 0.0 ], [ -46.639941859931433, -23.534563177646579, 0.0 ], [ -46.639962703727043, -23.534563807690031, 0.0 ], [ -46.639992302086107, -23.534523490589741, 0.0 ], [ -46.639986046151783, -23.534507894389289, 0.0 ], [ -46.640027762928192, -23.53446759312579, 0.0 ], [ -46.640014686994043, -23.534458444204841, 0.0 ], [ -46.640310931613477, -23.534073651302631, 0.0 ], [ -46.640341662276782, -23.534054998524098, 0.0 ], [ -46.640331216398337, -23.534044691306971, 0.0 ], [ -46.640397652577747, -23.533982074649579, 0.0 ], [ -46.64038509489216, -23.533976014976041, 0.0 ], [ -46.640400192604098, -23.533954627380819, 0.0 ], [ -46.640446949969871, -23.533931136945469, 0.0 ], [ -46.64041986038373, -23.533914616284921, 0.0 ], [ -46.640510996679879, -23.533792034465229, 0.0 ], [ -46.640500370344647, -23.533786839404971, 0.0 ], [ -46.640529681795279, -23.53375026468386, 0.0 ], [ -46.640555746830202, -23.53376148902586, 0.0 ], [ -46.641823266015727, -23.532066651540259, 0.0 ], [ -46.641544023777243, -23.531886942978641, 0.0 ], [ -46.641549103338782, -23.531832049323469, 0.0 ], [ -46.641699688538147, -23.53162569417826, 0.0 ], [ -46.642009374062432, -23.53182144500915, 0.0 ], [ -46.642119324593381, -23.531667706157581, 0.0 ], [ -46.64170027497434, -23.531402346273889, 0.0 ], [ -46.641847807580064, -23.531104918397329, 0.0 ], [ -46.642460534265993, -23.530266120920761, 0.0 ], [ -46.642362860345429, -23.53020596441613, 0.0 ] ] ] } },
{ "type": "Feature", "properties": { }, "geometry": { "type": "Polygon", "coordinates": [ [ [ -46.686054779806852, -23.52062108451242, 0.0 ], [ -46.685644700178813, -23.520616146425041, 0.0 ], [ -46.685582306286037, -23.520639653987651, 0.0 ], [ -46.68564029198167, -23.521084829086071, 0.0 ], [ -46.686110624573267, -23.521090257640662, 0.0 ], [ -46.686054779806852, -23.52062108451242, 0.0 ] ] ] } },
{ "type": "Feature", "properties": { }, "geometry": { "type": "Polygon", "coordinates": [ [ [ -46.708798082746789, -23.5153103541946, 0.0 ], [ -46.70884471358108, -23.51538008476172, 0.0 ], [ -46.709174338040498, -23.515229822809211, 0.0 ], [ -46.709660706068107, -23.51494519403014, 0.0 ], [ -46.710411533425628, -23.514380836476651, 0.0 ], [ -46.710795242520049, -23.514062647636951, 0.0 ], [ -46.711571011488083, -23.513288683372789, 0.0 ], [ -46.71227784760152, -23.512441552516101, 0.0 ], [ -46.712591923064792, -23.51198746769515, 0.0 ], [ -46.7124882732369, -23.511936323566658, 0.0 ], [ -46.712171913387557, -23.512372341528589, 0.0 ], [ -46.711406870661293, -23.513078499170469, 0.0 ], [ -46.708798082746789, -23.5153103541946, 0.0 ] ] ] } },
{ "type": "Feature", "properties": { }, "geometry": { "type": "Polygon", "coordinates": [ [ [ -46.705762931929627, -23.517135936615929, 0.0 ], [ -46.70555168078635, -23.517169796171562, 0.0 ], [ -46.70528239134326, -23.517249613352639, 0.0 ], [ -46.705125380691008, -23.517317498676121, 0.0 ], [ -46.7037634488062, -23.517915989967641, 0.0 ], [ -46.702875831823278, -23.51832483536511, 0.0 ], [ -46.700247758761932, -23.519447361031339, 0.0 ], [ -46.69811207464506, -23.520406003469709, 0.0 ], [ -46.698125900040878, -23.52043247525808, 0.0 ], [ -46.695472815953423, -23.521607930841149, 0.0 ], [ -46.694916655453881, -23.52179291671111, 0.0 ], [ -46.694406522916289, -23.521909723225139, 0.0 ], [ -46.693822907555607, -23.521996681328471, 0.0 ], [ -46.693615052891737, -23.522009738736418, 0.0 ], [ -46.690577179540313, -23.522149424841949, 0.0 ], [ -46.690561179000603, -23.522110042068491, 0.0 ], [ -46.690234291349483, -23.522188647292321, 0.0 ], [ -46.688871878314302, -23.52225693493676, 0.0 ], [ -46.688625327604093, -23.522255365875171, 0.0 ], [ -46.687101873459078, -23.522334244681169, 0.0 ], [ -46.687066386667333, -23.52227073463547, 0.0 ], [ -46.686992123531951, -23.52233898404236, 0.0 ], [ -46.684289206780072, -23.52248180341714, 0.0 ], [ -46.683873627923397, -23.522524634047389, 0.0 ], [ -46.683510239349793, -23.52258127600291, 0.0 ], [ -46.683219785572177, -23.52264671389716, 0.0 ], [ -46.68271199109693, -23.52280075650599, 0.0 ], [ -46.682329016758828, -23.52295344926555, 0.0 ], [ -46.681941268341973, -23.523139737105051, 0.0 ], [ -46.681030062843249, -23.523628516016611, 0.0 ], [ -46.680293610509061, -23.524049001637039, 0.0 ], [ -46.679835329280102, -23.524291465999571, 0.0 ], [ -46.679236122338843, -23.5245366010531, 0.0 ], [ -46.678920920068087, -23.52464834403651, 0.0 ], [ -46.678181228617163, -23.524814665328321, 0.0 ], [ -46.677032619013069, -23.52493206867209, 0.0 ], [ -46.675838257338093, -23.525005993701569, 0.0 ], [ -46.671834104071188, -23.525324431848912, 0.0 ], [ -46.67158579224531, -23.525337503738012, 0.0 ], [ -46.671474109170369, -23.525213839900449, 0.0 ], [ -46.669411138420408, -23.52545361723713, 0.0 ], [ -46.667899807924456, -23.525579825254191, 0.0 ], [ -46.661596222762327, -23.526039284491642, 0.0 ], [ -46.66121957395584, -23.526064369410879, 0.0 ], [ -46.661216595094089, -23.526029290741061, 0.0 ], [ -46.660496669903878, -23.52610371458492, 0.0 ], [ -46.659717749193589, -23.526263633248359, 0.0 ], [ -46.65852156173932, -23.52658180775115, 0.0 ], [ -46.651293398479723, -23.528639701142161, 0.0 ], [ -46.650691446893937, -23.528765074042401, 0.0 ], [ -46.649937390522602, -23.528844878845629, 0.0 ], [ -46.64962973268679, -23.528820364398388, 0.0 ], [ -46.649625536319682, -23.5288482645608, 0.0 ], [ -46.649417808207531, -23.528841126517811, 0.0 ], [ -46.64731743249579, -23.528629614015831, 0.0 ], [ -46.647108530342287, -23.52856040212448, 0.0 ], [ -46.647101705586458, -23.52860197210671, 0.0 ], [ -46.646179922955838, -23.52851640873277, 0.0 ], [ -46.646180202217387, -23.528498946631121, 0.0 ], [ -46.646126159841337, -23.528494529988141, 0.0 ], [ -46.646121997129796, -23.528514883127311, 0.0 ], [ -46.645599920433163, -23.528514856709219, 0.0 ], [ -46.645340999203412, -23.52853526050724, 0.0 ], [ -46.644842162191487, -23.528624451581369, 0.0 ], [ -46.644398761671027, -23.528751877391471, 0.0 ], [ -46.644008092958941, -23.52890292077009, 0.0 ], [ -46.643684075053059, -23.529063015526269, 0.0 ], [ -46.643500550050483, -23.529173140434931, 0.0 ], [ -46.642963999090099, -23.529563081374459, 0.0 ], [ -46.642601893637973, -23.529911560618839, 0.0 ], [ -46.64244608549707, -23.530094864042351, 0.0 ], [ -46.642550793075657, -23.530159896657182, 0.0 ], [ -46.64296642130325, -23.529712224465982, 0.0 ], [ -46.643287882569012, -23.529450337973241, 0.0 ], [ -46.643675900837962, -23.529195335102671, 0.0 ], [ -46.644145943608599, -23.52896114190521, 0.0 ], [ -46.644400145613012, -23.528872834301939, 0.0 ], [ -46.644406724004028, -23.52885786210285, 0.0 ], [ -46.64489252704081, -23.528708580853021, 0.0 ], [ -46.645332177633122, -23.52863240315197, 0.0 ], [ -46.645726226220887, -23.528602497272299, 0.0 ], [ -46.646048605266223, -23.52860396569757, 0.0 ], [ -46.646813253410869, -23.52866876702522, 0.0 ], [ -46.647050103426643, -23.528698776547671, 0.0 ], [ -46.6472893795722, -23.52875829445021, 0.0 ], [ -46.647306592639467, -23.52872342964416, 0.0 ], [ -46.647328665812232, -23.528724550518831, 0.0 ], [ -46.64938148517372, -23.528946678066731, 0.0 ], [ -46.650152862049843, -23.528984837068151, 0.0 ], [ -46.650221042583432, -23.528933175198809, 0.0 ], [ -46.650773003597422, -23.5288536229864, 0.0 ], [ -46.651208404978533, -23.528767176662331, 0.0 ], [ -46.652829223548522, -23.52831211212083, 0.0 ], [ -46.653257590239278, -23.528227902173739, 0.0 ], [ -46.653524879248529, -23.528128331919319, 0.0 ], [ -46.654976953665397, -23.52772814551377, 0.0 ], [ -46.657028913257072, -23.52713134995081, 0.0 ], [ -46.657234892736177, -23.527045160797059, 0.0 ], [ -46.658550282148987, -23.526676743665579, 0.0 ], [ -46.659236551114986, -23.5265198639046, 0.0 ], [ -46.659242779793907, -23.52654743545812, 0.0 ], [ -46.659769157570757, -23.5263993016606, 0.0 ], [ -46.660737967228513, -23.526304432146059, 0.0 ], [ -46.66161947759273, -23.526284189058689, 0.0 ], [ -46.662087351459981, -23.526255351176381, 0.0 ], [ -46.664030421864588, -23.526078847854311, 0.0 ], [ -46.66535880208113, -23.526065562183909, 0.0 ], [ -46.665413926601779, -23.526189779014469, 0.0 ], [ -46.66476809270813, -23.526363806950531, 0.0 ], [ -46.664804266545232, -23.526457979090271, 0.0 ], [ -46.665290425667187, -23.52633744533658, 0.0 ], [ -46.665964806332283, -23.5262313944142, 0.0 ], [ -46.66619737733722, -23.526211505123118, 0.0 ], [ -46.66620229216673, -23.526296780875281, 0.0 ], [ -46.666095237824408, -23.526302638997009, 0.0 ], [ -46.666107539269319, -23.526491547773261, 0.0 ], [ -46.665667034059801, -23.526524216283011, 0.0 ], [ -46.665586045606361, -23.526558232148702, 0.0 ], [ -46.665548092971562, -23.5266122896087, 0.0 ], [ -46.668472616670073, -23.526351027841951, 0.0 ], [ -46.668573053802817, -23.52631343461988, 0.0 ], [ -46.668834521043188, -23.526084076470109, 0.0 ], [ -46.66912446748529, -23.525866288105821, 0.0 ], [ -46.669791764610707, -23.525672581842962, 0.0 ], [ -46.670230831536728, -23.52559203908196, 0.0 ], [ -46.671658328219557, -23.52547477479245, 0.0 ], [ -46.672844720482587, -23.525404019450541, 0.0 ], [ -46.672843299675932, -23.525365845998849, 0.0 ], [ -46.672990319949307, -23.525349898560989, 0.0 ], [ -46.677237532544993, -23.525018694013859, 0.0 ], [ -46.677970698865693, -23.524947093746039, 0.0 ], [ -46.67839883280601, -23.524881221747339, 0.0 ], [ -46.679126767319033, -23.52468501896724, 0.0 ], [ -46.679754738675747, -23.524438715977379, 0.0 ], [ -46.68113467304309, -23.523734871385731, 0.0 ], [ -46.68115623638429, -23.523761524913219, 0.0 ], [ -46.68173465437691, -23.523413552325341, 0.0 ], [ -46.68172618994663, -23.523399895344362, 0.0 ], [ -46.681754827908136, -23.523383087765811, 0.0 ], [ -46.681762878871169, -23.523390333273049, 0.0 ], [ -46.682394094352063, -23.523065411691942, 0.0 ], [ -46.682685949255522, -23.522936688418191, 0.0 ], [ -46.682973187753703, -23.522836122757411, 0.0 ], [ -46.683404695351577, -23.5227234562273, 0.0 ], [ -46.68393542694389, -23.522616131865519, 0.0 ], [ -46.684099614887593, -23.522631618349909, 0.0 ], [ -46.684099104127228, -23.522617570224199, 0.0 ], [ -46.686275021470721, -23.522508627862521, 0.0 ], [ -46.686275248413892, -23.522474407409291, 0.0 ], [ -46.686354278534679, -23.522469426173359, 0.0 ], [ -46.68746400231997, -23.522412034645271, 0.0 ], [ -46.687566831590829, -23.522426960012599, 0.0 ], [ -46.687565923279557, -23.522407722078459, 0.0 ], [ -46.688674677886198, -23.52235247080543, 0.0 ], [ -46.688722324091508, -23.52236997984582, 0.0 ], [ -46.68872157914587, -23.52235058754399, 0.0 ], [ -46.693576964357582, -23.522110853690819, 0.0 ], [ -46.693942035248661, -23.522084884362929, 0.0 ], [ -46.694240323520013, -23.522042309610121, 0.0 ], [ -46.694246334183717, -23.522059575724491, 0.0 ], [ -46.69467093121456, -23.521992294016709, 0.0 ], [ -46.694665465837048, -23.52196102256379, 0.0 ], [ -46.695305633637879, -23.521776736235779, 0.0 ], [ -46.69574988110724, -23.521605551816961, 0.0 ], [ -46.697214072511692, -23.520961346748159, 0.0 ], [ -46.697236033841968, -23.520981106304589, 0.0 ], [ -46.697446377132273, -23.520908152673169, 0.0 ], [ -46.697610865529469, -23.5208703628481, 0.0 ], [ -46.697673451785882, -23.520785687399901, 0.0 ], [ -46.698933652143779, -23.52021793827484, 0.0 ], [ -46.69894651169119, -23.520243767648161, 0.0 ], [ -46.69881978207853, -23.520301489797468, 0.0 ], [ -46.698888987388699, -23.520431429257538, 0.0 ], [ -46.699150386140268, -23.520312126187601, 0.0 ], [ -46.699109756728902, -23.520233339400431, 0.0 ], [ -46.699127033093163, -23.520224248914008, 0.0 ], [ -46.699105137845727, -23.520174634416449, 0.0 ], [ -46.699045557519163, -23.520200211537691, 0.0 ], [ -46.699029785601702, -23.520175223965278, 0.0 ], [ -46.700329612876892, -23.519588853853381, 0.0 ], [ -46.70030585310586, -23.51954460212426, 0.0 ], [ -46.700994968657383, -23.51925665536357, 0.0 ], [ -46.701077827627103, -23.51923794518952, 0.0 ], [ -46.703077907113077, -23.518329419776741, 0.0 ], [ -46.705046545667336, -23.517457713005921, 0.0 ], [ -46.705261923451793, -23.517375235055649, 0.0 ], [ -46.705625038720562, -23.51728490647136, 0.0 ], [ -46.70594539924295, -23.517251129788701, 0.0 ], [ -46.706146398088777, -23.517252489304369, 0.0 ], [ -46.706554040485997, -23.51731835007357, 0.0 ], [ -46.706849073142088, -23.51741838273567, 0.0 ], [ -46.706993023466573, -23.51749158345665, 0.0 ], [ -46.707313254566529, -23.517672349714189, 0.0 ], [ -46.709076443862223, -23.51877647321303, 0.0 ], [ -46.709853971752487, -23.519275365821201, 0.0 ], [ -46.709992437212193, -23.519393769758601, 0.0 ], [ -46.710002387551917, -23.519379590664151, 0.0 ], [ -46.711208039146562, -23.520122228676229, 0.0 ], [ -46.711198109291793, -23.520182521552869, 0.0 ], [ -46.711521852005809, -23.520272235618179, 0.0 ], [ -46.711538147940267, -23.520243893404519, 0.0 ], [ -46.71159633669776, -23.520260396264341, 0.0 ], [ -46.71160280000155, -23.520295384491011, 0.0 ], [ -46.712002766190352, -23.520408994525841, 0.0 ], [ -46.712233960848728, -23.520403174431241, 0.0 ], [ -46.713124344556363, -23.520318897159122, 0.0 ], [ -46.71441555448304, -23.520157275407861, 0.0 ], [ -46.714906452072782, -23.52008510384406, 0.0 ], [ -46.715230693189334, -23.520015082480391, 0.0 ], [ -46.715471694531978, -23.519942498587351, 0.0 ], [ -46.715973588491252, -23.519741294665021, 0.0 ], [ -46.717094843767107, -23.51917521765618, 0.0 ], [ -46.717185289518923, -23.51914573274647, 0.0 ], [ -46.717219608245479, -23.519109745882151, 0.0 ], [ -46.717615848872413, -23.51896650155641, 0.0 ], [ -46.717830589607978, -23.518909829545841, 0.0 ], [ -46.71805262798609, -23.518862915858691, 0.0 ], [ -46.718340871205719, -23.518837024452399, 0.0 ], [ -46.718648385587947, -23.518845320667861, 0.0 ], [ -46.718641761931508, -23.519093147100229, 0.0 ], [ -46.719073180241857, -23.519156887878459, 0.0 ], [ -46.719571517751127, -23.519205965638211, 0.0 ], [ -46.721632377099468, -23.51927862296947, 0.0 ], [ -46.721654194747288, -23.519258034237961, 0.0 ], [ -46.722262517043312, -23.51927296139905, 0.0 ], [ -46.722773555276163, -23.51926384674983, 0.0 ], [ -46.722955690200408, -23.51923456367544, 0.0 ], [ -46.723128754442811, -23.51918372133332, 0.0 ], [ -46.7234000273858, -23.519074371229209, 0.0 ], [ -46.723895449549033, -23.518961603789371, 0.0 ], [ -46.724444694474279, -23.51899009240201, 0.0 ], [ -46.725385967722588, -23.519004123175769, 0.0 ], [ -46.725813290842673, -23.519038510369128, 0.0 ], [ -46.72704101589752, -23.51926649559293, 0.0 ], [ -46.728230509003943, -23.519533169189799, 0.0 ], [ -46.728238155218342, -23.519489153196151, 0.0 ], [ -46.728692713338873, -23.51955702846405, 0.0 ], [ -46.729150344357627, -23.519585068398221, 0.0 ], [ -46.731330610127401, -23.51951766923035, 0.0 ], [ -46.731635016339531, -23.519533977520791, 0.0 ], [ -46.731879782588891, -23.519578974369441, 0.0 ], [ -46.732053101054099, -23.51963006740645, 0.0 ], [ -46.732302661910069, -23.519727274152501, 0.0 ], [ -46.732520351903503, -23.519839225460181, 0.0 ], [ -46.732792178224912, -23.520004352939729, 0.0 ], [ -46.733071968765287, -23.520212564631301, 0.0 ], [ -46.735696891656758, -23.52232824053797, 0.0 ], [ -46.737386239133002, -23.523667394923361, 0.0 ], [ -46.73733506013788, -23.52372796244126, 0.0 ], [ -46.737415136691737, -23.52379034983116, 0.0 ], [ -46.737392226843333, -23.52382651155785, 0.0 ], [ -46.737436958215753, -23.523869099722901, 0.0 ], [ -46.737503403298227, -23.523784577634739, 0.0 ], [ -46.737587355456128, -23.52384587779467, 0.0 ], [ -46.737597652940728, -23.523838582173841, 0.0 ], [ -46.739437726964489, -23.525356016724359, 0.0 ], [ -46.740863194790947, -23.526462749949062, 0.0 ], [ -46.741576409142247, -23.527052011702519, 0.0 ], [ -46.742235409956749, -23.527568867657099, 0.0 ], [ -46.74237007473176, -23.527633188422339, 0.0 ], [ -46.742347354811628, -23.527683710879579, 0.0 ], [ -46.742438915816173, -23.527730561697311, 0.0 ], [ -46.74296531931698, -23.52814237681525, 0.0 ], [ -46.744750773611941, -23.529587406892809, 0.0 ], [ -46.745526230113278, -23.530125620420279, 0.0 ], [ -46.746016823674779, -23.530382233341349, 0.0 ], [ -46.746403484696643, -23.530540669883251, 0.0 ], [ -46.74675843257689, -23.530658767930351, 0.0 ], [ -46.747277278605317, -23.53079178161228, 0.0 ], [ -46.747698225781008, -23.530861533973049, 0.0 ], [ -46.747721449668163, -23.530659667639259, 0.0 ], [ -46.747596848439123, -23.530644528789558, 0.0 ], [ -46.747633250031853, -23.530513494415551, 0.0 ], [ -46.747489130137581, -23.530455467496569, 0.0 ], [ -46.746926951618264, -23.530379206633899, 0.0 ], [ -46.746421075472767, -23.530195489172669, 0.0 ], [ -46.74589573340738, -23.529942173261929, 0.0 ], [ -46.745498527697947, -23.529687281777331, 0.0 ], [ -46.744701190441447, -23.529066170779721, 0.0 ], [ -46.744603763576329, -23.529017246146481, 0.0 ], [ -46.74456847536942, -23.529049708098039, 0.0 ], [ -46.742241914753563, -23.527185285419559, 0.0 ], [ -46.741081223124837, -23.52628751396157, 0.0 ], [ -46.738718461111752, -23.52440682756006, 0.0 ], [ -46.737680119188859, -23.523529886695989, 0.0 ], [ -46.737534033736011, -23.52353331195836, 0.0 ], [ -46.734991575365953, -23.521524703528399, 0.0 ], [ -46.734502949855489, -23.52110513055748, 0.0 ], [ -46.734688108417558, -23.520746778172839, 0.0 ], [ -46.733834717446477, -23.520395966813911, 0.0 ], [ -46.733773546845811, -23.520532742209848, 0.0 ], [ -46.733515395551777, -23.520329243835668, 0.0 ], [ -46.732749259912737, -23.519798969852818, 0.0 ], [ -46.73238830869218, -23.519604422042121, 0.0 ], [ -46.73196735153526, -23.51945069933091, 0.0 ], [ -46.731616439008029, -23.519375399426579, 0.0 ], [ -46.731267160117881, -23.519332430589341, 0.0 ], [ -46.730865022542901, -23.519321283591331, 0.0 ], [ -46.728887321859851, -23.5193622167907, 0.0 ], [ -46.728471823185437, -23.51934786547104, 0.0 ], [ -46.727798969104917, -23.519190234214172, 0.0 ], [ -46.726837035448462, -23.518992157855141, 0.0 ], [ -46.726257689883141, -23.518897000536871, 0.0 ], [ -46.723848502483207, -23.518777762699852, 0.0 ], [ -46.72244370101506, -23.5185724307517, 0.0 ], [ -46.721164595387783, -23.518529903136258, 0.0 ], [ -46.721177577917423, -23.518396417286372, 0.0 ], [ -46.723360122309309, -23.517163083317229, 0.0 ], [ -46.723632903924027, -23.51697484242829, 0.0 ], [ -46.723957031519973, -23.516699439734701, 0.0 ], [ -46.724288845922203, -23.516332102159769, 0.0 ], [ -46.72477762403004, -23.51571821860766, 0.0 ], [ -46.7255084302979, -23.514630233294799, 0.0 ], [ -46.725429045338863, -23.514582714825501, 0.0 ], [ -46.724653293141927, -23.515719686372929, 0.0 ], [ -46.724218003290723, -23.516266017529389, 0.0 ], [ -46.723888131233551, -23.51663354746, 0.0 ], [ -46.723544912551013, -23.516926202894751, 0.0 ], [ -46.723299320698963, -23.517088784448269, 0.0 ], [ -46.721043438211048, -23.518367326483869, 0.0 ], [ -46.720583003890873, -23.518500395009589, 0.0 ], [ -46.720170545267827, -23.51856049021784, 0.0 ], [ -46.71924974620233, -23.518624618601901, 0.0 ], [ -46.718854558940528, -23.51861241726851, 0.0 ], [ -46.71791676034232, -23.518647347106871, 0.0 ], [ -46.7177372921455, -23.518686352755282, 0.0 ], [ -46.717551088393208, -23.51874474963898, 0.0 ], [ -46.716954509839923, -23.51902419182948, 0.0 ], [ -46.716697655252837, -23.519159028150678, 0.0 ], [ -46.716715501667252, -23.519187808815321, 0.0 ], [ -46.71592622725607, -23.519564350617031, 0.0 ], [ -46.715104323675902, -23.51987333928956, 0.0 ], [ -46.714513270542852, -23.520017783404569, 0.0 ], [ -46.714365038705957, -23.520040343303691, 0.0 ], [ -46.71268534944236, -23.520204514880501, 0.0 ], [ -46.712147380853708, -23.520219468880029, 0.0 ], [ -46.711728691805718, -23.52012573351648, 0.0 ], [ -46.71163992908987, -23.52015004968251, 0.0 ], [ -46.711616761239988, -23.5201977503127, 0.0 ], [ -46.711560280923791, -23.520179169814011, 0.0 ], [ -46.711546638967697, -23.52014853084728, 0.0 ], [ -46.711316092123717, -23.520052952084409, 0.0 ], [ -46.711125189436792, -23.519951216593348, 0.0 ], [ -46.710557120142482, -23.519599272995791, 0.0 ], [ -46.707039998209289, -23.517375751234471, 0.0 ], [ -46.706818300127601, -23.51727213360229, 0.0 ], [ -46.706393114696411, -23.517148187346269, 0.0 ], [ -46.706099076616759, -23.517131099733181, 0.0 ], [ -46.705762931929627, -23.517135936615929, 0.0 ] ] ] } },
{ "type": "Feature", "properties": { }, "geometry": { "type": "Polygon", "coordinates": [ [ [ -46.687647212113333, -23.521548837447359, 0.0 ], [ -46.68763690627901, -23.52150101710674, 0.0 ], [ -46.687583849737187, -23.521514675270449, 0.0 ], [ -46.68759536301819, -23.521561496430209, 0.0 ], [ -46.687647212113333, -23.521548837447359, 0.0 ] ] ] } },
{ "type": "Feature", "properties": { }, "geometry": { "type": "Polygon", "coordinates": [ [ [ -46.766944433998589, -23.459496364288999, 0.0 ], [ -46.766889116984167, -23.459398164352191, 0.0 ], [ -46.766858221448217, -23.459411813709409, 0.0 ], [ -46.766915227420156, -23.459519538293421, 0.0 ], [ -46.766944433998589, -23.459496364288999, 0.0 ] ] ] } },
{ "type": "Feature", "properties": { }, "geometry": { "type": "Polygon", "coordinates": [ [ [ -46.786954676415647, -23.205323853061671, 0.0 ], [ -46.786916755422617, -23.20529842968903, 0.0 ], [ -46.786871960684167, -23.205356310002081, 0.0 ], [ -46.786909528163861, -23.20538166967556, 0.0 ], [ -46.786954676415647, -23.205323853061671, 0.0 ] ] ] } },
{ "type": "Feature", "properties": { }, "geometry": { "type": "Polygon", "coordinates": [ [ [ -46.732874227358359, -23.458188646831999, 0.0 ], [ -46.73218192262879, -23.458856254731209, 0.0 ], [ -46.73200235121454, -23.458919472988079, 0.0 ], [ -46.732083008373131, -23.459084460741071, 0.0 ], [ -46.732261752513033, -23.45901041547507, 0.0 ], [ -46.732206953939013, -23.45889923171146, 0.0 ], [ -46.732956133932923, -23.458187105570609, 0.0 ], [ -46.732874227358359, -23.458188646831999, 0.0 ] ] ] } },
{ "type": "Feature", "properties": { }, "geometry": { "type": "Polygon", "coordinates": [ [ [ -46.747711653893283, -23.362265944981111, 0.0 ], [ -46.747767374381993, -23.362231837898982, 0.0 ], [ -46.747453875733783, -23.36169833309437, 0.0 ], [ -46.747245493114008, -23.361389505442549, 0.0 ], [ -46.747212371058531, -23.361415872182231, 0.0 ], [ -46.747339527268487, -23.36157531042041, 0.0 ], [ -46.747512185137893, -23.361846353931, 0.0 ], [ -46.747711653893283, -23.362265944981111, 0.0 ] ] ] } },
{ "type": "Feature", "properties": { }, "geometry": { "type": "Polygon", "coordinates": [ [ [ -46.7364325359395, -23.47474156130815, 0.0 ], [ -46.736277863833621, -23.47461888441013, 0.0 ], [ -46.735990409466851, -23.475009068824939, 0.0 ], [ -46.736093246934338, -23.47513884120006, 0.0 ], [ -46.7364325359395, -23.47474156130815, 0.0 ] ] ] } },
{ "type": "Feature", "properties": { }, "geometry": { "type": "Polygon", "coordinates": [ [ [ -46.730797127436148, -23.48202163755629, 0.0 ], [ -46.730657522122463, -23.482202147515508, 0.0 ], [ -46.73057253802407, -23.482144634241831, 0.0 ], [ -46.730661141375258, -23.482538077083799, 0.0 ], [ -46.730947182736443, -23.48248047066232, 0.0 ], [ -46.730955607282198, -23.482410078971991, 0.0 ], [ -46.730810043785773, -23.482308539888869, 0.0 ], [ -46.73095188490295, -23.482127572426741, 0.0 ], [ -46.730797127436148, -23.48202163755629, 0.0 ] ] ] } },
{ "type": "Feature", "properties": { }, "geometry": { "type": "Polygon", "coordinates": [ [ [ -46.670926441171098, -23.525777586430571, 0.0 ], [ -46.670593244339891, -23.525803138553691, 0.0 ], [ -46.670669562958039, -23.526555722171359, 0.0 ], [ -46.670988753207013, -23.526387255534981, 0.0 ], [ -46.670926441171098, -23.525777586430571, 0.0 ] ] ] } },
{ "type": "Feature", "properties": { }, "geometry": { "type": "Polygon", "coordinates": [ [ [ -46.635517929491947, -23.535008271160361, 0.0 ], [ -46.635577418561752, -23.535197666036911, 0.0 ], [ -46.637122487108158, -23.53479900469522, 0.0 ], [ -46.637140402267228, -23.534868691765741, 0.0 ], [ -46.637943320213992, -23.534701536016421, 0.0 ], [ -46.638725248568051, -23.534311970618749, 0.0 ], [ -46.638782073738668, -23.534247455631391, 0.0 ], [ -46.639053589022922, -23.534093470768401, 0.0 ], [ -46.639432470714453, -23.53384487342861, 0.0 ], [ -46.639789012978149, -23.53355813912944, 0.0 ], [ -46.640084968474888, -23.533289062132511, 0.0 ], [ -46.640332767941437, -23.533024824146899, 0.0 ], [ -46.640810298493477, -23.532414746650971, 0.0 ], [ -46.641218919740922, -23.531805850734582, 0.0 ], [ -46.641994513333707, -23.53070131642896, 0.0 ], [ -46.641855367262423, -23.530622132443622, 0.0 ], [ -46.642177605533668, -23.53013356508168, 0.0 ], [ -46.642146290092683, -23.530090419219331, 0.0 ], [ -46.64224060980105, -23.52997474812523, 0.0 ], [ -46.642276499663673, -23.530000833522141, 0.0 ], [ -46.642696020471931, -23.52955426959732, 0.0 ], [ -46.642835742105433, -23.529680332063961, 0.0 ], [ -46.642965280381993, -23.529562078126268, 0.0 ], [ -46.642832686415439, -23.529428742479201, 0.0 ], [ -46.643246274331872, -23.529090741493139, 0.0 ], [ -46.643682444595846, -23.528792255908051, 0.0 ], [ -46.644043263733252, -23.528589623509671, 0.0 ], [ -46.644365187397113, -23.52843104651669, 0.0 ], [ -46.644858808851993, -23.528231088831259, 0.0 ], [ -46.645496419042949, -23.528022533738511, 0.0 ], [ -46.645527813439493, -23.52806245787465, 0.0 ], [ -46.646224182155173, -23.527934813866121, 0.0 ], [ -46.647046162034357, -23.527868782951881, 0.0 ], [ -46.647445083857512, -23.527882834834241, 0.0 ], [ -46.648903231109308, -23.527988375252988, 0.0 ], [ -46.65030624507628, -23.528115279684371, 0.0 ], [ -46.65031063095519, -23.528137916306338, 0.0 ], [ -46.651794956148137, -23.52825827382275, 0.0 ], [ -46.652044449812138, -23.528246176066499, 0.0 ], [ -46.652164511931183, -23.528220958569371, 0.0 ], [ -46.652176177646773, -23.52827880268584, 0.0 ], [ -46.652572930704132, -23.528228595071081, 0.0 ], [ -46.653574703188667, -23.527991757120201, 0.0 ], [ -46.657092308522337, -23.526983403278152, 0.0 ], [ -46.65908030664977, -23.526430527404191, 0.0 ], [ -46.659721268661521, -23.52626275138589, 0.0 ], [ -46.660268836481613, -23.52614223201553, 0.0 ], [ -46.660641210779779, -23.5260828746657, 0.0 ], [ -46.661217593055447, -23.526029291827658, 0.0 ], [ -46.661219761443633, -23.52606471597672, 0.0 ], [ -46.666376303754951, -23.52569905130435, 0.0 ], [ -46.669477721430908, -23.525446794954998, 0.0 ], [ -46.671474109170369, -23.525213839900449, 0.0 ], [ -46.671484404457303, -23.525225358427249, 0.0 ], [ -46.672917062119197, -23.5251241833124, 0.0 ], [ -46.674665795796273, -23.524991106693921, 0.0 ], [ -46.674875540316371, -23.524956049202149, 0.0 ], [ -46.674903016683068, -23.52499437474642, 0.0 ], [ -46.677154980425193, -23.524828874205159, 0.0 ], [ -46.677151811613399, -23.524760129919841, 0.0 ], [ -46.67787617836845, -23.524685134820519, 0.0 ], [ -46.677861891111156, -23.52460010890568, 0.0 ], [ -46.678587424385377, -23.524427812181681, 0.0 ], [ -46.678977502545443, -23.524301180467639, 0.0 ], [ -46.679305934581393, -23.524164281049131, 0.0 ], [ -46.683045971826118, -23.52237602410975, 0.0 ], [ -46.683772974009287, -23.5220557495572, 0.0 ], [ -46.684265814462449, -23.521866867253419, 0.0 ], [ -46.685016894304013, -23.5216497156797, 0.0 ], [ -46.685744381032151, -23.521495748238991, 0.0 ], [ -46.686323363013919, -23.521430292769121, 0.0 ], [ -46.686909289055563, -23.521399223521239, 0.0 ], [ -46.68800581878277, -23.521424800669958, 0.0 ], [ -46.687966203406823, -23.521492300893261, 0.0 ], [ -46.688643619434039, -23.52151814960477, 0.0 ], [ -46.688969062661201, -23.521494759345519, 0.0 ], [ -46.688968904747227, -23.521444324934819, 0.0 ], [ -46.69338612650261, -23.521498991625421, 0.0 ], [ -46.694006237854893, -23.521470519964399, 0.0 ], [ -46.694401801186473, -23.521434001071619, 0.0 ], [ -46.69516216014798, -23.521308101574871, 0.0 ], [ -46.695983973965632, -23.52109264159818, 0.0 ], [ -46.696264666538177, -23.521000813038579, 0.0 ], [ -46.703130927109463, -23.518045347410439, 0.0 ], [ -46.703243696974653, -23.51800002582171, 0.0 ], [ -46.70326505724136, -23.518045041092218, 0.0 ], [ -46.70349718172352, -23.517952294714231, 0.0 ], [ -46.703627887629153, -23.517930561887681, 0.0 ], [ -46.703956668347978, -23.517788319471219, 0.0 ], [ -46.704062498736668, -23.517693183717611, 0.0 ], [ -46.70466465081163, -23.51743395726114, 0.0 ], [ -46.705324336318817, -23.517119279242319, 0.0 ], [ -46.705312704093018, -23.517096202005138, 0.0 ], [ -46.706274681673968, -23.516669312449579, 0.0 ], [ -46.706283673735449, -23.516691917377589, 0.0 ], [ -46.708798420417018, -23.515571761883511, 0.0 ], [ -46.709617429054219, -23.5151120569281, 0.0 ], [ -46.70999192013786, -23.514875172454669, 0.0 ], [ -46.710529229742342, -23.514478896046231, 0.0 ], [ -46.710904777064783, -23.514154583911822, 0.0 ], [ -46.711336877395418, -23.51373726424697, 0.0 ], [ -46.711755401410088, -23.513247574813199, 0.0 ], [ -46.711786181109453, -23.513271781080881, 0.0 ], [ -46.712155608070823, -23.512852015902471, 0.0 ], [ -46.712541316328107, -23.51233823377876, 0.0 ], [ -46.712887276272163, -23.51180606218167, 0.0 ], [ -46.713321222545773, -23.51096732188109, 0.0 ], [ -46.713770713087918, -23.509803984604591, 0.0 ], [ -46.714356165112079, -23.50809446625999, 0.0 ], [ -46.714771484869189, -23.50681854993875, 0.0 ], [ -46.714875198635973, -23.506832468195061, 0.0 ], [ -46.715331236232487, -23.505335217259152, 0.0 ], [ -46.715365530848047, -23.505090736375351, 0.0 ], [ -46.715203603372103, -23.501635971355491, 0.0 ], [ -46.715203568508002, -23.501281716725, 0.0 ], [ -46.7152567986695, -23.50092088130922, 0.0 ], [ -46.7153166462898, -23.500669066442391, 0.0 ], [ -46.716021091319277, -23.49914468573499, 0.0 ], [ -46.716348973079093, -23.498596907134779, 0.0 ], [ -46.716884822834523, -23.4978255498085, 0.0 ], [ -46.717491216308247, -23.49707619237385, 0.0 ], [ -46.71771657133219, -23.497245740577259, 0.0 ], [ -46.717944349851862, -23.497000466438589, 0.0 ], [ -46.7181625733175, -23.497171890519049, 0.0 ], [ -46.718188893569597, -23.497144626425801, 0.0 ], [ -46.718507021409572, -23.497394072285282, 0.0 ], [ -46.719204477982039, -23.496593951855289, 0.0 ], [ -46.718889010520073, -23.496399025145841, 0.0 ], [ -46.720997784012098, -23.494313164600609, 0.0 ], [ -46.722978470358584, -23.492388137005729, 0.0 ], [ -46.723606362919533, -23.49179556687282, 0.0 ], [ -46.723806840273859, -23.491703437258352, 0.0 ], [ -46.723792222590333, -23.49158011995522, 0.0 ], [ -46.723806750118229, -23.491346786442332, 0.0 ], [ -46.723845958188257, -23.491210285655409, 0.0 ], [ -46.724007490765963, -23.490975327312789, 0.0 ], [ -46.724085008738193, -23.490783255888001, 0.0 ], [ -46.724181408832997, -23.49069227755102, 0.0 ], [ -46.724274404875203, -23.490639699294999, 0.0 ], [ -46.724359002360053, -23.490541658121831, 0.0 ], [ -46.724462128087438, -23.490417637294101, 0.0 ], [ -46.724584849735791, -23.49019989038273, 0.0 ], [ -46.724756936561533, -23.490126057316221, 0.0 ], [ -46.724781388903352, -23.490105406653861, 0.0 ], [ -46.724874766550542, -23.489932341003989, 0.0 ], [ -46.724987936717838, -23.489830386522499, 0.0 ], [ -46.725274917342666, -23.48963719639362, 0.0 ], [ -46.725274042615503, -23.489570071109991, 0.0 ], [ -46.72529280722938, -23.489512320096569, 0.0 ], [ -46.725329940396072, -23.489466353097551, 0.0 ], [ -46.726267143272551, -23.488948272773481, 0.0 ], [ -46.72700992241392, -23.488437735887871, 0.0 ], [ -46.726890210990753, -23.48828740995701, 0.0 ], [ -46.727293080059248, -23.488001821260191, 0.0 ], [ -46.727190154341478, -23.48789147069251, 0.0 ], [ -46.728425367138513, -23.48671022155655, 0.0 ], [ -46.728480140211303, -23.4867508795679, 0.0 ], [ -46.730411166932377, -23.484950144504971, 0.0 ], [ -46.731927120887249, -23.483801068780551, 0.0 ], [ -46.732528137341177, -23.482843656022371, 0.0 ], [ -46.732909407067019, -23.482136167969411, 0.0 ], [ -46.733027656728829, -23.48188804721179, 0.0 ], [ -46.733124728072433, -23.48146627736671, 0.0 ], [ -46.733273374675008, -23.481101580848222, 0.0 ], [ -46.73382606368515, -23.47997039235295, 0.0 ], [ -46.73398154522949, -23.479772887428229, 0.0 ], [ -46.734071449298973, -23.47960887213134, 0.0 ], [ -46.734552128091977, -23.47865992619553, 0.0 ], [ -46.734617053817828, -23.47848201323264, 0.0 ], [ -46.734751837325227, -23.478242526111579, 0.0 ], [ -46.734888752931248, -23.477952930876569, 0.0 ], [ -46.735043577535798, -23.477705503383088, 0.0 ], [ -46.735381408625969, -23.47709008374401, 0.0 ], [ -46.735878447687419, -23.476321320224478, 0.0 ], [ -46.736405643396672, -23.475565422232091, 0.0 ], [ -46.736855124805658, -23.475011095897369, 0.0 ], [ -46.737305391088228, -23.474580127275949, 0.0 ], [ -46.739653676963123, -23.472878755033701, 0.0 ], [ -46.740459435617467, -23.4722667521911, 0.0 ], [ -46.740855893306509, -23.471909086586098, 0.0 ], [ -46.741243677885613, -23.471650103276549, 0.0 ], [ -46.741494474667498, -23.47149485676934, 0.0 ], [ -46.7416239084084, -23.471437031798921, 0.0 ], [ -46.74371376435122, -23.470595699827001, 0.0 ], [ -46.744019999202223, -23.47045290037121, 0.0 ], [ -46.744230838371948, -23.47033762564071, 0.0 ], [ -46.744656318414343, -23.470051755509171, 0.0 ], [ -46.745021425294453, -23.46974624339315, 0.0 ], [ -46.745132610945873, -23.46963334168203, 0.0 ], [ -46.745759301654523, -23.468845830643939, 0.0 ], [ -46.745978638452257, -23.468252490277969, 0.0 ], [ -46.746065273111057, -23.46797292843301, 0.0 ], [ -46.746130766769276, -23.467670768181929, 0.0 ], [ -46.746188765517147, -23.467166637782, 0.0 ], [ -46.746188194156723, -23.466664738137371, 0.0 ], [ -46.74616687958693, -23.46662891271945, 0.0 ], [ -46.746123573410578, -23.466276629745629, 0.0 ], [ -46.746062298876957, -23.466004865532209, 0.0 ], [ -46.745973302921072, -23.46571530106046, 0.0 ], [ -46.745874545162387, -23.465464272196499, 0.0 ], [ -46.745749449074459, -23.465208813614669, 0.0 ], [ -46.745576497490177, -23.464927862472621, 0.0 ], [ -46.745397526669507, -23.46467950554673, 0.0 ], [ -46.745075751095527, -23.464329078210099, 0.0 ], [ -46.744832552824938, -23.464096514937889, 0.0 ], [ -46.744443759265778, -23.46379471145266, 0.0 ], [ -46.743907837400577, -23.463329979019221, 0.0 ], [ -46.741106827892537, -23.461072996491129, 0.0 ], [ -46.740378942437687, -23.460548185672469, 0.0 ], [ -46.739781381656663, -23.46017184514864, 0.0 ], [ -46.739294039358782, -23.45979301329227, 0.0 ], [ -46.739092405211338, -23.459569005652131, 0.0 ], [ -46.73874030098046, -23.459072728617581, 0.0 ], [ -46.738475425368357, -23.45854220888635, 0.0 ], [ -46.738324861818931, -23.458048272169169, 0.0 ], [ -46.738611191314952, -23.45741827152678, 0.0 ], [ -46.738650463484312, -23.45698388780664, 0.0 ], [ -46.739041684752308, -23.455955145269659, 0.0 ], [ -46.739225013332437, -23.455728938909878, 0.0 ], [ -46.739784287880923, -23.455199092776059, 0.0 ], [ -46.7421952903792, -23.453257927207471, 0.0 ], [ -46.742590576323529, -23.453030195961869, 0.0 ], [ -46.742721592829433, -23.452944144187089, 0.0 ], [ -46.742774076941579, -23.452887728624791, 0.0 ], [ -46.74278906468826, -23.452841035636471, 0.0 ], [ -46.742779310835978, -23.45279715831936, 0.0 ], [ -46.742646795387493, -23.452629458904909, 0.0 ], [ -46.742613190985423, -23.452291301205999, 0.0 ], [ -46.742607644281151, -23.451803330278601, 0.0 ], [ -46.742649654737377, -23.451682289890911, 0.0 ], [ -46.742719811193879, -23.451359882709831, 0.0 ], [ -46.742758081930091, -23.451003061489882, 0.0 ], [ -46.742727617540908, -23.45035918865042, 0.0 ], [ -46.742417303296648, -23.448925801184679, 0.0 ], [ -46.742287825574422, -23.448226700657969, 0.0 ], [ -46.742211762256929, -23.44738147589835, 0.0 ], [ -46.742309777179592, -23.446324066551831, 0.0 ], [ -46.74252552254481, -23.44526761610242, 0.0 ], [ -46.742845776811031, -23.444360018131739, 0.0 ], [ -46.742996026182382, -23.443725893301909, 0.0 ], [ -46.743154881856988, -23.443325051442262, 0.0 ], [ -46.743314821510268, -23.442978461686099, 0.0 ], [ -46.743508714524097, -23.442664330244138, 0.0 ], [ -46.743713315248669, -23.44244762888076, 0.0 ], [ -46.743920985282863, -23.442286007042838, 0.0 ], [ -46.746339535259509, -23.440916029586209, 0.0 ], [ -46.746360836232327, -23.440858997592191, 0.0 ], [ -46.746447852619859, -23.440783500554279, 0.0 ], [ -46.746497921490729, -23.440712224052461, 0.0 ], [ -46.746539395228567, -23.44069467231559, 0.0 ], [ -46.746771528538567, -23.440375963582071, 0.0 ], [ -46.746833643455282, -23.440250412469162, 0.0 ], [ -46.746836320044437, -23.44019368732291, 0.0 ], [ -46.746939948310491, -23.440109151026832, 0.0 ], [ -46.747037648620562, -23.43989094686011, 0.0 ], [ -46.747179275486438, -23.439493548837039, 0.0 ], [ -46.747207113834953, -23.4393202294928, 0.0 ], [ -46.747362035534472, -23.438814905201259, 0.0 ], [ -46.747430627928757, -23.438830954756781, 0.0 ], [ -46.747830838421777, -23.439024301631029, 0.0 ], [ -46.747960815603243, -23.438868712855299, 0.0 ], [ -46.748332414345612, -23.438222130062339, 0.0 ], [ -46.747581418002341, -23.437864644515429, 0.0 ], [ -46.747623544274198, -23.43769015374987, 0.0 ], [ -46.747747311070263, -23.436708393916351, 0.0 ], [ -46.747944474274007, -23.435670278976609, 0.0 ], [ -46.74803409899544, -23.434911033350719, 0.0 ], [ -46.748037350049337, -23.434390688813519, 0.0 ], [ -46.747995607108543, -23.43395868348059, 0.0 ], [ -46.747895491208887, -23.433710076631421, 0.0 ], [ -46.747905025073671, -23.433589616380889, 0.0 ], [ -46.747663531408968, -23.43280918965992, 0.0 ], [ -46.74736364428707, -23.432078286710041, 0.0 ], [ -46.746818097103016, -23.43088780111551, 0.0 ], [ -46.746737988577237, -23.43076912233483, 0.0 ], [ -46.746608594012862, -23.430630433506639, 0.0 ], [ -46.746603645604921, -23.430260110879939, 0.0 ], [ -46.746473445671562, -23.429872834137669, 0.0 ], [ -46.746288686749793, -23.42940793196691, 0.0 ], [ -46.746258570603608, -23.42928220371201, 0.0 ], [ -46.746218564510229, -23.42898928693678, 0.0 ], [ -46.746204790656179, -23.428470418052761, 0.0 ], [ -46.746183731195927, -23.428278423344569, 0.0 ], [ -46.746141032926587, -23.42810480122354, 0.0 ], [ -46.745959404821733, -23.427603852362711, 0.0 ], [ -46.745913553688908, -23.427288252212168, 0.0 ], [ -46.745850463322348, -23.427071095575911, 0.0 ], [ -46.745650596331842, -23.426494502046129, 0.0 ], [ -46.74540518968125, -23.4259782216084, 0.0 ], [ -46.745192677214547, -23.425673026597519, 0.0 ], [ -46.744778266216827, -23.4251650416874, 0.0 ], [ -46.744373882515532, -23.424587069631219, 0.0 ], [ -46.744279034357483, -23.42441095553216, 0.0 ], [ -46.744150776916058, -23.424141030849899, 0.0 ], [ -46.744016112616123, -23.42376309386464, 0.0 ], [ -46.743909276946432, -23.423225022513108, 0.0 ], [ -46.743892324042562, -23.42288371588813, 0.0 ], [ -46.743906445844239, -23.42265617893263, 0.0 ], [ -46.743945490192488, -23.42244886009976, 0.0 ], [ -46.744217706159397, -23.42164057840893, 0.0 ], [ -46.744517065595048, -23.420885254311528, 0.0 ], [ -46.744746096792738, -23.420092772034131, 0.0 ], [ -46.745138961791497, -23.419051247603502, 0.0 ], [ -46.745201126578273, -23.418847034749529, 0.0 ], [ -46.745266843751949, -23.41853354980605, 0.0 ], [ -46.745307080490022, -23.417989236426049, 0.0 ], [ -46.745291441770227, -23.417558229335089, 0.0 ], [ -46.74517330294389, -23.416919100003099, 0.0 ], [ -46.745071701224937, -23.416209647234648, 0.0 ], [ -46.745108254522791, -23.41538481922435, 0.0 ], [ -46.745148216064223, -23.41519925236577, 0.0 ], [ -46.745358736685382, -23.414517357195631, 0.0 ], [ -46.745591591241443, -23.41401688484212, 0.0 ], [ -46.745941223381017, -23.413482911919409, 0.0 ], [ -46.747040886491689, -23.41213913039832, 0.0 ], [ -46.748104528706079, -23.4109026784114, 0.0 ], [ -46.748262305552743, -23.41076293483626, 0.0 ], [ -46.748558787786791, -23.4105503505691, 0.0 ], [ -46.749990631385757, -23.40962596652999, 0.0 ], [ -46.750152321855531, -23.409594260109511, 0.0 ], [ -46.75029059126792, -23.409538095222398, 0.0 ], [ -46.750805404971103, -23.409190257029131, 0.0 ], [ -46.751106350457242, -23.40893852434132, 0.0 ], [ -46.751497662456572, -23.408542050840751, 0.0 ], [ -46.751869489325053, -23.40806158776142, 0.0 ], [ -46.751562301213923, -23.40792720816259, 0.0 ], [ -46.751086211193318, -23.408472371278648, 0.0 ], [ -46.750773344777933, -23.408765630444389, 0.0 ], [ -46.750509303226067, -23.408979005507291, 0.0 ], [ -46.750150973224109, -23.409229080066531, 0.0 ], [ -46.749759997971623, -23.40946227208719, 0.0 ], [ -46.748725264186888, -23.41001740009559, 0.0 ], [ -46.748270180423297, -23.410340160442569, 0.0 ], [ -46.747964372059293, -23.41060402650475, 0.0 ], [ -46.747677930866267, -23.410894839621129, 0.0 ], [ -46.746269430147713, -23.412573633849881, 0.0 ], [ -46.745626558349088, -23.413377641754661, 0.0 ], [ -46.745338058196637, -23.413818945053851, 0.0 ], [ -46.745145964647357, -23.4141947826101, 0.0 ], [ -46.745024964707412, -23.41447668937067, 0.0 ], [ -46.744907801278281, -23.41486088753997, 0.0 ], [ -46.744802424100278, -23.415382932769631, 0.0 ], [ -46.744760695694112, -23.415947807256771, 0.0 ], [ -46.744773166860519, -23.416383601592148, 0.0 ], [ -46.744948153070062, -23.417743032757819, 0.0 ], [ -46.744948125371337, -23.418187438629381, 0.0 ], [ -46.744922362114039, -23.418437811000992, 0.0 ], [ -46.744831432627343, -23.41892060080221, 0.0 ], [ -46.744716653916647, -23.419296722787909, 0.0 ], [ -46.743739828393473, -23.421833781078831, 0.0 ], [ -46.743614552667161, -23.422360646808581, 0.0 ], [ -46.74358578537187, -23.42263922369078, 0.0 ], [ -46.743584718241962, -23.423145960438099, 0.0 ], [ -46.743621180888788, -23.42345772045968, 0.0 ], [ -46.743742937478778, -23.4239701091096, 0.0 ], [ -46.743967151681439, -23.42451951793926, 0.0 ], [ -46.744116653874713, -23.42477729025752, 0.0 ], [ -46.744971638525882, -23.425906431386071, 0.0 ], [ -46.745198713490353, -23.426303424370332, 0.0 ], [ -46.745335011801522, -23.426577175273621, 0.0 ], [ -46.745459374761829, -23.426889292780629, 0.0 ], [ -46.745636614599448, -23.427625568137, 0.0 ], [ -46.745731549073497, -23.428350557573449, 0.0 ], [ -46.745831753878633, -23.428875135079888, 0.0 ], [ -46.746052682501031, -23.429750102283919, 0.0 ], [ -46.746343399644211, -23.430570762527051, 0.0 ], [ -46.747095806181413, -23.432282809444331, 0.0 ], [ -46.747334700791718, -23.432788628902269, 0.0 ], [ -46.747552426505102, -23.43341894027559, 0.0 ], [ -46.747678881899638, -23.434046449838679, 0.0 ], [ -46.747717238507029, -23.434439814780738, 0.0 ], [ -46.74771748726711, -23.434931100292012, 0.0 ], [ -46.747685654276843, -23.435348190168309, 0.0 ], [ -46.747482121662799, -23.435323705785489, 0.0 ], [ -46.747275318927947, -23.436625924617889, 0.0 ], [ -46.746793293501469, -23.43907437459918, 0.0 ], [ -46.747009172279277, -23.43909107564388, 0.0 ], [ -46.746952190271557, -23.439330665879599, 0.0 ], [ -46.746860138434002, -23.439584030295681, 0.0 ], [ -46.746645848801997, -23.440003162190429, 0.0 ], [ -46.746448465249301, -23.44029280510248, 0.0 ], [ -46.746133812864073, -23.440645461459301, 0.0 ], [ -46.745855255978299, -23.440908557886729, 0.0 ], [ -46.745510149156708, -23.44115710497022, 0.0 ], [ -46.745301791203197, -23.441281128081531, 0.0 ], [ -46.744295037445077, -23.44181209705274, 0.0 ], [ -46.744070989541413, -23.441960397935119, 0.0 ], [ -46.743652849306343, -23.442311155980249, 0.0 ], [ -46.743397640201493, -23.44258347446209, 0.0 ], [ -46.743168936884061, -23.44287964375923, 0.0 ], [ -46.743015906448527, -23.443114119320541, 0.0 ], [ -46.742891223058891, -23.44335310740788, 0.0 ], [ -46.742717605417809, -23.44377518555936, 0.0 ], [ -46.742276236127651, -23.445030872984439, 0.0 ], [ -46.742146891924648, -23.44547370487977, 0.0 ], [ -46.741976632584333, -23.44639121896158, 0.0 ], [ -46.74193303832309, -23.44682150322085, 0.0 ], [ -46.741923017979893, -23.447255276582609, 0.0 ], [ -46.741954318887203, -23.448043050965339, 0.0 ], [ -46.742016044292988, -23.448514656491319, 0.0 ], [ -46.742101461164467, -23.448999800744399, 0.0 ], [ -46.742361438901938, -23.45010914863586, 0.0 ], [ -46.742417577163359, -23.450547232491711, 0.0 ], [ -46.742411845516443, -23.451128438410471, 0.0 ], [ -46.742327456934433, -23.451689071932002, 0.0 ], [ -46.742194012238933, -23.45209933577744, 0.0 ], [ -46.741919654103398, -23.452627821578631, 0.0 ], [ -46.741398114887453, -23.453272532857341, 0.0 ], [ -46.741057135298398, -23.453567434688999, 0.0 ], [ -46.740731656950231, -23.453800961630758, 0.0 ], [ -46.739446833720663, -23.454502686138131, 0.0 ], [ -46.739202780721229, -23.454675728033109, 0.0 ], [ -46.738611677775843, -23.45522936171459, 0.0 ], [ -46.73841064994604, -23.455524763367539, 0.0 ], [ -46.738164344348142, -23.455979411582479, 0.0 ], [ -46.737998214013047, -23.456485760809191, 0.0 ], [ -46.737926319011578, -23.45680947883524, 0.0 ], [ -46.737880514020567, -23.45723205984795, 0.0 ], [ -46.737878253298142, -23.45753922190038, 0.0 ], [ -46.737901564175147, -23.45779877244172, 0.0 ], [ -46.737957521822977, -23.458150679868069, 0.0 ], [ -46.738086267804768, -23.458619608471722, 0.0 ], [ -46.738210387349319, -23.458895421904678, 0.0 ], [ -46.738464707189621, -23.459351361284199, 0.0 ], [ -46.738580342018118, -23.459539376628921, 0.0 ], [ -46.738788108254937, -23.459797430364439, 0.0 ], [ -46.739055507010278, -23.460052846660091, 0.0 ], [ -46.739377715193633, -23.460323123248351, 0.0 ], [ -46.740362148924248, -23.460971537592279, 0.0 ], [ -46.740770478371921, -23.461267307960139, 0.0 ], [ -46.744345494637621, -23.464154562290329, 0.0 ], [ -46.744828684265173, -23.464582716289389, 0.0 ], [ -46.745031877803441, -23.46480517561994, 0.0 ], [ -46.745211813524051, -23.465050572076489, 0.0 ], [ -46.745393637981159, -23.46534760253369, 0.0 ], [ -46.745568511960059, -23.465713059739219, 0.0 ], [ -46.745727913332452, -23.466210977135351, 0.0 ], [ -46.745805531048589, -23.4666915422664, 0.0 ], [ -46.745814869925198, -23.467079481482809, 0.0 ], [ -46.745790006841403, -23.467393313135851, 0.0 ], [ -46.745710499242868, -23.467824138318441, 0.0 ], [ -46.745570429915013, -23.468243673114269, 0.0 ], [ -46.745430685172977, -23.468550286388339, 0.0 ], [ -46.745193124133223, -23.468952799864521, 0.0 ], [ -46.745174829789633, -23.468939933678101, 0.0 ], [ -46.744957750005241, -23.469223316495039, 0.0 ], [ -46.744695367050703, -23.469507363145411, 0.0 ], [ -46.744374182030548, -23.469776318955478, 0.0 ], [ -46.744355475361381, -23.469754952806969, 0.0 ], [ -46.744234275938297, -23.469841508042851, 0.0 ], [ -46.744197272820927, -23.469807117576298, 0.0 ], [ -46.744131444223143, -23.469854783994482, 0.0 ], [ -46.744028224662557, -23.469723808571992, 0.0 ], [ -46.743999799591037, -23.469744441405371, 0.0 ], [ -46.744122982171177, -23.46990039181993, 0.0 ], [ -46.744038602880387, -23.469961495627601, 0.0 ], [ -46.744059853317239, -23.469992439504779, 0.0 ], [ -46.743864448217458, -23.470109904510771, 0.0 ], [ -46.743481575919589, -23.47030521429047, 0.0 ], [ -46.743145423167228, -23.470447086624588, 0.0 ], [ -46.742264107821157, -23.470778677421059, 0.0 ], [ -46.74196826802099, -23.47090812839221, 0.0 ], [ -46.741663968426472, -23.471060508496489, 0.0 ], [ -46.741260180470661, -23.471296836332961, 0.0 ], [ -46.739329058569098, -23.47265748675888, 0.0 ], [ -46.737246160365487, -23.474153546909399, 0.0 ], [ -46.73691722568946, -23.47442906111689, 0.0 ], [ -46.736520081710928, -23.474810997884632, 0.0 ], [ -46.736165858920202, -23.475233914454559, 0.0 ], [ -46.735937513597641, -23.47556076015394, 0.0 ], [ -46.735684667714608, -23.475966940094761, 0.0 ], [ -46.735090835790082, -23.477101741829529, 0.0 ], [ -46.733483195610198, -23.48008272495057, 0.0 ], [ -46.733375276503978, -23.480030688553899, 0.0 ], [ -46.733073908196687, -23.480614436920611, 0.0 ], [ -46.73298320447342, -23.48081216619163, 0.0 ], [ -46.73278802013575, -23.48131550995571, 0.0 ], [ -46.732761157260448, -23.481418027955581, 0.0 ], [ -46.732265363483521, -23.48244542233483, 0.0 ], [ -46.732194250683172, -23.482565939584049, 0.0 ], [ -46.731975608681367, -23.482780179581631, 0.0 ], [ -46.732028042581561, -23.482831730058891, 0.0 ], [ -46.731952021810947, -23.48296739730619, 0.0 ], [ -46.731831491334582, -23.483136162184429, 0.0 ], [ -46.731577253967259, -23.48343792647006, 0.0 ], [ -46.731292966757053, -23.483717186315062, 0.0 ], [ -46.73094161453475, -23.484011366021321, 0.0 ], [ -46.730856162426697, -23.483971048698461, 0.0 ], [ -46.730365595168841, -23.484427583419301, 0.0 ], [ -46.730110854926799, -23.484430410957572, 0.0 ], [ -46.729869992303037, -23.48459389407715, 0.0 ], [ -46.729495479391282, -23.484918725757939, 0.0 ], [ -46.729737316810052, -23.48518568727334, 0.0 ], [ -46.729090563128892, -23.485787436968771, 0.0 ], [ -46.727777673606262, -23.487050993404281, 0.0 ], [ -46.727464186007111, -23.487330490311521, 0.0 ], [ -46.727262302631409, -23.487473895397532, 0.0 ], [ -46.726995765232978, -23.487737593913209, 0.0 ], [ -46.726194166620481, -23.488276954250921, 0.0 ], [ -46.725342185255947, -23.488794690796279, 0.0 ], [ -46.724926113503699, -23.489066035088008, 0.0 ], [ -46.724688412254018, -23.489246691646411, 0.0 ], [ -46.724426114893816, -23.48948696122774, 0.0 ], [ -46.724109822963896, -23.489977185303111, 0.0 ], [ -46.723539956087507, -23.490728560135508, 0.0 ], [ -46.722890094633463, -23.49153236777369, 0.0 ], [ -46.7226661916837, -23.491774008891241, 0.0 ], [ -46.722125243185843, -23.49229907984865, 0.0 ], [ -46.720540672330941, -23.4935675602595, 0.0 ], [ -46.719947840540918, -23.494106384836481, 0.0 ], [ -46.719183408228282, -23.494907845847148, 0.0 ], [ -46.717555568231028, -23.49675700964573, 0.0 ], [ -46.717103171930837, -23.49729068009685, 0.0 ], [ -46.71670132483456, -23.49780940643495, 0.0 ], [ -46.716326998766668, -23.498343412736521, 0.0 ], [ -46.715826940112137, -23.499165924167091, 0.0 ], [ -46.715530916751923, -23.49971824792576, 0.0 ], [ -46.715149226441198, -23.500538255413431, 0.0 ], [ -46.714994961681192, -23.50108542230986, 0.0 ], [ -46.714912206426341, -23.501628205922881, 0.0 ], [ -46.714902724350686, -23.502001147491509, 0.0 ], [ -46.714569539026101, -23.501985541121151, 0.0 ], [ -46.714530773332783, -23.50226170268386, 0.0 ], [ -46.714486280214572, -23.502823191529679, 0.0 ], [ -46.714512351523183, -23.5038896807553, 0.0 ], [ -46.714537047698173, -23.504166143236731, 0.0 ], [ -46.714949698621759, -23.50414607689633, 0.0 ], [ -46.714971487433949, -23.504787621656721, 0.0 ], [ -46.714943551209963, -23.50536524274327, 0.0 ], [ -46.714854094088039, -23.505925971444121, 0.0 ], [ -46.714705821729147, -23.506468520910609, 0.0 ], [ -46.713613133432617, -23.50982520044732, 0.0 ], [ -46.713413287164393, -23.510383376865079, 0.0 ], [ -46.713176645286687, -23.510940702759299, 0.0 ], [ -46.712903077464347, -23.511487139765329, 0.0 ], [ -46.712745195658592, -23.51176184448671, 0.0 ], [ -46.71227784760152, -23.512441552516101, 0.0 ], [ -46.711571011488083, -23.513288683372789, 0.0 ], [ -46.711190679416653, -23.513682972256721, 0.0 ], [ -46.710799063559271, -23.514059166988361, 0.0 ], [ -46.710429435967228, -23.514365991169669, 0.0 ], [ -46.709660706068107, -23.51494519403014, 0.0 ], [ -46.709174338040498, -23.515229822809211, 0.0 ], [ -46.707419152101863, -23.51604206955529, 0.0 ], [ -46.706222757870528, -23.516563804025349, 0.0 ], [ -46.7057672277747, -23.51678772658753, 0.0 ], [ -46.704624019248207, -23.517282021819639, 0.0 ], [ -46.704599374394263, -23.5172266011995, 0.0 ], [ -46.704435274333711, -23.517295689527089, 0.0 ], [ -46.704418143754033, -23.517261361303849, 0.0 ], [ -46.702859610505527, -23.51792667913924, 0.0 ], [ -46.702398829900723, -23.518137074751131, 0.0 ], [ -46.702440491398093, -23.51821812493764, 0.0 ], [ -46.700744261275098, -23.518951060503031, 0.0 ], [ -46.70066658880117, -23.519007888661012, 0.0 ], [ -46.696607623896291, -23.520755359262751, 0.0 ], [ -46.69604492029864, -23.520974969554331, 0.0 ], [ -46.695248806657503, -23.521191098971631, 0.0 ], [ -46.694495048919563, -23.52132441839473, 0.0 ], [ -46.693826613103077, -23.52138937859079, 0.0 ], [ -46.691987914967193, -23.521386142772052, 0.0 ], [ -46.690578803874509, -23.52135587920046, 0.0 ], [ -46.69057548463055, -23.521267378244371, 0.0 ], [ -46.687931230555321, -23.52122638801913, 0.0 ], [ -46.687909371548301, -23.521265382508659, 0.0 ], [ -46.687911637807737, -23.521323597939499, 0.0 ], [ -46.686806864549567, -23.521313491402189, 0.0 ], [ -46.686352507864051, -23.52133114818664, 0.0 ], [ -46.685804327413621, -23.52138877871419, 0.0 ], [ -46.685370955791591, -23.521457900352811, 0.0 ], [ -46.684966261423007, -23.52154394262763, 0.0 ], [ -46.684377152656658, -23.52170839658698, 0.0 ], [ -46.684058127674597, -23.52181673412818, 0.0 ], [ -46.683431170257599, -23.522074494723672, 0.0 ], [ -46.680781475862723, -23.5233347978299, 0.0 ], [ -46.679668664356953, -23.523885478065939, 0.0 ], [ -46.679006272315618, -23.524172073488941, 0.0 ], [ -46.678590572771178, -23.52431856175108, 0.0 ], [ -46.678314882373471, -23.524397893330679, 0.0 ], [ -46.677977069633528, -23.52447771904567, 0.0 ], [ -46.677442486150127, -23.524573948968492, 0.0 ], [ -46.676941817324867, -23.524627487158831, 0.0 ], [ -46.670943897115009, -23.525072896504621, 0.0 ], [ -46.670857657786598, -23.524974358268121, 0.0 ], [ -46.669007356108793, -23.525114300555462, 0.0 ], [ -46.668298275155671, -23.525172690127551, 0.0 ], [ -46.66831632235283, -23.525283071665591, 0.0 ], [ -46.660804326037869, -23.525897737080559, 0.0 ], [ -46.660372561155327, -23.525951545439291, 0.0 ], [ -46.660041950038377, -23.52601168115778, 0.0 ], [ -46.660035876105333, -23.525985291855061, 0.0 ], [ -46.659669942251853, -23.5260680242902, 0.0 ], [ -46.656561416671011, -23.52692985583349, 0.0 ], [ -46.655517751980902, -23.527246285718011, 0.0 ], [ -46.653486728834423, -23.527817582527039, 0.0 ], [ -46.653019307615857, -23.527915411948261, 0.0 ], [ -46.652436335265492, -23.52798714236555, 0.0 ], [ -46.651499743833277, -23.527985172185002, 0.0 ], [ -46.648179390140939, -23.527744303633131, 0.0 ], [ -46.647169250300323, -23.527686793270259, 0.0 ], [ -46.64641859944345, -23.527706640600719, 0.0 ], [ -46.645796867851978, -23.527793323959148, 0.0 ], [ -46.645441810897182, -23.52787393897837, 0.0 ], [ -46.644572139166563, -23.528150520792071, 0.0 ], [ -46.644099983693181, -23.528359029127749, 0.0 ], [ -46.643652999021107, -23.528607324983358, 0.0 ], [ -46.643354602021823, -23.528803172057881, 0.0 ], [ -46.64291109365351, -23.529142364223421, 0.0 ], [ -46.642653073570628, -23.529372425749681, 0.0 ], [ -46.642136729910369, -23.529902915771309, 0.0 ], [ -46.641950743905703, -23.530161445287391, 0.0 ], [ -46.64163160424129, -23.530674698151429, 0.0 ], [ -46.641059332094358, -23.531717827918229, 0.0 ], [ -46.640759009751619, -23.532231500234801, 0.0 ], [ -46.640740047331839, -23.532219782912939, 0.0 ], [ -46.64026120341191, -23.53284049817848, 0.0 ], [ -46.640046462220504, -23.533067565654559, 0.0 ], [ -46.639596400480301, -23.533475802549709, 0.0 ], [ -46.639367304119858, -23.533654600890621, 0.0 ], [ -46.638715477317319, -23.534038243257669, 0.0 ], [ -46.638079797189683, -23.534319559570552, 0.0 ], [ -46.6374360134838, -23.534516459430581, 0.0 ], [ -46.635517929491947, -23.535008271160361, 0.0 ] ] ] } },
{ "type": "Feature", "properties": { }, "geometry": { "type": "Polygon", "coordinates": [ [ [ -46.721051422342597, -23.517724617032862, 0.0 ], [ -46.721047845689121, -23.517886210591811, 0.0 ], [ -46.721084339604452, -23.517964524803649, 0.0 ], [ -46.721090875045583, -23.517593223353391, 0.0 ], [ -46.721006294359107, -23.517627771065179, 0.0 ], [ -46.721051422342597, -23.517724617032862, 0.0 ] ] ] } },
{ "type": "Feature", "properties": { }, "geometry": { "type": "Polygon", "coordinates": [ [ [ -46.833947690946673, -23.210406501956111, 0.0 ], [ -46.834742625673698, -23.210369057983279, 0.0 ], [ -46.835342916353731, -23.210280987177789, 0.0 ], [ -46.836064847789338, -23.210053378266281, 0.0 ], [ -46.836329962636562, -23.209944195250301, 0.0 ], [ -46.836839176853957, -23.209695046412499, 0.0 ], [ -46.837161817978163, -23.209513130751699, 0.0 ], [ -46.839868139419274, -23.207919528627311, 0.0 ], [ -46.840401509878873, -23.207559665939161, 0.0 ], [ -46.84104003891089, -23.206936485391608, 0.0 ], [ -46.841184455112668, -23.206773904810301, 0.0 ], [ -46.84110829886265, -23.20671932263047, 0.0 ], [ -46.842469927263231, -23.204934802849628, 0.0 ], [ -46.842842979953978, -23.204510181466041, 0.0 ], [ -46.843186713381257, -23.204185200983179, 0.0 ], [ -46.843656283429432, -23.203825247110711, 0.0 ], [ -46.843878926653382, -23.203681303457909, 0.0 ], [ -46.844213334593739, -23.203495034835679, 0.0 ], [ -46.844812604242549, -23.20322954260136, 0.0 ], [ -46.84508788429104, -23.20313381574239, 0.0 ], [ -46.845494142946038, -23.203020304802809, 0.0 ], [ -46.845906654112277, -23.202943853368019, 0.0 ], [ -46.846197604135121, -23.20290998827447, 0.0 ], [ -46.846523821598012, -23.202887680498851, 0.0 ], [ -46.846705733622343, -23.202893905409031, 0.0 ], [ -46.846721981738419, -23.203025788588349, 0.0 ], [ -46.847416028741797, -23.203044621578531, 0.0 ], [ -46.855102352711462, -23.204169792459179, 0.0 ], [ -46.858146787962809, -23.204595361553331, 0.0 ], [ -46.858762282980081, -23.204659701446872, 0.0 ], [ -46.859355341061701, -23.204659324033091, 0.0 ], [ -46.859768434805027, -23.204625265524729, 0.0 ], [ -46.860736579501648, -23.20447064959378, 0.0 ], [ -46.861058599072933, -23.204374522786662, 0.0 ], [ -46.861711633627991, -23.204125483681189, 0.0 ], [ -46.862020614231298, -23.203982224249401, 0.0 ], [ -46.862461066279813, -23.203742678233748, 0.0 ], [ -46.864636261256592, -23.20230792797058, 0.0 ], [ -46.86470356440168, -23.202210594115751, 0.0 ], [ -46.866064319182463, -23.20133023631082, 0.0 ], [ -46.868917513464957, -23.200066366438019, 0.0 ], [ -46.869059749309713, -23.199985556457211, 0.0 ], [ -46.869096236848883, -23.1999470980331, 0.0 ], [ -46.869258195298983, -23.199909050191931, 0.0 ], [ -46.869613283434838, -23.1997025288542, 0.0 ], [ -46.869891009222577, -23.19948047224802, 0.0 ], [ -46.87017458929563, -23.199178166587981, 0.0 ], [ -46.870383495274318, -23.198896177141101, 0.0 ], [ -46.870595889797187, -23.198503435153789, 0.0 ], [ -46.870622743591952, -23.198390430147999, 0.0 ], [ -46.87071118997946, -23.198219862190559, 0.0 ], [ -46.870786260690437, -23.198126538628681, 0.0 ], [ -46.871223406546683, -23.197364453725559, 0.0 ], [ -46.871444959848183, -23.196586708771878, 0.0 ], [ -46.87154129247066, -23.19636361463127, 0.0 ], [ -46.871662992382348, -23.19618759386341, 0.0 ], [ -46.871778999627232, -23.196060726253609, 0.0 ], [ -46.872326126674388, -23.1955700693244, 0.0 ], [ -46.872447259297878, -23.195407022580159, 0.0 ], [ -46.872429748087256, -23.195331181414019, 0.0 ], [ -46.872385562876588, -23.195292537547221, 0.0 ], [ -46.872729426369503, -23.194811257053662, 0.0 ], [ -46.872899957163781, -23.194717133003639, 0.0 ], [ -46.872933821333163, -23.19467067747506, 0.0 ], [ -46.872715029205771, -23.194526878155362, 0.0 ], [ -46.874464122933603, -23.191985380380991, 0.0 ], [ -46.874396825694383, -23.191944959010051, 0.0 ], [ -46.872467297889308, -23.194731819914249, 0.0 ], [ -46.872408943247933, -23.194696070816111, 0.0 ], [ -46.872260649167373, -23.194901254518861, 0.0 ], [ -46.871455557376542, -23.19608847121664, 0.0 ], [ -46.871516509635619, -23.19612364433539, 0.0 ], [ -46.870654343672747, -23.19732250514123, 0.0 ], [ -46.870298912236763, -23.19777245823575, 0.0 ], [ -46.869853437161048, -23.198269350139221, 0.0 ], [ -46.869422323453193, -23.19871222415518, 0.0 ], [ -46.869037373945559, -23.199058821878651, 0.0 ], [ -46.868359156712131, -23.199590384329561, 0.0 ], [ -46.862551671303592, -23.203424509389109, 0.0 ], [ -46.862231660243353, -23.20362872671474, 0.0 ], [ -46.861725754853119, -23.203897964310769, 0.0 ], [ -46.861271599564951, -23.204083824312001, 0.0 ], [ -46.860891228203023, -23.20421795447108, 0.0 ], [ -46.860486651195409, -23.204313064729149, 0.0 ], [ -46.859917650469328, -23.204408664848671, 0.0 ], [ -46.859508956655617, -23.204449302351222, 0.0 ], [ -46.859152999595317, -23.204461467111429, 0.0 ], [ -46.858796713204804, -23.204449763481559, 0.0 ], [ -46.858292083970063, -23.204406657759289, 0.0 ], [ -46.855987204857939, -23.20408641751547, 0.0 ], [ -46.850025923146127, -23.203216393657481, 0.0 ], [ -46.847128269791092, -23.20281015970869, 0.0 ], [ -46.846438762440023, -23.202794084915581, 0.0 ], [ -46.846187691969568, -23.202809265266069, 0.0 ], [ -46.845660248513369, -23.202881762037109, 0.0 ], [ -46.845385422910063, -23.202945989818311, 0.0 ], [ -46.844932057496642, -23.20307994428704, 0.0 ], [ -46.844324743524147, -23.203325333947081, 0.0 ], [ -46.844018566750748, -23.203483197598072, 0.0 ], [ -46.843692418579813, -23.203679312787681, 0.0 ], [ -46.843189146462763, -23.204048577932191, 0.0 ], [ -46.842799169984517, -23.20440723124257, 0.0 ], [ -46.842584969600658, -23.20464078008958, 0.0 ], [ -46.842030287909402, -23.205338941444179, 0.0 ], [ -46.84103381325437, -23.206645992685139, 0.0 ], [ -46.840814912551011, -23.206884271961641, 0.0 ], [ -46.840368701093759, -23.207300834544601, 0.0 ], [ -46.8400834328909, -23.207520351466219, 0.0 ], [ -46.839717265515063, -23.20776783662399, 0.0 ], [ -46.837357530627678, -23.209163556160689, 0.0 ], [ -46.83649602181174, -23.209645009393729, 0.0 ], [ -46.836186932344738, -23.20978773337135, 0.0 ], [ -46.83584837996716, -23.209915789323802, 0.0 ], [ -46.835292365598889, -23.210071402398299, 0.0 ], [ -46.835000559685312, -23.210130853713189, 0.0 ], [ -46.83463923945034, -23.210179104825681, 0.0 ], [ -46.834213643630783, -23.21020308463028, 0.0 ], [ -46.833592374009299, -23.210185296942552, 0.0 ], [ -46.833323151257517, -23.210152406564639, 0.0 ], [ -46.832827722003557, -23.210062102284791, 0.0 ], [ -46.832633008538849, -23.210009326785588, 0.0 ], [ -46.832197769632472, -23.209882289210679, 0.0 ], [ -46.830223913575658, -23.209218219044939, 0.0 ], [ -46.830419191816929, -23.20873389608408, 0.0 ], [ -46.830329197145133, -23.20870398698565, 0.0 ], [ -46.830144872239011, -23.209135749613079, 0.0 ], [ -46.829772437179841, -23.209016790039371, 0.0 ], [ -46.829684296158291, -23.20901689643383, 0.0 ], [ -46.829562190976247, -23.208980959162862, 0.0 ], [ -46.828541547499348, -23.208637782062279, 0.0 ], [ -46.828528844059832, -23.208659947674331, 0.0 ], [ -46.827360862734643, -23.208284201536902, 0.0 ], [ -46.826869187604423, -23.20807073246862, 0.0 ], [ -46.826487165738932, -23.207874982802359, 0.0 ], [ -46.823579486298797, -23.206043159814691, 0.0 ], [ -46.823041499110218, -23.205656905099019, 0.0 ], [ -46.8227094267721, -23.205392219932151, 0.0 ], [ -46.822403949508143, -23.205118164150601, 0.0 ], [ -46.822065054116138, -23.204769775806579, 0.0 ], [ -46.820169948117922, -23.202639077402459, 0.0 ], [ -46.819769574076361, -23.202198526191491, 0.0 ], [ -46.81948920734694, -23.20193338045766, 0.0 ], [ -46.819130551493728, -23.201677660445721, 0.0 ], [ -46.818723613012601, -23.201433148813649, 0.0 ], [ -46.818319876315137, -23.2012546295283, 0.0 ], [ -46.817972351214458, -23.20113936155288, 0.0 ], [ -46.817519717293038, -23.20103282584725, 0.0 ], [ -46.817105625443901, -23.200985022949322, 0.0 ], [ -46.816666973108042, -23.200973385394761, 0.0 ], [ -46.816123317130213, -23.201022263162411, 0.0 ], [ -46.81568554012479, -23.201117077265881, 0.0 ], [ -46.815342395656657, -23.201217169583959, 0.0 ], [ -46.815114464561049, -23.201305417887991, 0.0 ], [ -46.814875525930397, -23.201420829827001, 0.0 ], [ -46.814459675531502, -23.201652787376119, 0.0 ], [ -46.81408965760577, -23.201921182569791, 0.0 ], [ -46.813738950451942, -23.202253256487339, 0.0 ], [ -46.813532288700593, -23.20249207674469, 0.0 ], [ -46.813229310608349, -23.202942882954918, 0.0 ], [ -46.813049480914103, -23.203290026913809, 0.0 ], [ -46.812895852183438, -23.203698640712531, 0.0 ], [ -46.812580527012898, -23.205114508623961, 0.0 ], [ -46.812505338795717, -23.205353942569111, 0.0 ], [ -46.812382612111087, -23.205659955882471, 0.0 ], [ -46.812220651036363, -23.20596429196349, 0.0 ], [ -46.811976644880723, -23.206341994492341, 0.0 ], [ -46.811374577852682, -23.207209974690869, 0.0 ], [ -46.811101702211893, -23.20754722966711, 0.0 ], [ -46.810836437730387, -23.207816071396071, 0.0 ], [ -46.810523792204009, -23.20807129910683, 0.0 ], [ -46.810126181890134, -23.208329505405398, 0.0 ], [ -46.809724987857848, -23.208529936015861, 0.0 ], [ -46.809330330402652, -23.208683581441189, 0.0 ], [ -46.808898083897397, -23.208786536327949, 0.0 ], [ -46.808520668396362, -23.208850518593671, 0.0 ], [ -46.808168191130328, -23.208882261145359, 0.0 ], [ -46.807617141345688, -23.208876639169741, 0.0 ], [ -46.807398313851103, -23.208852344257359, 0.0 ], [ -46.807101172842287, -23.208799315921851, 0.0 ], [ -46.806754650506953, -23.208710167867039, 0.0 ], [ -46.806426120763199, -23.20859541248084, 0.0 ], [ -46.806006676294757, -23.208423847481981, 0.0 ], [ -46.804593982315183, -23.207792387857548, 0.0 ], [ -46.804347649868532, -23.20765410842904, 0.0 ], [ -46.803929634123747, -23.20736707132561, 0.0 ], [ -46.80370721700902, -23.20718310587845, 0.0 ], [ -46.802389344510068, -23.205987526456031, 0.0 ], [ -46.801302692599677, -23.204970152347428, 0.0 ], [ -46.800641761841902, -23.20442151215882, 0.0 ], [ -46.800404340873087, -23.204263368745629, 0.0 ], [ -46.799923039515853, -23.203997281772569, 0.0 ], [ -46.799387785568712, -23.203771252285389, 0.0 ], [ -46.798978210250411, -23.203650352326761, 0.0 ], [ -46.798305551018707, -23.203495341358469, 0.0 ], [ -46.797701171002892, -23.203330529491289, 0.0 ], [ -46.797378769860067, -23.20321568579163, 0.0 ], [ -46.796751473009017, -23.20292370604961, 0.0 ], [ -46.796516020448749, -23.202797988171021, 0.0 ], [ -46.795788275643169, -23.202306782045731, 0.0 ], [ -46.794915917439987, -23.201512431995141, 0.0 ], [ -46.794665493500347, -23.201295163728371, 0.0 ], [ -46.794387648032377, -23.201083851696531, 0.0 ], [ -46.793970278073488, -23.200836030596129, 0.0 ], [ -46.793564450420021, -23.20065157575932, 0.0 ], [ -46.79300664481574, -23.20048203186451, 0.0 ], [ -46.792618514981392, -23.20040977638326, 0.0 ], [ -46.792217704161487, -23.200372010589511, 0.0 ], [ -46.791908355841599, -23.20036977210658, 0.0 ], [ -46.791452744991282, -23.20041035477815, 0.0 ], [ -46.791010853379248, -23.200500049346179, 0.0 ], [ -46.790679066399058, -23.200596956798559, 0.0 ], [ -46.790411552871589, -23.200701597725551, 0.0 ], [ -46.790101753321558, -23.200843407207639, 0.0 ], [ -46.789786331964557, -23.20102196690242, 0.0 ], [ -46.789453271096647, -23.20125580343403, 0.0 ], [ -46.7891452006793, -23.2015307529003, 0.0 ], [ -46.788845834053433, -23.201857425106009, 0.0 ], [ -46.788584109224217, -23.20220176428143, 0.0 ], [ -46.787015318070353, -23.204654380197269, 0.0 ], [ -46.786357915254683, -23.205653035905559, 0.0 ], [ -46.786285308766963, -23.20561849038787, 0.0 ], [ -46.786177527008093, -23.205818775568229, 0.0 ], [ -46.786058620475167, -23.205986283823218, 0.0 ], [ -46.785951394386792, -23.206094434106259, 0.0 ], [ -46.784843949633967, -23.206942728536951, 0.0 ], [ -46.784916180213848, -23.207015939822721, 0.0 ], [ -46.784626166769577, -23.20724379088799, 0.0 ], [ -46.784638831384953, -23.20725845302406, 0.0 ], [ -46.784294037733908, -23.207519827533378, 0.0 ], [ -46.783760243388983, -23.208036694049401, 0.0 ], [ -46.78339111112286, -23.208477661267001, 0.0 ], [ -46.781713579921508, -23.210601615496511, 0.0 ], [ -46.780428909899022, -23.212195488825081, 0.0 ], [ -46.778710398216681, -23.21439308745256, 0.0 ], [ -46.778423105756737, -23.214828183442819, 0.0 ], [ -46.778318759203863, -23.21502019862919, 0.0 ], [ -46.778045428693503, -23.215635277397009, 0.0 ], [ -46.777969755547318, -23.215840129581341, 0.0 ], [ -46.777844529918347, -23.216296225410542, 0.0 ], [ -46.777815841375009, -23.21647370396305, 0.0 ], [ -46.777477224305031, -23.217931389669761, 0.0 ], [ -46.777371534005461, -23.218259759035089, 0.0 ], [ -46.77718764248872, -23.21870960785315, 0.0 ], [ -46.77697393320684, -23.21909949543425, 0.0 ], [ -46.776013418395642, -23.220532939785041, 0.0 ], [ -46.775174579622167, -23.222115751180869, 0.0 ], [ -46.774118106806213, -23.224159952296539, 0.0 ], [ -46.773818682972603, -23.224653533898248, 0.0 ], [ -46.773569547199457, -23.224967584545141, 0.0 ], [ -46.773461513545747, -23.225077267066641, 0.0 ], [ -46.773105015779038, -23.22539867357639, 0.0 ], [ -46.772956855616698, -23.22551171982802, 0.0 ], [ -46.77245452445591, -23.225838037231661, 0.0 ], [ -46.77084948602554, -23.226732685841931, 0.0 ], [ -46.770478794143827, -23.22695907215137, 0.0 ], [ -46.770179279573249, -23.22717237212057, 0.0 ], [ -46.768916328560117, -23.228176374601428, 0.0 ], [ -46.768443521960528, -23.228611155314091, 0.0 ], [ -46.768162312008982, -23.22892921010142, 0.0 ], [ -46.767899930525402, -23.22929953524465, 0.0 ], [ -46.767810242007222, -23.22946803917193, 0.0 ], [ -46.76758997850213, -23.230001278913139, 0.0 ], [ -46.767490882415608, -23.230378339907301, 0.0 ], [ -46.767419513364104, -23.230927411428748, 0.0 ], [ -46.767439217371439, -23.231412927072139, 0.0 ], [ -46.767461302799148, -23.23162037328192, 0.0 ], [ -46.767595289777127, -23.232151501612918, 0.0 ], [ -46.76805927178539, -23.23328723600844, 0.0 ], [ -46.768135109824641, -23.233637277988461, 0.0 ], [ -46.768161002459479, -23.233900746008931, 0.0 ], [ -46.76817353998873, -23.234145642908999, 0.0 ], [ -46.768132322568583, -23.234610285049651, 0.0 ], [ -46.768077682373509, -23.234849332358522, 0.0 ], [ -46.767943883646367, -23.235257290786461, 0.0 ], [ -46.76783174458636, -23.2355045785459, 0.0 ], [ -46.767624242501853, -23.235820195217219, 0.0 ], [ -46.767444991384188, -23.236056956396649, 0.0 ], [ -46.767209642185058, -23.236320430359552, 0.0 ], [ -46.767033659078713, -23.23647459668322, 0.0 ], [ -46.766352972010203, -23.236978475308138, 0.0 ], [ -46.766022377852131, -23.237264192536951, 0.0 ], [ -46.76579355659171, -23.237498441711171, 0.0 ], [ -46.76558145050037, -23.23777978395762, 0.0 ], [ -46.76536441727157, -23.238131427262399, 0.0 ], [ -46.765235321978039, -23.238383467856131, 0.0 ], [ -46.765127366605768, -23.238685253897579, 0.0 ], [ -46.764987812079262, -23.239309581688929, 0.0 ], [ -46.764945005589347, -23.23994768247508, 0.0 ], [ -46.764943552897947, -23.24017059576877, 0.0 ], [ -46.764973708156433, -23.240293863241991, 0.0 ], [ -46.765031525298511, -23.2408304924612, 0.0 ], [ -46.765033018145758, -23.241300252871479, 0.0 ], [ -46.765008295580323, -23.24147550343071, 0.0 ], [ -46.764950220530459, -23.241787536233719, 0.0 ], [ -46.764857034176558, -23.242099962626519, 0.0 ], [ -46.764727254851017, -23.242411449190801, 0.0 ], [ -46.764425153680548, -23.242988339348649, 0.0 ], [ -46.764228275278057, -23.24346466798298, 0.0 ], [ -46.764157621815592, -23.243710648669659, 0.0 ], [ -46.764083682516024, -23.24404042043815, 0.0 ], [ -46.763811001473137, -23.246000921377139, 0.0 ], [ -46.763579870332798, -23.247894761141481, 0.0 ], [ -46.763574098705313, -23.248137068229831, 0.0 ], [ -46.763601887800156, -23.248480465326001, 0.0 ], [ -46.763688155351019, -23.2491174509675, 0.0 ], [ -46.763701729382809, -23.249425976796299, 0.0 ], [ -46.763676565172602, -23.249793026231011, 0.0 ], [ -46.763534981435079, -23.250375498107012, 0.0 ], [ -46.763417004018848, -23.250694956803009, 0.0 ], [ -46.763258202691638, -23.251025681183581, 0.0 ], [ -46.762947710215883, -23.251553407329379, 0.0 ], [ -46.762714568088818, -23.252158894165991, 0.0 ], [ -46.762640930046871, -23.252404910504691, 0.0 ], [ -46.762141243403804, -23.254423954885869, 0.0 ], [ -46.762092600182662, -23.254669689588319, 0.0 ], [ -46.762051118343088, -23.255127072189001, 0.0 ], [ -46.762042664921388, -23.256194462031541, 0.0 ], [ -46.762043283163862, -23.25645463033479, 0.0 ], [ -46.762094493456502, -23.257353130515821, 0.0 ], [ -46.762013042234543, -23.25964244342185, 0.0 ], [ -46.761963224543649, -23.259893960614011, 0.0 ], [ -46.761858238611467, -23.26022801887315, 0.0 ], [ -46.761761854680422, -23.26045582883771, 0.0 ], [ -46.761562993582103, -23.260828439241411, 0.0 ], [ -46.76132909836835, -23.261151251830441, 0.0 ], [ -46.761173223781903, -23.261323190062679, 0.0 ], [ -46.760940263020061, -23.26152714620115, 0.0 ], [ -46.760449169862113, -23.261874764396229, 0.0 ], [ -46.760103214288442, -23.262041909886101, 0.0 ], [ -46.759764675958159, -23.262155318591031, 0.0 ], [ -46.759400143147921, -23.26224074982872, 0.0 ], [ -46.758954060657132, -23.262304015614731, 0.0 ], [ -46.75872913537448, -23.262311151255791, 0.0 ], [ -46.758328178039207, -23.262288526428769, 0.0 ], [ -46.757876345332171, -23.26219954840354, 0.0 ], [ -46.757461404859349, -23.26206400262668, 0.0 ], [ -46.756613311227248, -23.261690997883711, 0.0 ], [ -46.756371543594227, -23.261605433859199, 0.0 ], [ -46.755903071901308, -23.261486636876018, 0.0 ], [ -46.755209060498579, -23.261423435571739, 0.0 ], [ -46.754919696815897, -23.261426092920551, 0.0 ], [ -46.754235303351933, -23.26152431673918, 0.0 ], [ -46.753628377225617, -23.261715133140491, 0.0 ], [ -46.753117260041947, -23.261967183965009, 0.0 ], [ -46.752872138667968, -23.262117281029269, 0.0 ], [ -46.752267980249869, -23.26257602152474, 0.0 ], [ -46.752056900543543, -23.26277320654561, 0.0 ], [ -46.751820053774807, -23.263066905827031, 0.0 ], [ -46.751645178378013, -23.26331611304219, 0.0 ], [ -46.751423927262522, -23.26370966823335, 0.0 ], [ -46.751237807754563, -23.264211492754939, 0.0 ], [ -46.7511499076886, -23.26467459958808, 0.0 ], [ -46.751129447340112, -23.264881536862081, 0.0 ], [ -46.751139727144988, -23.26537206118989, 0.0 ], [ -46.751173042543194, -23.26565561768729, 0.0 ], [ -46.751340846830772, -23.26667541354583, 0.0 ], [ -46.751358871073101, -23.266872418850799, 0.0 ], [ -46.751358296893883, -23.26732029520414, 0.0 ], [ -46.751294563428473, -23.26805636958408, 0.0 ], [ -46.751277972355247, -23.26806724650244, 0.0 ], [ -46.751050264996948, -23.270240236214629, 0.0 ], [ -46.750963511828623, -23.270791241011121, 0.0 ], [ -46.750804561525356, -23.271333547893239, 0.0 ], [ -46.750646007737437, -23.271709531700349, 0.0 ], [ -46.750024120534732, -23.272975730463731, 0.0 ], [ -46.749884570720418, -23.273230327005681, 0.0 ], [ -46.749733049371578, -23.2734553574568, 0.0 ], [ -46.749455866070463, -23.27381603120886, 0.0 ], [ -46.749077796156257, -23.27413981194449, 0.0 ], [ -46.748546861907627, -23.2744878673683, 0.0 ], [ -46.74831274759692, -23.274598582341991, 0.0 ], [ -46.747925799956413, -23.274735945618549, 0.0 ], [ -46.747525547141763, -23.274840193336939, 0.0 ], [ -46.74728541387676, -23.274884446413552, 0.0 ], [ -46.746963932637037, -23.27490940878101, 0.0 ], [ -46.746247095903527, -23.274920949019091, 0.0 ], [ -46.745871620541386, -23.27495126178076, 0.0 ], [ -46.745437653891337, -23.275036870773199, 0.0 ], [ -46.745110775060787, -23.275141484583571, 0.0 ], [ -46.744793198690743, -23.275268565355159, 0.0 ], [ -46.744407144343008, -23.27547481456261, 0.0 ], [ -46.744005425291519, -23.275763207136961, 0.0 ], [ -46.743837668795159, -23.27591976416716, 0.0 ], [ -46.743542655845737, -23.275657268509349, 0.0 ], [ -46.74238773148975, -23.276766541784159, 0.0 ], [ -46.74209494652014, -23.277082158938349, 0.0 ], [ -46.741927249908052, -23.2779157203809, 0.0 ], [ -46.74183513819559, -23.27865454065385, 0.0 ], [ -46.74179343868645, -23.279756910263661, 0.0 ], [ -46.741695204569659, -23.281141611986449, 0.0 ], [ -46.74169608129381, -23.2820058806882, 0.0 ], [ -46.741529730238717, -23.282783851941449, 0.0 ], [ -46.742377334452279, -23.282820435751681, 0.0 ], [ -46.74235131055697, -23.283372636332, 0.0 ], [ -46.742243989349262, -23.284218941564099, 0.0 ], [ -46.742155637720231, -23.284608943439821, 0.0 ], [ -46.741959577249787, -23.285178362141661, 0.0 ], [ -46.741638350156968, -23.285862235361311, 0.0 ], [ -46.73971769488616, -23.289528458126259, 0.0 ], [ -46.737397474228253, -23.294042898264919, 0.0 ], [ -46.737054613731758, -23.295024269648501, 0.0 ], [ -46.736778806358487, -23.295902609498111, 0.0 ], [ -46.736551908248707, -23.29650025770367, 0.0 ], [ -46.736312262831731, -23.29694913909405, 0.0 ], [ -46.736145988076217, -23.29721452603512, 0.0 ], [ -46.736005367281592, -23.297410726255169, 0.0 ], [ -46.735728760737501, -23.297738505233319, 0.0 ], [ -46.735521387936032, -23.297948123402449, 0.0 ], [ -46.735160106115792, -23.298269884574289, 0.0 ], [ -46.734723602211602, -23.29858819606623, 0.0 ], [ -46.733428816830823, -23.2994324542457, 0.0 ], [ -46.733016955822492, -23.299764836106199, 0.0 ], [ -46.732719587033849, -23.300056279027469, 0.0 ], [ -46.732227046692252, -23.30064700751004, 0.0 ], [ -46.731245918363292, -23.302234547620341, 0.0 ], [ -46.730717547707371, -23.303122087365491, 0.0 ], [ -46.730275055157172, -23.30371141266998, 0.0 ], [ -46.729961877813473, -23.30405699473129, 0.0 ], [ -46.729542652083907, -23.304425910214128, 0.0 ], [ -46.728722739175609, -23.305021385712699, 0.0 ], [ -46.728072842068038, -23.3054702658861, 0.0 ], [ -46.727764327078347, -23.30573766097352, 0.0 ], [ -46.727535615298187, -23.305964489810538, 0.0 ], [ -46.727305596141449, -23.306225724487831, 0.0 ], [ -46.727013466815947, -23.306613836559549, 0.0 ], [ -46.726385301942138, -23.30758873539018, 0.0 ], [ -46.726112326968853, -23.307945388508209, 0.0 ], [ -46.725752220764477, -23.308349092872181, 0.0 ], [ -46.725551281550302, -23.308536564667119, 0.0 ], [ -46.725140755329569, -23.308862017573819, 0.0 ], [ -46.72405527686238, -23.30961402272677, 0.0 ], [ -46.72403962865279, -23.3095973633535, 0.0 ], [ -46.723927364300032, -23.309672799948821, 0.0 ], [ -46.723886182072022, -23.309615212712011, 0.0 ], [ -46.723475666236148, -23.309880388040469, 0.0 ], [ -46.723483649214018, -23.309889628517439, 0.0 ], [ -46.723044451965812, -23.31019553857282, 0.0 ], [ -46.72310040898018, -23.31026643765524, 0.0 ], [ -46.721171860748058, -23.311587305083918, 0.0 ], [ -46.720882155032463, -23.311813835935911, 0.0 ], [ -46.7204792794657, -23.31219344559771, 0.0 ], [ -46.72031068714012, -23.31240413684683, 0.0 ], [ -46.720098408373239, -23.312711694797791, 0.0 ], [ -46.71986924564527, -23.313147436523352, 0.0 ], [ -46.71971113473375, -23.313605200591631, 0.0 ], [ -46.719629640388419, -23.314080779414379, 0.0 ], [ -46.719608555789037, -23.314318871828291, 0.0 ], [ -46.71960755507893, -23.314546378891599, 0.0 ], [ -46.719658236016777, -23.31499252416139, 0.0 ], [ -46.719698580165698, -23.315202995172161, 0.0 ], [ -46.719848224336978, -23.31565738335744, 0.0 ], [ -46.720062667578361, -23.31608411188526, 0.0 ], [ -46.720191771731088, -23.31629568166705, 0.0 ], [ -46.720351243630887, -23.316510027025139, 0.0 ], [ -46.720530946982549, -23.31672518671455, 0.0 ], [ -46.720747730545988, -23.31694097562848, 0.0 ], [ -46.721573011209628, -23.317650676844249, 0.0 ], [ -46.72178315152, -23.317873792053291, 0.0 ], [ -46.721976498119048, -23.318101236399041, 0.0 ], [ -46.72214974777242, -23.318338229624231, 0.0 ], [ -46.722426515245949, -23.31880572708442, 0.0 ], [ -46.722629326576232, -23.319287510237199, 0.0 ], [ -46.722775909980719, -23.319764728855102, 0.0 ], [ -46.723333775376346, -23.321954030114391, 0.0 ], [ -46.723306502504592, -23.321961107328171, 0.0 ], [ -46.723328224156518, -23.322052042343849, 0.0 ], [ -46.72335651484503, -23.322045411762879, 0.0 ], [ -46.723640754596353, -23.323274411166359, 0.0 ], [ -46.72380243906759, -23.323832821905722, 0.0 ], [ -46.723605186472348, -23.323869193521979, 0.0 ], [ -46.723706648031467, -23.32433136058857, 0.0 ], [ -46.723911603406798, -23.32428246668394, 0.0 ], [ -46.724160108518973, -23.325125976164209, 0.0 ], [ -46.724346487614362, -23.32563568859165, 0.0 ], [ -46.724580535033198, -23.32618113322475, 0.0 ], [ -46.725104791350176, -23.327291720576671, 0.0 ], [ -46.724818887540202, -23.327408951814888, 0.0 ], [ -46.724913347947059, -23.327595968224429, 0.0 ], [ -46.724953796693171, -23.327579895041008, 0.0 ], [ -46.725635271165373, -23.328970052169041, 0.0 ], [ -46.725878442942339, -23.32886683375764, 0.0 ], [ -46.726711834339817, -23.33060589816332, 0.0 ], [ -46.727122583648857, -23.331320777889591, 0.0 ], [ -46.727489694366668, -23.331761605092581, 0.0 ], [ -46.727665452026947, -23.331946681459559, 0.0 ], [ -46.727861415297923, -23.33212215858935, 0.0 ], [ -46.72814387406612, -23.33234877368081, 0.0 ], [ -46.728683228078083, -23.332702785726951, 0.0 ], [ -46.729590419214219, -23.33316056897829, 0.0 ], [ -46.732812556886131, -23.334679937164701, 0.0 ], [ -46.733334846454483, -23.334979423972602, 0.0 ], [ -46.733557040196033, -23.33513011847629, 0.0 ], [ -46.733868997791397, -23.335365771862438, 0.0 ], [ -46.734126616526751, -23.33559160818994, 0.0 ], [ -46.734513844341578, -23.336013441184591, 0.0 ], [ -46.73469462271332, -23.336235960143998, 0.0 ], [ -46.734857454199229, -23.33646805375524, 0.0 ], [ -46.737503541311668, -23.340913132363411, 0.0 ], [ -46.73777738876317, -23.341512327898162, 0.0 ], [ -46.737972175227853, -23.342113727918498, 0.0 ], [ -46.738323714262258, -23.34392846677671, 0.0 ], [ -46.738480966423992, -23.34451834278552, 0.0 ], [ -46.739851325304237, -23.34869488186726, 0.0 ], [ -46.741118123809457, -23.352477918696131, 0.0 ], [ -46.741337009091147, -23.353049860456849, 0.0 ], [ -46.743018635982388, -23.356994611681039, 0.0 ], [ -46.743274358727767, -23.35756096234358, 0.0 ], [ -46.74352367274021, -23.358050111960491, 0.0 ], [ -46.743803892082333, -23.35848002020974, 0.0 ], [ -46.743984876321612, -23.35870982418432, 0.0 ], [ -46.744357092383247, -23.359109700130499, 0.0 ], [ -46.744622334719402, -23.359342524527541, 0.0 ], [ -46.745011013834088, -23.35962594211647, 0.0 ], [ -46.746347096942038, -23.360505174655781, 0.0 ], [ -46.746650958832028, -23.360736150088979, 0.0 ], [ -46.747057630014687, -23.361118985334091, 0.0 ], [ -46.7474110190402, -23.361541848174198, 0.0 ], [ -46.747561655509408, -23.361758211795259, 0.0 ], [ -46.748384630959663, -23.36316831514759, 0.0 ], [ -46.748687677406757, -23.363640528708341, 0.0 ], [ -46.749075723908597, -23.364090790796769, 0.0 ], [ -46.749381228962577, -23.36439114464271, 0.0 ], [ -46.750967111434221, -23.36571705004269, 0.0 ], [ -46.750968272924673, -23.365805345264381, 0.0 ], [ -46.751012028074648, -23.365898341598541, 0.0 ], [ -46.751721905804693, -23.366557866760392, 0.0 ], [ -46.751706650116333, -23.366605233481909, 0.0 ], [ -46.751719683317667, -23.36665716600675, 0.0 ], [ -46.752455380298663, -23.367323503164862, 0.0 ], [ -46.752624466681752, -23.367167002481992, 0.0 ], [ -46.753138449960822, -23.3676104185868, 0.0 ], [ -46.753549441345143, -23.36800372259615, 0.0 ], [ -46.753914438497027, -23.36838777686301, 0.0 ], [ -46.754593364368013, -23.369162964234889, 0.0 ], [ -46.754870202070492, -23.369551259264458, 0.0 ], [ -46.755099410332072, -23.369940088158, 0.0 ], [ -46.7553075989006, -23.370340543991979, 0.0 ], [ -46.755601973151762, -23.371121668351829, 0.0 ], [ -46.755730841547297, -23.37152789629717, 0.0 ], [ -46.755827762378168, -23.37191983501776, 0.0 ], [ -46.755908869881758, -23.37231683373988, 0.0 ], [ -46.75596858176015, -23.372861841038091, 0.0 ], [ -46.755963569018462, -23.373317676794709, 0.0 ], [ -46.755888519546367, -23.37393516273621, 0.0 ], [ -46.75546103568302, -23.375570782849081, 0.0 ], [ -46.755381247985753, -23.375981232859061, 0.0 ], [ -46.755328005307483, -23.376428364001701, 0.0 ], [ -46.755310915173347, -23.37688063740827, 0.0 ], [ -46.755315777131948, -23.37732526874078, 0.0 ], [ -46.755394062757503, -23.379156753075382, 0.0 ], [ -46.755492371307319, -23.382277691554801, 0.0 ], [ -46.755505228503367, -23.382720383431391, 0.0 ], [ -46.755494129710513, -23.38317074080754, 0.0 ], [ -46.755435092078542, -23.383634578345749, 0.0 ], [ -46.755329778224791, -23.384085992614331, 0.0 ], [ -46.755040336086111, -23.384941631408498, 0.0 ], [ -46.754882578130683, -23.385521215693149, 0.0 ], [ -46.754816055993537, -23.386025815760611, 0.0 ], [ -46.754813709836981, -23.38637992608783, 0.0 ], [ -46.754864337105168, -23.38679815674001, 0.0 ], [ -46.754952442555371, -23.387169741617821, 0.0 ], [ -46.755023380116967, -23.38737973170716, 0.0 ], [ -46.755218658081517, -23.38782037616371, 0.0 ], [ -46.755436822366967, -23.388172010253669, 0.0 ], [ -46.756030760809253, -23.388967807910351, 0.0 ], [ -46.756328256931752, -23.389405452909191, 0.0 ], [ -46.756583780075147, -23.38985281389672, 0.0 ], [ -46.75681725338098, -23.390300422185991, 0.0 ], [ -46.757495606618981, -23.39170484727774, 0.0 ], [ -46.757634731686068, -23.39202800408745, 0.0 ], [ -46.7577538985133, -23.392357069608479, 0.0 ], [ -46.757910338852248, -23.39299906717633, 0.0 ], [ -46.757956895255361, -23.39331473848268, 0.0 ], [ -46.75798028018832, -23.393626406391359, 0.0 ], [ -46.757997249414593, -23.395201501975759, 0.0 ], [ -46.757993349662783, -23.397121448033111, 0.0 ], [ -46.757975221563662, -23.39744068761534, 0.0 ], [ -46.757926367642227, -23.397767378586309, 0.0 ], [ -46.757783538083423, -23.398272053520529, 0.0 ], [ -46.757682439510702, -23.398494170719239, 0.0 ], [ -46.757476793996751, -23.398852468529011, 0.0 ], [ -46.757357361431168, -23.399028605694749, 0.0 ], [ -46.757199092811227, -23.39923999761001, 0.0 ], [ -46.757092666103432, -23.399350617926881, 0.0 ], [ -46.755842967941149, -23.40053848865043, 0.0 ], [ -46.755370790864824, -23.40108096795494, 0.0 ], [ -46.755102495031032, -23.401481177354519, 0.0 ], [ -46.75492886239153, -23.401813532287569, 0.0 ], [ -46.754750433463968, -23.402249681031321, 0.0 ], [ -46.754242308697187, -23.403864779425451, 0.0 ], [ -46.754117405813403, -23.40415253239637, 0.0 ], [ -46.754107585039499, -23.404167563936959, 0.0 ], [ -46.753901568775611, -23.40409029478576, 0.0 ], [ -46.75370301793351, -23.404462008620222, 0.0 ], [ -46.753506036210851, -23.404777571020091, 0.0 ], [ -46.753432670597363, -23.4048828452142, 0.0 ], [ -46.753051821196721, -23.40532477396447, 0.0 ], [ -46.753258353307437, -23.40545608242083, 0.0 ], [ -46.752767475361317, -23.40604352863361, 0.0 ], [ -46.752551771309058, -23.40634224766232, 0.0 ], [ -46.752353131214598, -23.406649300316971, 0.0 ], [ -46.751793027100582, -23.40759847929845, 0.0 ], [ -46.751562300235634, -23.407927208173572, 0.0 ], [ -46.751869488346763, -23.408061587772401, 0.0 ], [ -46.752130976466447, -23.407616558348181, 0.0 ], [ -46.752364338378683, -23.407137163160812, 0.0 ], [ -46.752565949377583, -23.4068215500529, 0.0 ], [ -46.752794357692117, -23.406551110588609, 0.0 ], [ -46.75357451550893, -23.405750806214691, 0.0 ], [ -46.753453764093067, -23.405710949192152, 0.0 ], [ -46.753881441729057, -23.40518176453438, 0.0 ], [ -46.754159324413131, -23.40474805333141, 0.0 ], [ -46.754488518486383, -23.404114811499721, 0.0 ], [ -46.754602296044787, -23.40380160284278, 0.0 ], [ -46.754892584541331, -23.40273180979063, 0.0 ], [ -46.754998163943128, -23.402498274940431, 0.0 ], [ -46.755086420515028, -23.40241201811693, 0.0 ], [ -46.755081162660048, -23.402247229728999, 0.0 ], [ -46.755399840857017, -23.401635420798272, 0.0 ], [ -46.755607225055208, -23.40129131733536, 0.0 ], [ -46.755972860540972, -23.40085093298628, 0.0 ], [ -46.756651687573353, -23.400200968500329, 0.0 ], [ -46.757194697827238, -23.399712402294, 0.0 ], [ -46.757536935638839, -23.399309936739389, 0.0 ], [ -46.757967433780358, -23.398647127103111, 0.0 ], [ -46.758594287161998, -23.397390221774909, 0.0 ], [ -46.758916565723752, -23.396703047356379, 0.0 ], [ -46.758366011748507, -23.396561447963549, 0.0 ], [ -46.758489574568763, -23.39611525494907, 0.0 ], [ -46.758348009911401, -23.39554982950753, 0.0 ], [ -46.758292470216858, -23.39513762524869, 0.0 ], [ -46.75828815849497, -23.394753266727552, 0.0 ], [ -46.758262592881643, -23.394393306327611, 0.0 ], [ -46.758305563215998, -23.394087997783551, 0.0 ], [ -46.758306268538163, -23.393849956485749, 0.0 ], [ -46.758275027373443, -23.39364353756234, 0.0 ], [ -46.758252573570857, -23.39299434887705, 0.0 ], [ -46.758202728046037, -23.392663083633881, 0.0 ], [ -46.758122233310978, -23.392344952390712, 0.0 ], [ -46.758015749915032, -23.39204274533644, 0.0 ], [ -46.757781632384948, -23.391528808940169, 0.0 ], [ -46.757614575582437, -23.391016249104599, 0.0 ], [ -46.757436438863458, -23.39072585936669, 0.0 ], [ -46.756676976452653, -23.389364899336819, 0.0 ], [ -46.756389452683223, -23.388923444283581, 0.0 ], [ -46.75557368100543, -23.387801942265611, 0.0 ], [ -46.755457068949852, -23.387397394925099, 0.0 ], [ -46.755432648091549, -23.387369934173272, 0.0 ], [ -46.755305674472439, -23.387319587804189, 0.0 ], [ -46.755287315978542, -23.387295756773071, 0.0 ], [ -46.755260176543842, -23.386986353230171, 0.0 ], [ -46.75522448842829, -23.38686472052612, 0.0 ], [ -46.755335297198442, -23.386677651731009, 0.0 ], [ -46.755293627939011, -23.386254697313259, 0.0 ], [ -46.755290720069148, -23.3858063475965, 0.0 ], [ -46.755349953522, -23.385357299232901, 0.0 ], [ -46.755442504707702, -23.385002176075641, 0.0 ], [ -46.755614237803179, -23.384570355274789, 0.0 ], [ -46.755840554376178, -23.383793082357698, 0.0 ], [ -46.755868182863949, -23.38360787211214, 0.0 ], [ -46.755902160251523, -23.383220124377299, 0.0 ], [ -46.755909957003851, -23.382823425660519, 0.0 ], [ -46.755881106047198, -23.382536230033111, 0.0 ], [ -46.7558592472706, -23.381791326574351, 0.0 ], [ -46.756004570974092, -23.381485534204181, 0.0 ], [ -46.75599941555992, -23.381398689287089, 0.0 ], [ -46.755892813659699, -23.381220532753211, 0.0 ], [ -46.755861980267277, -23.381086826504681, 0.0 ], [ -46.755901853300728, -23.38053814874176, 0.0 ], [ -46.755814078120231, -23.380267331561051, 0.0 ], [ -46.75576291223458, -23.379048487753739, 0.0 ], [ -46.755780069086313, -23.378753378782619, 0.0 ], [ -46.755717670395519, -23.378050533527041, 0.0 ], [ -46.755687947821983, -23.37716519432826, 0.0 ], [ -46.755657075896387, -23.37672455379909, 0.0 ], [ -46.755599975399299, -23.37627126395455, 0.0 ], [ -46.755618722697022, -23.375944704208379, 0.0 ], [ -46.755713228626263, -23.375434243158061, 0.0 ], [ -46.755847037948662, -23.375015790854341, 0.0 ], [ -46.756214278175428, -23.37405665752021, 0.0 ], [ -46.756283928265262, -23.37371380921039, 0.0 ], [ -46.756355616133511, -23.373069551472341, 0.0 ], [ -46.756227611826922, -23.37236742283477, 0.0 ], [ -46.756136395658757, -23.37202972557737, 0.0 ], [ -46.755432650038678, -23.369822480835001, 0.0 ], [ -46.755220514177651, -23.36938955835161, 0.0 ], [ -46.754949337155679, -23.369016626579171, 0.0 ], [ -46.754680530560677, -23.368709893515899, 0.0 ], [ -46.754679739736318, -23.3686498847206, 0.0 ], [ -46.754349140960443, -23.368307971168299, 0.0 ], [ -46.754334011955862, -23.368295033652011, 0.0 ], [ -46.754313163745913, -23.368302165566899, 0.0 ], [ -46.753927343823221, -23.367856011841681, 0.0 ], [ -46.75382189995009, -23.36791376229835, 0.0 ], [ -46.753249774127937, -23.36740484844832, 0.0 ], [ -46.75267526850881, -23.36694217863737, 0.0 ], [ -46.752142016528033, -23.366317616723499, 0.0 ], [ -46.751079771146003, -23.365391295381109, 0.0 ], [ -46.750602222851001, -23.364906836511729, 0.0 ], [ -46.750187655751553, -23.364547916101291, 0.0 ], [ -46.749976843095432, -23.364441275436381, 0.0 ], [ -46.749798724517163, -23.36431840196434, 0.0 ], [ -46.749525342790847, -23.36411725949009, 0.0 ], [ -46.749233371715803, -23.363867343141681, 0.0 ], [ -46.748931124190626, -23.36351820155593, 0.0 ], [ -46.748687566887902, -23.363195997564631, 0.0 ], [ -46.748521154284987, -23.362939157916841, 0.0 ], [ -46.748357099912823, -23.362634001279481, 0.0 ], [ -46.748089460535667, -23.36195816545526, 0.0 ], [ -46.747931317335102, -23.36164742386978, 0.0 ], [ -46.747616465309001, -23.36113492137153, 0.0 ], [ -46.747221227449693, -23.360651600875421, 0.0 ], [ -46.74648750358007, -23.360134113191709, 0.0 ], [ -46.746135473481402, -23.359865545139101, 0.0 ], [ -46.745504286738203, -23.359638720698051, 0.0 ], [ -46.745061348678469, -23.359395308955289, 0.0 ], [ -46.744798768779397, -23.359218181581699, 0.0 ], [ -46.744487249648643, -23.358958815501829, 0.0 ], [ -46.744314447858933, -23.358784135788159, 0.0 ], [ -46.744042352522577, -23.35845120399134, 0.0 ], [ -46.743878963639887, -23.358195704635332, 0.0 ], [ -46.743997354968698, -23.3579921242743, 0.0 ], [ -46.744011550902478, -23.357934017786441, 0.0 ], [ -46.744007266033726, -23.357808876986471, 0.0 ], [ -46.74405650425404, -23.35765233238428, 0.0 ], [ -46.743987216473407, -23.35758258639639, 0.0 ], [ -46.743648950904223, -23.356998956572269, 0.0 ], [ -46.743447964521202, -23.35656314879536, 0.0 ], [ -46.743408043519693, -23.35642497351596, 0.0 ], [ -46.743331184985983, -23.35626664988051, 0.0 ], [ -46.743196166793609, -23.356114942113951, 0.0 ], [ -46.742961232962372, -23.35596633646033, 0.0 ], [ -46.742897612928203, -23.35588546574126, 0.0 ], [ -46.742864902018347, -23.35580358612674, 0.0 ], [ -46.742804055522427, -23.35576977492078, 0.0 ], [ -46.742743190417393, -23.355679586834938, 0.0 ], [ -46.74272376790497, -23.355624089788769, 0.0 ], [ -46.742703960381697, -23.355374264477469, 0.0 ], [ -46.742632441100497, -23.355294144404539, 0.0 ], [ -46.741847003327443, -23.353465014935409, 0.0 ], [ -46.741407290690617, -23.352392786115619, 0.0 ], [ -46.741309282432447, -23.3521013824056, 0.0 ], [ -46.741051071881927, -23.351106058882252, 0.0 ], [ -46.740713755477202, -23.350318657203641, 0.0 ], [ -46.740507809376297, -23.34970202523693, 0.0 ], [ -46.74054072524644, -23.349689720418642, 0.0 ], [ -46.740559713090661, -23.349657010593479, 0.0 ], [ -46.740505089534409, -23.349548844225719, 0.0 ], [ -46.740529898542484, -23.349301175137981, 0.0 ], [ -46.740510374245837, -23.349237719626409, 0.0 ], [ -46.740486726900123, -23.349188901808709, 0.0 ], [ -46.740350350268997, -23.349042513087468, 0.0 ], [ -46.74034134101646, -23.349013429557989, 0.0 ], [ -46.740295448640097, -23.349023225544538, 0.0 ], [ -46.739697949163329, -23.347208573097891, 0.0 ], [ -46.739648437036188, -23.347161369102551, 0.0 ], [ -46.739585707676873, -23.347038037708181, 0.0 ], [ -46.739459437128353, -23.34667398795666, 0.0 ], [ -46.739390301028159, -23.34628012128432, 0.0 ], [ -46.7394744673717, -23.345787052290259, 0.0 ], [ -46.739489420628999, -23.345555411111839, 0.0 ], [ -46.739461669274952, -23.345412456642801, 0.0 ], [ -46.739383141763618, -23.34529062717246, 0.0 ], [ -46.739349810997318, -23.345271099524101, 0.0 ], [ -46.739107607234288, -23.34522470876956, 0.0 ], [ -46.739058234348548, -23.345188115248451, 0.0 ], [ -46.739027398299527, -23.345139376986818, 0.0 ], [ -46.739027139610258, -23.345064432091579, 0.0 ], [ -46.738811571977124, -23.344524284490969, 0.0 ], [ -46.738632819498577, -23.343939953806149, 0.0 ], [ -46.738207309778723, -23.341911805056782, 0.0 ], [ -46.738122172677969, -23.341613622704301, 0.0 ], [ -46.737898716427686, -23.34101917465394, 0.0 ], [ -46.737357324046421, -23.34002831014017, 0.0 ], [ -46.737358121791118, -23.339979221308159, 0.0 ], [ -46.737092173313478, -23.339685657756601, 0.0 ], [ -46.736982107022641, -23.33951653515723, 0.0 ], [ -46.73693326646292, -23.339408723721309, 0.0 ], [ -46.736666809369773, -23.33906890690578, 0.0 ], [ -46.736645667970627, -23.339006629892729, 0.0 ], [ -46.736458927840353, -23.338673743165259, 0.0 ], [ -46.73644656207815, -23.338634811172621, 0.0 ], [ -46.736458142914969, -23.338570087056709, 0.0 ], [ -46.735115125123279, -23.336304342894731, 0.0 ], [ -46.734879821244967, -23.335970949833449, 0.0 ], [ -46.734575664284563, -23.335597165713459, 0.0 ], [ -46.734371200283782, -23.335376993056119, 0.0 ], [ -46.734113473374137, -23.335142823444809, 0.0 ], [ -46.733829868682932, -23.334916232675649, 0.0 ], [ -46.733629374548677, -23.334784052257451, 0.0 ], [ -46.733035658260803, -23.33446347761301, 0.0 ], [ -46.73198759738716, -23.333943720666241, 0.0 ], [ -46.731339597339947, -23.33352997158709, 0.0 ], [ -46.729978225484551, -23.33297302974513, 0.0 ], [ -46.729754757255989, -23.33285412027174, 0.0 ], [ -46.729675530397493, -23.332753934511629, 0.0 ], [ -46.729357518469342, -23.33266003121555, 0.0 ], [ -46.728450129325331, -23.332186620858209, 0.0 ], [ -46.726871174837292, -23.329782223019119, 0.0 ], [ -46.726530559098357, -23.329119183790912, 0.0 ], [ -46.726500259144842, -23.329134103431961, 0.0 ], [ -46.726294098497803, -23.328737341405649, 0.0 ], [ -46.726244374945537, -23.32860400984514, 0.0 ], [ -46.725321028596113, -23.326719029425071, 0.0 ], [ -46.725444510288767, -23.326661409042909, 0.0 ], [ -46.725451310737043, -23.326575900817609, 0.0 ], [ -46.72527243143962, -23.326410651836898, 0.0 ], [ -46.725024085050727, -23.325851299467018, 0.0 ], [ -46.724746343051187, -23.325147050330951, 0.0 ], [ -46.724509328949438, -23.32436681773633, 0.0 ], [ -46.723908223519807, -23.322013485396809, 0.0 ], [ -46.723327239742659, -23.319650601303781, 0.0 ], [ -46.723104279703449, -23.318957090735999, 0.0 ], [ -46.722824279261957, -23.318282862507331, 0.0 ], [ -46.722656590983711, -23.317954603307768, 0.0 ], [ -46.722498999670186, -23.31771225695018, 0.0 ], [ -46.722411755889333, -23.31761112712503, 0.0 ], [ -46.721301425279222, -23.31670608509533, 0.0 ], [ -46.721063407194613, -23.316498821796898, 0.0 ], [ -46.72083634169902, -23.316269672155979, 0.0 ], [ -46.720659741629703, -23.3160337506433, 0.0 ], [ -46.720529299320148, -23.315805612770941, 0.0 ], [ -46.720421308152552, -23.315576192491299, 0.0 ], [ -46.720336917985676, -23.31534754967927, 0.0 ], [ -46.720276102017458, -23.315117611323021, 0.0 ], [ -46.720192685435073, -23.314659388331862, 0.0 ], [ -46.720175687793351, -23.314430005542381, 0.0 ], [ -46.720190179351391, -23.31420338709998, 0.0 ], [ -46.720269626179423, -23.313743376176578, 0.0 ], [ -46.720406995120619, -23.313332478905259, 0.0 ], [ -46.720562980732488, -23.313015174576439, 0.0 ], [ -46.720696662365341, -23.312797611461299, 0.0 ], [ -46.720816476707682, -23.312637204114981, 0.0 ], [ -46.721029634207959, -23.312398039929889, 0.0 ], [ -46.721293361816812, -23.312160393393469, 0.0 ], [ -46.721584537741393, -23.311960791962019, 0.0 ], [ -46.722499692054782, -23.311410760143811, 0.0 ], [ -46.722819665654647, -23.31117974793062, 0.0 ], [ -46.72323277320244, -23.31081038419995, 0.0 ], [ -46.723769504515552, -23.31027175917767, 0.0 ], [ -46.72408444559224, -23.309999342899939, 0.0 ], [ -46.724373178884008, -23.309785253705119, 0.0 ], [ -46.724590018274682, -23.309647947515082, 0.0 ], [ -46.7251739525055, -23.309375265437399, 0.0 ], [ -46.725456540359048, -23.309219414058671, 0.0 ], [ -46.725775971172112, -23.30900389363218, 0.0 ], [ -46.726190500558623, -23.3086656172133, 0.0 ], [ -46.726482736010141, -23.308353360335829, 0.0 ], [ -46.726752692985009, -23.30800120982331, 0.0 ], [ -46.726974582599162, -23.307656261892529, 0.0 ], [ -46.727385620455053, -23.30685552115315, 0.0 ], [ -46.727534222149401, -23.30661590994708, 0.0 ], [ -46.727733067647662, -23.30635128003194, 0.0 ], [ -46.728104338182881, -23.30601358065395, 0.0 ], [ -46.728499158111433, -23.305697859593032, 0.0 ], [ -46.72936617504871, -23.305213726722481, 0.0 ], [ -46.729952415862563, -23.304777458497771, 0.0 ], [ -46.730264532177223, -23.30452777401079, 0.0 ], [ -46.730723717564892, -23.304021271300581, 0.0 ], [ -46.730975897136872, -23.30369780191128, 0.0 ], [ -46.731229085936327, -23.30333517308835, 0.0 ], [ -46.732117204212223, -23.301861353542481, 0.0 ], [ -46.732872250193353, -23.300645472222751, 0.0 ], [ -46.73314484335544, -23.30031330015607, 0.0 ], [ -46.733587182905389, -23.29988806424149, 0.0 ], [ -46.733878833802123, -23.29966153912056, 0.0 ], [ -46.73452810987159, -23.299290510608241, 0.0 ], [ -46.735289709785228, -23.298790570466149, 0.0 ], [ -46.735630169376883, -23.298540801869649, 0.0 ], [ -46.73630520567216, -23.297848334461669, 0.0 ], [ -46.736578310528706, -23.297526390723689, 0.0 ], [ -46.736722504851542, -23.29732018106332, 0.0 ], [ -46.736990771388221, -23.296846828855159, 0.0 ], [ -46.737159446177053, -23.29648132339408, 0.0 ], [ -46.7377624120302, -23.29463107342816, 0.0 ], [ -46.737918919805168, -23.29432418915972, 0.0 ], [ -46.737883088669157, -23.294280021173861, 0.0 ], [ -46.74142059767577, -23.287476309214931, 0.0 ], [ -46.741377828589691, -23.287380966113901, 0.0 ], [ -46.74143085791296, -23.287307555738991, 0.0 ], [ -46.741521904875768, -23.287283549314349, 0.0 ], [ -46.741905616408793, -23.28661431292916, 0.0 ], [ -46.742151446059438, -23.286358625062981, 0.0 ], [ -46.742305130334188, -23.286042635275191, 0.0 ], [ -46.742503790153457, -23.285513431448571, 0.0 ], [ -46.742619055198901, -23.285117381787622, 0.0 ], [ -46.742894367105777, -23.28361956440915, 0.0 ], [ -46.743084963875113, -23.282997271154279, 0.0 ], [ -46.743094025900923, -23.282848886860549, 0.0 ], [ -46.743078580537613, -23.28261162033743, 0.0 ], [ -46.743102085573959, -23.282511519118419, 0.0 ], [ -46.743140605472341, -23.28244018570944, 0.0 ], [ -46.743067024432619, -23.282211040409901, 0.0 ], [ -46.742761092821517, -23.281518800175821, 0.0 ], [ -46.742784556313609, -23.281407389988281, 0.0 ], [ -46.742823561010113, -23.281387645500761, 0.0 ], [ -46.742853047812119, -23.28100584657755, 0.0 ], [ -46.742947572531762, -23.280933291388219, 0.0 ], [ -46.743013149669054, -23.28012850004772, 0.0 ], [ -46.742999858162896, -23.280129369240861, 0.0 ], [ -46.743078880127449, -23.27945595109535, 0.0 ], [ -46.743189738505713, -23.279435940952158, 0.0 ], [ -46.743321905086347, -23.278509637394809, 0.0 ], [ -46.743386861559472, -23.2782635018302, 0.0 ], [ -46.743524413439303, -23.277321161065661, 0.0 ], [ -46.743560430820708, -23.27721727793336, 0.0 ], [ -46.743693675379433, -23.27697454990367, 0.0 ], [ -46.744069799523253, -23.276455088810579, 0.0 ], [ -46.744308481522033, -23.276200583134759, 0.0 ], [ -46.744737462905739, -23.275831103058341, 0.0 ], [ -46.744854879572337, -23.275753766390729, 0.0 ], [ -46.744987989440752, -23.275695263743192, 0.0 ], [ -46.745289128891677, -23.275590936440011, 0.0 ], [ -46.746000418115763, -23.275449971381601, 0.0 ], [ -46.746400425905172, -23.275425325270049, 0.0 ], [ -46.747167754107153, -23.275435793907679, 0.0 ], [ -46.747292488981373, -23.275426088941551, 0.0 ], [ -46.747723881056977, -23.275340503490749, 0.0 ], [ -46.748134432214982, -23.275236140466099, 0.0 ], [ -46.74846099828941, -23.2751077645284, 0.0 ], [ -46.748834608684653, -23.274934908099389, 0.0 ], [ -46.749122145957713, -23.274762883039131, 0.0 ], [ -46.749458518855818, -23.274515630380129, 0.0 ], [ -46.749958528225797, -23.274062280513711, 0.0 ], [ -46.750319731950917, -23.273510938462039, 0.0 ], [ -46.750423821610191, -23.27332172941065, 0.0 ], [ -46.751074176819181, -23.272067090789822, 0.0 ], [ -46.751331127421423, -23.271537946881569, 0.0 ], [ -46.75142192255106, -23.271295772634581, 0.0 ], [ -46.751480712923339, -23.271067023187801, 0.0 ], [ -46.751591762434032, -23.270110644382399, 0.0 ], [ -46.751603832066287, -23.26945949347208, 0.0 ], [ -46.751727027125263, -23.268251125314851, 0.0 ], [ -46.751883265088907, -23.26750213907146, 0.0 ], [ -46.751910571666038, -23.267129995223431, 0.0 ], [ -46.751871811794928, -23.266430704343911, 0.0 ], [ -46.751800189767188, -23.2659741286583, 0.0 ], [ -46.751673427623238, -23.26543500991065, 0.0 ], [ -46.75168995367482, -23.26505079191033, 0.0 ], [ -46.751732219190799, -23.26467367786432, 0.0 ], [ -46.751817551047438, -23.264153941158099, 0.0 ], [ -46.751885111248633, -23.264005908732099, 0.0 ], [ -46.752110384883828, -23.263622788517409, 0.0 ], [ -46.752460041160823, -23.263125946159239, 0.0 ], [ -46.752615056206253, -23.262948449403911, 0.0 ], [ -46.752810947571433, -23.262757662313032, 0.0 ], [ -46.75308343511913, -23.262561292238289, 0.0 ], [ -46.753433852155013, -23.262368420041629, 0.0 ], [ -46.753909357182302, -23.262165225816339, 0.0 ], [ -46.75421817447473, -23.262072931152211, 0.0 ], [ -46.754550273903327, -23.261992489694119, 0.0 ], [ -46.754959056812467, -23.261944652588081, 0.0 ], [ -46.755251614767857, -23.261947151764009, 0.0 ], [ -46.755482536147923, -23.261968224051799, 0.0 ], [ -46.755976970212657, -23.262064809150861, 0.0 ], [ -46.756482480474943, -23.26224319164897, 0.0 ], [ -46.757197023226126, -23.262536923189401, 0.0 ], [ -46.75802497649326, -23.262756113705279, 0.0 ], [ -46.758495529960378, -23.26284257425332, 0.0 ], [ -46.758963340902262, -23.262910602755049, 0.0 ], [ -46.759495785932863, -23.26295021243283, 0.0 ], [ -46.759997443303327, -23.26293016708722, 0.0 ], [ -46.760364466629099, -23.26289143771006, 0.0 ], [ -46.760781134066399, -23.262777728278099, 0.0 ], [ -46.7610317877688, -23.26268318766158, 0.0 ], [ -46.761286504273201, -23.262564947393241, 0.0 ], [ -46.761502726337682, -23.262418869716711, 0.0 ], [ -46.761832512557937, -23.262163057354929, 0.0 ], [ -46.762108475661258, -23.261902079182111, 0.0 ], [ -46.762318571572102, -23.261670686105319, 0.0 ], [ -46.762564919126781, -23.261344271042109, 0.0 ], [ -46.762780684065888, -23.260926469536511, 0.0 ], [ -46.76287183946917, -23.260681411391928, 0.0 ], [ -46.763100871446838, -23.259894811284681, 0.0 ], [ -46.763268780780912, -23.256840466314632, 0.0 ], [ -46.76321748996935, -23.256837580192951, 0.0 ], [ -46.763284746596952, -23.254683199347109, 0.0 ], [ -46.763313463884749, -23.254300958420501, 0.0 ], [ -46.763280387689832, -23.25345037872874, 0.0 ], [ -46.763239107379903, -23.252878542064209, 0.0 ], [ -46.763251198190368, -23.25261014000268, 0.0 ], [ -46.763330733213792, -23.252195021913209, 0.0 ], [ -46.763471124549163, -23.251771661166138, 0.0 ], [ -46.763425819137368, -23.25175209584895, 0.0 ], [ -46.763517032445797, -23.251531825575839, 0.0 ], [ -46.763879456690667, -23.25082934612043, 0.0 ], [ -46.763999073559063, -23.250523377883159, 0.0 ], [ -46.764098154947753, -23.25021358661639, 0.0 ], [ -46.764166582173743, -23.24990954335161, 0.0 ], [ -46.764189796025853, -23.24961681535228, 0.0 ], [ -46.764192474993912, -23.249320265291541, 0.0 ], [ -46.764156457540707, -23.248696558860299, 0.0 ], [ -46.764105676684011, -23.248285108600388, 0.0 ], [ -46.764104362373658, -23.247907549210641, 0.0 ], [ -46.764131524206753, -23.247747839462001, 0.0 ], [ -46.764482842378662, -23.246425426240009, 0.0 ], [ -46.765015655827277, -23.246495765911661, 0.0 ], [ -46.76502446278915, -23.24616469856889, 0.0 ], [ -46.764879768091411, -23.245621915848179, 0.0 ], [ -46.764928839024691, -23.244626435476899, 0.0 ], [ -46.764959188813911, -23.244320117951911, 0.0 ], [ -46.765038067137432, -23.244032167915261, 0.0 ], [ -46.765148684886142, -23.243710088213561, 0.0 ], [ -46.765169323611147, -23.24355517983237, 0.0 ], [ -46.765217696392583, -23.242617794774471, 0.0 ], [ -46.765379916140013, -23.241825701990411, 0.0 ], [ -46.765416151928719, -23.24152202004359, 0.0 ], [ -46.765415618551899, -23.240926283982429, 0.0 ], [ -46.765396369003682, -23.240631331118038, 0.0 ], [ -46.765332415056363, -23.24021665166331, 0.0 ], [ -46.765311321674993, -23.239940243120891, 0.0 ], [ -46.765384599882047, -23.239127247000969, 0.0 ], [ -46.765448756805327, -23.238832707633371, 0.0 ], [ -46.765741614359008, -23.238183691758021, 0.0 ], [ -46.765979359475168, -23.2378493770807, 0.0 ], [ -46.766240830412208, -23.237539110959158, 0.0 ], [ -46.76647412770312, -23.237311565427689, 0.0 ], [ -46.766841193376322, -23.237020373879609, 0.0 ], [ -46.767072016731191, -23.23688268957471, 0.0 ], [ -46.767643154946953, -23.236644589233091, 0.0 ], [ -46.767799146524077, -23.236435472716849, 0.0 ], [ -46.767990641932791, -23.236034130795179, 0.0 ], [ -46.768260396602763, -23.2354096865207, 0.0 ], [ -46.768414302496232, -23.2349952011798, 0.0 ], [ -46.768488877592119, -23.234746249926459, 0.0 ], [ -46.768529929804181, -23.2344914262003, 0.0 ], [ -46.768544714371203, -23.234225810873902, 0.0 ], [ -46.768531989591381, -23.23387134556171, 0.0 ], [ -46.768500979324699, -23.233572471856299, 0.0 ], [ -46.768448096916792, -23.233279248883989, 0.0 ], [ -46.768371773110573, -23.232983587870351, 0.0 ], [ -46.768272724375358, -23.23271559912795, 0.0 ], [ -46.767957564060318, -23.23201901358528, 0.0 ], [ -46.767891682005413, -23.23179196085859, 0.0 ], [ -46.767836050483432, -23.23151677737771, 0.0 ], [ -46.76780859794912, -23.231269192788929, 0.0 ], [ -46.767798502899893, -23.230962231674589, 0.0 ], [ -46.76781785330823, -23.230778885105359, 0.0 ], [ -46.767979632699507, -23.230024452739531, 0.0 ], [ -46.768082506655617, -23.229755302344099, 0.0 ], [ -46.768246148819067, -23.229417354187522, 0.0 ], [ -46.768604143580767, -23.228961088397291, 0.0 ], [ -46.768852497086158, -23.228719333151911, 0.0 ], [ -46.769446657767119, -23.228197876573951, 0.0 ], [ -46.77050210643764, -23.227350748005861, 0.0 ], [ -46.770737094557802, -23.227196238670039, 0.0 ], [ -46.771895289832379, -23.226529956255941, 0.0 ], [ -46.77284677229288, -23.225962027578451, 0.0 ], [ -46.773274875244013, -23.225688089923789, 0.0 ], [ -46.773597737570228, -23.225411988697029, 0.0 ], [ -46.77396366750596, -23.225009221043159, 0.0 ], [ -46.774080130644691, -23.22485552292823, 0.0 ], [ -46.774665409500052, -23.223899865233481, 0.0 ], [ -46.775220196538783, -23.222815552985931, 0.0 ], [ -46.775098425250697, -23.222757559363341, 0.0 ], [ -46.775343327465457, -23.222256774983322, 0.0 ], [ -46.776254237769933, -23.220519999139491, 0.0 ], [ -46.77654060669839, -23.220072513915529, 0.0 ], [ -46.776827336171159, -23.219717533868788, 0.0 ], [ -46.777182237409022, -23.21921438749294, 0.0 ], [ -46.777298389555327, -23.219036646179131, 0.0 ], [ -46.777466685499618, -23.218687470477349, 0.0 ], [ -46.777628458132469, -23.218211072641559, 0.0 ], [ -46.777999872603488, -23.216582170148602, 0.0 ], [ -46.778177697683233, -23.216071386684369, 0.0 ], [ -46.77821249646761, -23.215806949662571, 0.0 ], [ -46.778296747686497, -23.21557732447447, 0.0 ], [ -46.778491700468081, -23.215164659467181, 0.0 ], [ -46.778705374694212, -23.214800099333349, 0.0 ], [ -46.778597832463433, -23.214748931939521, 0.0 ], [ -46.778769307884431, -23.214487800430611, 0.0 ], [ -46.779207386033747, -23.213908389322562, 0.0 ], [ -46.780798834315789, -23.211898800234881, 0.0 ], [ -46.781722866838358, -23.21076437849662, 0.0 ], [ -46.783787546500442, -23.208147430146369, 0.0 ], [ -46.783905223021428, -23.208021066179231, 0.0 ], [ -46.784124190230649, -23.207808828276018, 0.0 ], [ -46.785180452154528, -23.206995667071041, 0.0 ], [ -46.785254507360989, -23.207072147166141, 0.0 ], [ -46.785815884047842, -23.206620768297931, 0.0 ], [ -46.786062512194832, -23.206345698879542, 0.0 ], [ -46.786271681372313, -23.206529754431099, 0.0 ], [ -46.78649864726755, -23.20629780912288, 0.0 ], [ -46.786685795671907, -23.20606223969353, 0.0 ], [ -46.786397157694509, -23.20579078144933, 0.0 ], [ -46.786565896170082, -23.205552789007939, 0.0 ], [ -46.788614688254768, -23.202357704222688, 0.0 ], [ -46.788888416975453, -23.20197867816691, 0.0 ], [ -46.789187314364668, -23.201639424075591, 0.0 ], [ -46.789260658678742, -23.201710866203161, 0.0 ], [ -46.789653271178032, -23.201368507051122, 0.0 ], [ -46.790118342796497, -23.2010562885505, 0.0 ], [ -46.790397626405287, -23.200917648307819, 0.0 ], [ -46.790763963797602, -23.200778742503282, 0.0 ], [ -46.790999878998207, -23.200707001853321, 0.0 ], [ -46.79128145228983, -23.200643162405498, 0.0 ], [ -46.791647031003571, -23.200593524504129, 0.0 ], [ -46.791824696873022, -23.200575446821261, 0.0 ], [ -46.79224644276821, -23.20057910927348, 0.0 ], [ -46.792560083371797, -23.200610813187719, 0.0 ], [ -46.79334914317549, -23.200889677858861, 0.0 ], [ -46.793807007306683, -23.20102707877324, 0.0 ], [ -46.794136620874482, -23.201164323106632, 0.0 ], [ -46.794373842011417, -23.201308368487719, 0.0 ], [ -46.794662195187627, -23.20154605866194, 0.0 ], [ -46.795431818536308, -23.202272751690671, 0.0 ], [ -46.795848856695621, -23.202609468551891, 0.0 ], [ -46.796251186096967, -23.202874387432569, 0.0 ], [ -46.796596104738803, -23.203073641031139, 0.0 ], [ -46.797140529344603, -23.203338346502939, 0.0 ], [ -46.797616567136807, -23.203516345060802, 0.0 ], [ -46.799005527027539, -23.2038645206278, 0.0 ], [ -46.799504307493919, -23.20402396708036, 0.0 ], [ -46.799902227169063, -23.204211415505259, 0.0 ], [ -46.800257589806989, -23.204413652828041, 0.0 ], [ -46.800498618065767, -23.204571311777901, 0.0 ], [ -46.800943303921443, -23.204938903744061, 0.0 ], [ -46.801813139796202, -23.205747192050509, 0.0 ], [ -46.803728021380827, -23.207480599678849, 0.0 ], [ -46.804088959341783, -23.20773327253638, 0.0 ], [ -46.80438633364988, -23.207917531306151, 0.0 ], [ -46.80482316819289, -23.208132643934729, 0.0 ], [ -46.806220247117452, -23.208738881658551, 0.0 ], [ -46.806547230372807, -23.20885224382867, 0.0 ], [ -46.806887907748497, -23.208961215525012, 0.0 ], [ -46.807182145431668, -23.209025565228679, 0.0 ], [ -46.807531153809123, -23.20907235245577, 0.0 ], [ -46.807922744293627, -23.209088442759381, 0.0 ], [ -46.808403345200112, -23.209073368702139, 0.0 ], [ -46.80859021785124, -23.20904781523851, 0.0 ], [ -46.809041202198962, -23.20896594573323, 0.0 ], [ -46.80952378380843, -23.208832591153129, 0.0 ], [ -46.81016579524136, -23.20854113616657, 0.0 ], [ -46.810411503364257, -23.20839832676571, 0.0 ], [ -46.810999132158607, -23.20798900199755, 0.0 ], [ -46.811095364358181, -23.207894765586481, 0.0 ], [ -46.811508595246508, -23.207380469195389, 0.0 ], [ -46.812322113096663, -23.206190585761039, 0.0 ], [ -46.81257607087548, -23.205752333376061, 0.0 ], [ -46.812624268708539, -23.2056209609609, 0.0 ], [ -46.812701102914751, -23.205499990694989, 0.0 ], [ -46.812764269360919, -23.205364076954751, 0.0 ], [ -46.812804344008811, -23.205202893235569, 0.0 ], [ -46.812929840559057, -23.204507675005001, 0.0 ], [ -46.813110925290367, -23.20374089363122, 0.0 ], [ -46.813190781479371, -23.203505666025649, 0.0 ], [ -46.813385919547528, -23.20309657338171, 0.0 ], [ -46.813499750504839, -23.202908724806981, 0.0 ], [ -46.813846945303297, -23.20245457996516, 0.0 ], [ -46.814136503019917, -23.202168372345369, 0.0 ], [ -46.81430761956674, -23.202026519062361, 0.0 ], [ -46.814474107923793, -23.201898612671268, 0.0 ], [ -46.814714145792578, -23.201744135354009, 0.0 ], [ -46.815095511180843, -23.20154247097059, 0.0 ], [ -46.815539516814731, -23.20137411517943, 0.0 ], [ -46.815866158567403, -23.201278709922249, 0.0 ], [ -46.816351602098322, -23.201200183198491, 0.0 ], [ -46.816739808703652, -23.20117739292823, 0.0 ], [ -46.817092062416563, -23.20118596580997, 0.0 ], [ -46.817676484547214, -23.201269485487419, 0.0 ], [ -46.81830495828703, -23.20146330424539, 0.0 ], [ -46.818632965001889, -23.20161848963534, 0.0 ], [ -46.818849902546702, -23.20173202719424, 0.0 ], [ -46.819315820518931, -23.202056182146091, 0.0 ], [ -46.81968704826361, -23.20240609677294, 0.0 ], [ -46.821218858149713, -23.20413076161471, 0.0 ], [ -46.822218512089428, -23.205220425410921, 0.0 ], [ -46.822917390707737, -23.205812556978561, 0.0 ], [ -46.822975761911529, -23.205754999222961, 0.0 ], [ -46.823491771496833, -23.206110749081279, 0.0 ], [ -46.826328327605708, -23.20790985500312, 0.0 ], [ -46.826628713962613, -23.208079531048991, 0.0 ], [ -46.827154157623582, -23.2083056198653, 0.0 ], [ -46.828614336646339, -23.208810078917661, 0.0 ], [ -46.828594388920131, -23.20885735004995, 0.0 ], [ -46.828955883608103, -23.208981251845209, 0.0 ], [ -46.828943152972109, -23.20900141675331, 0.0 ], [ -46.828982517616303, -23.209022825961451, 0.0 ], [ -46.828810637359602, -23.209485310698831, 0.0 ], [ -46.828894571465248, -23.209512293183462, 0.0 ], [ -46.82905840467631, -23.209047252568041, 0.0 ], [ -46.82947637233886, -23.209161351502338, 0.0 ], [ -46.83005508574589, -23.209355211599629, 0.0 ], [ -46.82985219658346, -23.209817207567831, 0.0 ], [ -46.829996113506112, -23.209865432492101, 0.0 ], [ -46.830183605190193, -23.20932246018068, 0.0 ], [ -46.831394689145057, -23.209722504952762, 0.0 ], [ -46.831200786644338, -23.210206161878411, 0.0 ], [ -46.832171310397847, -23.210087767288272, 0.0 ], [ -46.832685966477648, -23.210236898528699, 0.0 ], [ -46.83301309743112, -23.2103041440933, 0.0 ], [ -46.83339325650703, -23.21036576621918, 0.0 ], [ -46.833947690946673, -23.210406501956111, 0.0 ] ] ] } },
{ "type": "Feature", "properties": { }, "geometry": { "type": "Polygon", "coordinates": [ [ [ -46.777212553378533, -23.256965907651171, 0.0 ], [ -46.77751660678237, -23.256743452879711, 0.0 ], [ -46.777454667361837, -23.25665723542328, 0.0 ], [ -46.777302637959473, -23.256671033482011, 0.0 ], [ -46.777090549933, -23.25681416186811, 0.0 ], [ -46.777212553378533, -23.256965907651171, 0.0 ] ] ] } },
{ "type": "Feature", "properties": { }, "geometry": { "type": "Polygon", "coordinates": [ [ [ -46.711679829103602, -23.51360110207311, 0.0 ], [ -46.711510537215823, -23.513791112423071, 0.0 ], [ -46.711041037605654, -23.514262094045929, 0.0 ], [ -46.711062631586223, -23.5142618567134, 0.0 ], [ -46.710675026105363, -23.51461315179824, 0.0 ], [ -46.710115091620978, -23.515051921828881, 0.0 ], [ -46.70946813485282, -23.51547060729057, 0.0 ], [ -46.709468539729933, -23.51550188490144, 0.0 ], [ -46.70814159937072, -23.516069353362109, 0.0 ], [ -46.707914542261463, -23.516202989650221, 0.0 ], [ -46.707189720733687, -23.51652750841221, 0.0 ], [ -46.706334124167, -23.51684872749896, 0.0 ], [ -46.706328399202519, -23.516830933220771, 0.0 ], [ -46.705945178453938, -23.51699039334089, 0.0 ], [ -46.706619521834419, -23.517016144151391, 0.0 ], [ -46.707149103510609, -23.517109467098809, 0.0 ], [ -46.707510741336883, -23.5171965169225, 0.0 ], [ -46.707790653262244, -23.517234284949929, 0.0 ], [ -46.708005817086473, -23.517291207785441, 0.0 ], [ -46.708278510577387, -23.51737468410489, 0.0 ], [ -46.708477140640603, -23.517458970103672, 0.0 ], [ -46.709283243779389, -23.517927964482769, 0.0 ], [ -46.709447404147213, -23.517999508743809, 0.0 ], [ -46.709468060538462, -23.517966660689719, 0.0 ], [ -46.70956796526049, -23.51799169841582, 0.0 ], [ -46.710186760088114, -23.518258176206011, 0.0 ], [ -46.710660967427103, -23.51857041563812, 0.0 ], [ -46.710207232416401, -23.51917172773333, 0.0 ], [ -46.710404225858419, -23.519282974832361, 0.0 ], [ -46.710291776282617, -23.519434420530381, 0.0 ], [ -46.710778894551687, -23.519736463387488, 0.0 ], [ -46.71136154894986, -23.518954453551089, 0.0 ], [ -46.710816283816662, -23.518615312060049, 0.0 ], [ -46.711069658048586, -23.51803333186999, 0.0 ], [ -46.712066910441912, -23.51839950820634, 0.0 ], [ -46.712160679281851, -23.51811797805841, 0.0 ], [ -46.710108972128033, -23.51770251624508, 0.0 ], [ -46.710107772285589, -23.51771507944693, 0.0 ], [ -46.709808717800158, -23.517661886717331, 0.0 ], [ -46.709812658780187, -23.517650548590758, 0.0 ], [ -46.709129850308969, -23.517526265423552, 0.0 ], [ -46.70917180423784, -23.51729362390051, 0.0 ], [ -46.708959372830599, -23.517248891327171, 0.0 ], [ -46.708394221270247, -23.517056797379318, 0.0 ], [ -46.708414650893523, -23.516581543989989, 0.0 ], [ -46.707740749927531, -23.516619055484259, 0.0 ], [ -46.709888226937593, -23.51569689051675, 0.0 ], [ -46.71007807426691, -23.515733712232461, 0.0 ], [ -46.710671507851877, -23.51521577031744, 0.0 ], [ -46.710894907798078, -23.515424161615229, 0.0 ], [ -46.71143998480219, -23.514938719424631, 0.0 ], [ -46.711880834304161, -23.515377797808021, 0.0 ], [ -46.71271850539263, -23.514657047760281, 0.0 ], [ -46.711893677505962, -23.51388623089743, 0.0 ], [ -46.712095027147377, -23.513685175985781, 0.0 ], [ -46.712689114009038, -23.51318422533209, 0.0 ], [ -46.712466948151253, -23.512972419497761, 0.0 ], [ -46.711880911223432, -23.513482584496739, 0.0 ], [ -46.711936698568692, -23.51353586986296, 0.0 ], [ -46.711760991262103, -23.513684607646649, 0.0 ], [ -46.711679829103602, -23.51360110207311, 0.0 ] ], [ [ -46.710130243682507, -23.515219391849609, 0.0 ], [ -46.711109900514607, -23.51433672851574, 0.0 ], [ -46.711235421436577, -23.51445653448107, 0.0 ], [ -46.710251683440312, -23.515345662021339, 0.0 ], [ -46.710130243682507, -23.515219391849609, 0.0 ] ] ] } },
{ "type": "Feature", "properties": { }, "geometry": { "type": "Polygon", "coordinates": [ [ [ -46.729974427069813, -23.484506630373581, 0.0 ], [ -46.730118516596988, -23.484413077574509, 0.0 ], [ -46.730364893122157, -23.484428626059781, 0.0 ], [ -46.731042067512313, -23.483895011297999, 0.0 ], [ -46.731082717816363, -23.483897267855319, 0.0 ], [ -46.731399390275627, -23.483615985214001, 0.0 ], [ -46.731823211519497, -23.483166783917209, 0.0 ], [ -46.732191248416413, -23.48248368385693, 0.0 ], [ -46.732594004231657, -23.481649825873919, 0.0 ], [ -46.732686270570277, -23.481432097712901, 0.0 ], [ -46.732752604258593, -23.481204325643329, 0.0 ], [ -46.733105546926168, -23.48034472034232, 0.0 ], [ -46.733263628587281, -23.480102832427939, 0.0 ], [ -46.733758396424193, -23.479186839744631, 0.0 ], [ -46.735003092977252, -23.476846098877491, 0.0 ], [ -46.735065236161837, -23.476676565921629, 0.0 ], [ -46.735189984006382, -23.476510781527431, 0.0 ], [ -46.735235079158173, -23.476390759541541, 0.0 ], [ -46.7351616990846, -23.47636553194241, 0.0 ], [ -46.73438567089493, -23.477312698456629, 0.0 ], [ -46.734242374675318, -23.477752451019661, 0.0 ], [ -46.73398166404624, -23.478194606004461, 0.0 ], [ -46.73361119488176, -23.47889913790851, 0.0 ], [ -46.733080096982412, -23.480040574879109, 0.0 ], [ -46.732508804762759, -23.48107011422023, 0.0 ], [ -46.732354448862978, -23.481023380187111, 0.0 ], [ -46.732745313423557, -23.480463448140899, 0.0 ], [ -46.732825449849877, -23.48022898121275, 0.0 ], [ -46.732740114460107, -23.4802151983416, 0.0 ], [ -46.732668100019062, -23.480425581173449, 0.0 ], [ -46.732309590180947, -23.480925459310701, 0.0 ], [ -46.732166180704141, -23.48127862594405, 0.0 ], [ -46.732119127654848, -23.481548857769599, 0.0 ], [ -46.732033718547669, -23.481808063949732, 0.0 ], [ -46.731871584253938, -23.481931500679249, 0.0 ], [ -46.731542196680692, -23.482045618245291, 0.0 ], [ -46.731451355235663, -23.48210732127264, 0.0 ], [ -46.731404671982823, -23.482202153477061, 0.0 ], [ -46.731406162195363, -23.482350684103761, 0.0 ], [ -46.731472933627153, -23.482587296451779, 0.0 ], [ -46.731500760470198, -23.482794117856962, 0.0 ], [ -46.731439942474061, -23.482992418213819, 0.0 ], [ -46.731144832752541, -23.48346330298854, 0.0 ], [ -46.730958713287023, -23.483637148339991, 0.0 ], [ -46.730717190647169, -23.48373360625104, 0.0 ], [ -46.7302960861415, -23.48381754656625, 0.0 ], [ -46.730351211686369, -23.48387821517915, 0.0 ], [ -46.729974427069813, -23.484506630373581, 0.0 ] ] ] } }
]
}
