{
"type": "FeatureCollection",
"name": "faixa_rumo",
"crs": { "type": "name", "properties": { "name": "urn:ogc:def:crs:OGC:1.3:CRS84" } },
"features": [
{ "type": "Feature", "properties": { }, "geometry": { "type": "Polygon", "coordinates": [ [ [ -47.139178793, -22.880948326999899, 0.0 ], [ -47.140237843, -22.881128019999899, 0.0 ], [ -47.140680464, -22.878887850999899, 0.0 ], [ -47.139579515, -22.878920691, 0.0 ], [ -47.139178793, -22.880948326999899, 0.0 ] ] ] } },
{ "type": "Feature", "properties": { }, "geometry": { "type": "Polygon", "coordinates": [ [ [ -47.140534709999898, -22.883941213999901, 0.0 ], [ -47.140239247999901, -22.882954035, 0.0 ], [ -47.138834243, -22.882691731, 0.0 ], [ -47.13865559, -22.883595708, 0.0 ], [ -47.140534709999898, -22.883941213999901, 0.0 ] ] ] } },
{ "type": "Feature", "properties": { }, "geometry": { "type": "Polygon", "coordinates": [ [ [ -47.139579515, -22.878920691, 0.0 ], [ -47.138585496, -22.878938289, 0.0 ], [ -47.138150746999898, -22.881138017, 0.0 ], [ -47.13910916399989, -22.881300643, 0.0 ], [ -47.139579515, -22.878920691, 0.0 ] ] ] } },
{ "type": "Feature", "properties": { }, "geometry": { "type": "Polygon", "coordinates": [ [ [ -47.138150746, -22.88113802, 0.0 ], [ -47.137748552999909, -22.882167817, 0.0 ], [ -47.138899198999987, -22.882363056, 0.0 ], [ -47.13910916399989, -22.881300643, 0.0 ], [ -47.138150746, -22.88113802, 0.0 ] ] ] } },
{ "type": "Feature", "properties": { }, "geometry": { "type": "Polygon", "coordinates": [ [ [ -47.137625108999892, -22.882649706999899, 0.0 ], [ -47.138803047999893, -22.882849576, 0.0 ], [ -47.138899198999987, -22.882363056, 0.0 ], [ -47.137748552999909, -22.882167817, 0.0 ], [ -47.137625108999892, -22.882649706999899, 0.0 ] ] ] } },
{ "type": "Feature", "properties": { }, "geometry": { "type": "Polygon", "coordinates": [ [ [ -47.138803047999893, -22.882849576, 0.0 ], [ -47.137620399999903, -22.882648909, 0.0 ], [ -47.137409625, -22.883384301, 0.0 ], [ -47.13865559, -22.883595708, 0.0 ], [ -47.138803047999893, -22.882849576, 0.0 ] ] ] } },
{ "type": "Feature", "properties": { }, "geometry": { "type": "Polygon", "coordinates": [ [ [ -47.138108789999897, -22.886261391999899, 0.0 ], [ -47.138347955, -22.8851523239999, 0.0 ], [ -47.13865559, -22.883595708, 0.0 ], [ -47.137409625, -22.883384301, 0.0 ], [ -47.13710381300001, -22.884931622, 0.0 ], [ -47.136866636, -22.886031424999899, 0.0 ], [ -47.138108789999897, -22.886261391999899, 0.0 ] ] ] } },
{ "type": "Feature", "properties": { }, "geometry": { "type": "Polygon", "coordinates": [ [ [ -47.140219331, -22.881489008, 0.0 ], [ -47.140237843, -22.881128021999899, 0.0 ], [ -47.139178793, -22.880948326999899, 0.0 ], [ -47.13910916399989, -22.881300643, 0.0 ], [ -47.140219331, -22.881489008, 0.0 ] ] ] } },
{ "type": "Feature", "properties": { }, "geometry": { "type": "Polygon", "coordinates": [ [ [ -47.140191413, -22.882024516999898, 0.0 ], [ -47.140219331, -22.8814890089999, 0.0 ], [ -47.13910916399989, -22.881300643, 0.0 ], [ -47.139005859, -22.881823363, 0.0 ], [ -47.140191413, -22.882024516999898, 0.0 ] ] ] } },
{ "type": "Feature", "properties": { }, "geometry": { "type": "Polygon", "coordinates": [ [ [ -47.140220421, -22.882588751, 0.0 ], [ -47.140191413, -22.882024518, 0.0 ], [ -47.139005859, -22.881823363, 0.0 ], [ -47.138898907999902, -22.882364530999901, 0.0 ], [ -47.140220421, -22.882588751, 0.0 ] ] ] } },
{ "type": "Feature", "properties": { }, "geometry": { "type": "Polygon", "coordinates": [ [ [ -47.140239247999901, -22.882954035, 0.0 ], [ -47.140220421, -22.882588751, 0.0 ], [ -47.138898907999902, -22.882364530999901, 0.0 ], [ -47.138834243, -22.882691731, 0.0 ], [ -47.140239247999901, -22.882954035, 0.0 ] ] ] } },
{ "type": "Feature", "properties": { }, "geometry": { "type": "Polygon", "coordinates": [ [ [ -47.137769896, -22.889550706, 0.0 ], [ -47.137429380999897, -22.8897476779999, 0.0 ], [ -47.13733034900001, -22.890242202, 0.0 ], [ -47.137263484999899, -22.89068874, 0.0 ], [ -47.137495805999897, -22.890713574, 0.0 ], [ -47.137582543999898, -22.8902803309999, 0.0 ], [ -47.137769896, -22.889550706, 0.0 ] ] ] } },
{ "type": "Feature", "properties": { }, "geometry": { "type": "Polygon", "coordinates": [ [ [ -47.137182644999903, -22.891585195, 0.0 ], [ -47.137338312999908, -22.891593217, 0.0 ], [ -47.137495805999897, -22.8907135749999, 0.0 ], [ -47.137263484999899, -22.89068874, 0.0 ], [ -47.137182644999903, -22.891585195, 0.0 ] ] ] } },
{ "type": "Feature", "properties": { }, "geometry": { "type": "Polygon", "coordinates": [ [ [ -47.137338312999908, -22.891593217, 0.0 ], [ -47.137182644999903, -22.891585195, 0.0 ], [ -47.13717010499991, -22.891980525999902, 0.0 ], [ -47.137184879, -22.892494837999902, 0.0 ], [ -47.137340654999903, -22.892488859, 0.0 ], [ -47.137326044, -22.891981345, 0.0 ], [ -47.137338312999908, -22.891593217, 0.0 ] ] ] } },
{ "type": "Feature", "properties": { }, "geometry": { "type": "Polygon", "coordinates": [ [ [ -47.137573553, -22.89335599, 0.0 ], [ -47.137417413, -22.8928149219999, 0.0 ], [ -47.137340654999903, -22.892488859, 0.0 ], [ -47.137184879, -22.892494837999902, 0.0 ], [ -47.13720814899991, -22.892831435999899, 0.0 ], [ -47.137273717, -22.893390019, 0.0 ], [ -47.137573553, -22.89335599, 0.0 ] ] ] } },
{ "type": "Feature", "properties": { }, "geometry": { "type": "Polygon", "coordinates": [ [ [ -47.13745233, -22.894275360999899, 0.0 ], [ -47.137775311, -22.894206956999898, 0.0 ], [ -47.137688130999891, -22.893899419, 0.0 ], [ -47.137573553, -22.89335599, 0.0 ], [ -47.137273717, -22.893390019, 0.0 ], [ -47.137373231, -22.893954772, 0.0 ], [ -47.13745233, -22.894275360999899, 0.0 ] ] ] } },
{ "type": "Feature", "properties": { }, "geometry": { "type": "Polygon", "coordinates": [ [ [ -47.137775311, -22.894206956999898, 0.0 ], [ -47.13745233, -22.894275360999899, 0.0 ], [ -47.137668059, -22.895149714, 0.0 ], [ -47.138086036999901, -22.89506119, 0.0 ], [ -47.137775311, -22.894206956999898, 0.0 ] ] ] } },
{ "type": "Feature", "properties": { }, "geometry": { "type": "Polygon", "coordinates": [ [ [ -47.137885266, -22.896030057999901, 0.0 ], [ -47.138190337, -22.8959652099999, 0.0 ], [ -47.138086036999901, -22.895061192, 0.0 ], [ -47.137668059, -22.895149714, 0.0 ], [ -47.137885266, -22.896030057999901, 0.0 ] ] ] } },
{ "type": "Feature", "properties": { }, "geometry": { "type": "Polygon", "coordinates": [ [ [ -47.13825867, -22.8968732189999, 0.0 ], [ -47.138189252, -22.895965678, 0.0 ], [ -47.137885266, -22.896030057999901, 0.0 ], [ -47.138106974, -22.896906595999901, 0.0 ], [ -47.13825867, -22.8968732189999, 0.0 ] ] ] } },
{ "type": "Feature", "properties": { }, "geometry": { "type": "Polygon", "coordinates": [ [ [ -47.138333869, -22.897791740999899, 0.0 ], [ -47.138504527, -22.897754190999901, 0.0 ], [ -47.13825867, -22.8968732189999, 0.0 ], [ -47.138106974, -22.896906595999901, 0.0 ], [ -47.138333869, -22.897791740999899, 0.0 ] ] ] } },
{ "type": "Feature", "properties": { }, "geometry": { "type": "Polygon", "coordinates": [ [ [ -47.137011805, -22.8906618349999, 0.0 ], [ -47.137263484999899, -22.89068874, 0.0 ], [ -47.13733034900001, -22.890242202, 0.0 ], [ -47.137429380999897, -22.8897476779999, 0.0 ], [ -47.137014252, -22.889987811, 0.0 ], [ -47.137011805, -22.8906618349999, 0.0 ] ] ] } },
{ "type": "Feature", "properties": { }, "geometry": { "type": "Polygon", "coordinates": [ [ [ -47.137011805, -22.8906618349999, 0.0 ], [ -47.137026976999898, -22.891577174, 0.0 ], [ -47.137182644999903, -22.891585195, 0.0 ], [ -47.137263484999899, -22.89068874, 0.0 ], [ -47.137011805, -22.8906618349999, 0.0 ] ] ] } },
{ "type": "Feature", "properties": { }, "geometry": { "type": "Polygon", "coordinates": [ [ [ -47.137029102, -22.892500815999899, 0.0 ], [ -47.137184879, -22.892494837999902, 0.0 ], [ -47.13717010499991, -22.891980525999902, 0.0 ], [ -47.137182644999903, -22.891585195, 0.0 ], [ -47.137026976999898, -22.891577174, 0.0 ], [ -47.137014211999897, -22.891982635, 0.0 ], [ -47.137029102, -22.892500815999899, 0.0 ] ] ] } },
{ "type": "Feature", "properties": { }, "geometry": { "type": "Polygon", "coordinates": [ [ [ -47.137184879, -22.892494837999902, 0.0 ], [ -47.137029102, -22.892500815999899, 0.0 ], [ -47.137030974, -22.892839382, 0.0 ], [ -47.137061652999897, -22.893419641, 0.0 ], [ -47.137274439999899, -22.893395492, 0.0 ], [ -47.13720814899991, -22.892831435999899, 0.0 ], [ -47.137184879, -22.892494837999902, 0.0 ] ] ] } },
{ "type": "Feature", "properties": { }, "geometry": { "type": "Polygon", "coordinates": [ [ [ -47.137186345, -22.894331694, 0.0 ], [ -47.13745233, -22.894275360999899, 0.0 ], [ -47.137373231, -22.893954772, 0.0 ], [ -47.137274439999899, -22.893395492, 0.0 ], [ -47.137062430999897, -22.893424931, 0.0 ], [ -47.137125136, -22.893988441, 0.0 ], [ -47.137186345, -22.894331694, 0.0 ] ] ] } },
{ "type": "Feature", "properties": { }, "geometry": { "type": "Polygon", "coordinates": [ [ [ -47.137212083, -22.895246282999899, 0.0 ], [ -47.137668059, -22.895149714, 0.0 ], [ -47.13745233, -22.894275360999899, 0.0 ], [ -47.137186345, -22.894331694, 0.0 ], [ -47.137212083, -22.895246282999899, 0.0 ] ] ] } },
{ "type": "Feature", "properties": { }, "geometry": { "type": "Polygon", "coordinates": [ [ [ -47.137524278999898, -22.8961065089999, 0.0 ], [ -47.137885266, -22.896030057999901, 0.0 ], [ -47.137668059, -22.895149714, 0.0 ], [ -47.137212082, -22.895246283999899, 0.0 ], [ -47.137524278999898, -22.8961065089999, 0.0 ] ] ] } },
{ "type": "Feature", "properties": { }, "geometry": { "type": "Polygon", "coordinates": [ [ [ -47.137936316, -22.896944145, 0.0 ], [ -47.138106974, -22.896906595999901, 0.0 ], [ -47.137885266, -22.896030057999901, 0.0 ], [ -47.137524282, -22.8961065089999, 0.0 ], [ -47.137936316, -22.896944145, 0.0 ] ] ] } },
{ "type": "Feature", "properties": { }, "geometry": { "type": "Polygon", "coordinates": [ [ [ -47.13816321, -22.897829289999901, 0.0 ], [ -47.138333869, -22.897791740999899, 0.0 ], [ -47.138106974, -22.896906595999901, 0.0 ], [ -47.137936317, -22.8969441459999, 0.0 ], [ -47.13816321, -22.897829289999901, 0.0 ] ] ] } },
{ "type": "Feature", "properties": { }, "geometry": { "type": "Polygon", "coordinates": [ [ [ -47.13649751, -22.887142081, 0.0 ], [ -47.137807279999898, -22.886715594999899, 0.0 ], [ -47.136722969999902, -22.88651963, 0.0 ], [ -47.136534658, -22.887077779, 0.0 ], [ -47.13649751, -22.887142081, 0.0 ] ] ] } },
{ "type": "Feature", "properties": { }, "geometry": { "type": "Polygon", "coordinates": [ [ [ -47.137807279999898, -22.886715594999899, 0.0 ], [ -47.13803467, -22.886641561, 0.0 ], [ -47.138108789999897, -22.886261391999899, 0.0 ], [ -47.136866636, -22.886031424999899, 0.0 ], [ -47.136722969999902, -22.88651963, 0.0 ], [ -47.137807279999898, -22.886715594999899, 0.0 ] ] ] } },
{ "type": "Feature", "properties": { }, "geometry": { "type": "Polygon", "coordinates": [ [ [ -47.139589527999902, -22.886134451, 0.0 ], [ -47.142115573, -22.885632692999899, 0.0 ], [ -47.141229396, -22.884994968999901, 0.0 ], [ -47.140534709999898, -22.883941213999901, 0.0 ], [ -47.13865559, -22.883595708, 0.0 ], [ -47.13803467, -22.886641561, 0.0 ], [ -47.139589527999902, -22.886134451, 0.0 ] ] ] } },
{ "type": "Feature", "properties": { }, "geometry": { "type": "Polygon", "coordinates": [ [ [ -47.136643563999897, -22.887094478999899, 0.0 ], [ -47.137919149000012, -22.887289671999898, 0.0 ], [ -47.1380147899999, -22.8867530979999, 0.0 ], [ -47.137807279999898, -22.886715594999899, 0.0 ], [ -47.136643563999897, -22.887094478999899, 0.0 ] ] ] } },
{ "type": "Feature", "properties": { }, "geometry": { "type": "Polygon", "coordinates": [ [ [ -47.137807279999898, -22.886715594999899, 0.0 ], [ -47.1380147899999, -22.8867530979999, 0.0 ], [ -47.13803467, -22.886641561, 0.0 ], [ -47.137807279999898, -22.886715594999899, 0.0 ] ] ] } },
{ "type": "Feature", "properties": { }, "geometry": { "type": "Polygon", "coordinates": [ [ [ -47.141618193999911, -22.886888564, 0.0 ], [ -47.141681284, -22.887153027, 0.0 ], [ -47.144112674, -22.886538546999901, 0.0 ], [ -47.144078873999902, -22.886396722, 0.0 ], [ -47.141618193999911, -22.886888564, 0.0 ] ] ] } },
{ "type": "Feature", "properties": { }, "geometry": { "type": "Polygon", "coordinates": [ [ [ -47.137314849999903, -22.888706838999902, 0.0 ], [ -47.13726351, -22.888630104999901, 0.0 ], [ -47.134520852, -22.8901974179999, 0.0 ], [ -47.135093317, -22.891089432999902, 0.0 ], [ -47.137429380999897, -22.8897476779999, 0.0 ], [ -47.137484699, -22.889492469, 0.0 ], [ -47.137314849999903, -22.888706838999902, 0.0 ] ] ] } },
{ "type": "Feature", "properties": { }, "geometry": { "type": "Polygon", "coordinates": [ [ [ -47.137704979, -22.888376698999899, 0.0 ], [ -47.13764035899991, -22.888704012999899, 0.0 ], [ -47.13797897900001, -22.889425205999899, 0.0 ], [ -47.13951944, -22.888552838, 0.0 ], [ -47.139887132999903, -22.888389419, 0.0 ], [ -47.140300486, -22.888252436, 0.0 ], [ -47.141681284, -22.887153027, 0.0 ], [ -47.141618193999911, -22.886888564, 0.0 ], [ -47.140340038, -22.887151472, 0.0 ], [ -47.139976810999897, -22.8872543109999, 0.0 ], [ -47.139552427999902, -22.887403363, 0.0 ], [ -47.139125877999987, -22.887578721999901, 0.0 ], [ -47.138798386, -22.887740801, 0.0 ], [ -47.137704979, -22.888376698999899, 0.0 ] ] ] } },
{ "type": "Feature", "properties": { }, "geometry": { "type": "Polygon", "coordinates": [ [ [ -47.140427909, -22.886823849999899, 0.0 ], [ -47.140506218, -22.88711281, 0.0 ], [ -47.142364901999898, -22.886737127999901, 0.0 ], [ -47.142297821999897, -22.886445753, 0.0 ], [ -47.140427909, -22.886823849999899, 0.0 ] ] ] } },
{ "type": "Feature", "properties": { }, "geometry": { "type": "Polygon", "coordinates": [ [ [ -47.136361415, -22.88737428, 0.0 ], [ -47.136256756, -22.887668246, 0.0 ], [ -47.135983107999898, -22.888217589, 0.0 ], [ -47.133988438, -22.889363924, 0.0 ], [ -47.134520852, -22.8901974179999, 0.0 ], [ -47.137704979, -22.888376698999899, 0.0 ], [ -47.137919149000012, -22.887289671999898, 0.0 ], [ -47.136643563999897, -22.887094478999899, 0.0 ], [ -47.13649751, -22.887142081, 0.0 ], [ -47.136361415, -22.88737428, 0.0 ] ] ] } },
{ "type": "Feature", "properties": { }, "geometry": { "type": "Polygon", "coordinates": [ [ [ -47.137704979, -22.888376698999899, 0.0 ], [ -47.138798386, -22.887740801, 0.0 ], [ -47.139323098, -22.887494842, 0.0 ], [ -47.139976810999897, -22.8872543109999, 0.0 ], [ -47.140506218, -22.88711281, 0.0 ], [ -47.140427909, -22.886823849999899, 0.0 ], [ -47.140127882999899, -22.886872825, 0.0 ], [ -47.139888943, -22.886937831, 0.0 ], [ -47.139438337999898, -22.887095937999899, 0.0 ], [ -47.138944255, -22.887311358, 0.0 ], [ -47.138368152999902, -22.887625595, 0.0 ], [ -47.138512380999899, -22.886486003, 0.0 ], [ -47.13803467, -22.886641561, 0.0 ], [ -47.137704979, -22.888376698999899, 0.0 ] ] ] } },
{ "type": "Feature", "properties": { }, "geometry": { "type": "Polygon", "coordinates": [ [ [ -47.137484699, -22.889492469, 0.0 ], [ -47.13764035899991, -22.888704012999899, 0.0 ], [ -47.137532984, -22.888475325999899, 0.0 ], [ -47.13726351, -22.888630104999901, 0.0 ], [ -47.137314849999903, -22.888706838999902, 0.0 ], [ -47.137484699, -22.889492469, 0.0 ] ] ] } },
{ "type": "Feature", "properties": { }, "geometry": { "type": "Polygon", "coordinates": [ [ [ -47.13764035899991, -22.888704012999899, 0.0 ], [ -47.137704979, -22.888376698999899, 0.0 ], [ -47.137532984, -22.888475325999899, 0.0 ], [ -47.13764035899991, -22.888704012999899, 0.0 ] ] ] } },
{ "type": "Feature", "properties": { }, "geometry": { "type": "Polygon", "coordinates": [ [ [ -47.141800955999898, -22.886085649999899, 0.0 ], [ -47.141547134999897, -22.8859525139999, 0.0 ], [ -47.141302396999897, -22.885795913, 0.0 ], [ -47.141154266999912, -22.885825193999899, 0.0 ], [ -47.141492738, -22.886058362, 0.0 ], [ -47.142297821999897, -22.886445753, 0.0 ], [ -47.142364901999898, -22.886737127999901, 0.0 ], [ -47.14444682700001, -22.886322918, 0.0 ], [ -47.144436883, -22.886279583, 0.0 ], [ -47.14397908, -22.886367288, 0.0 ], [ -47.143657397999988, -22.886408096, 0.0 ], [ -47.1433334009999, -22.886421167, 0.0 ], [ -47.143009477, -22.886406404999899, 0.0 ], [ -47.142688011999986, -22.886363919, 0.0 ], [ -47.142393133, -22.88630018, 0.0 ], [ -47.142119040999901, -22.886216369, 0.0 ], [ -47.141800955999898, -22.886085649999899, 0.0 ] ] ] } },
{ "type": "Feature", "properties": { }, "geometry": { "type": "Polygon", "coordinates": [ [ [ -47.137429380999897, -22.8897476779999, 0.0 ], [ -47.13797897900001, -22.889425205999899, 0.0 ], [ -47.13764035899991, -22.888704012999899, 0.0 ], [ -47.137429380999897, -22.8897476779999, 0.0 ] ] ] } },
{ "type": "Feature", "properties": { }, "geometry": { "type": "Polygon", "coordinates": [ [ [ -47.144154813999897, -22.886333274, 0.0 ], [ -47.144436883, -22.886279583, 0.0 ], [ -47.144426564, -22.88623461, 0.0 ], [ -47.144144394, -22.886290103, 0.0 ], [ -47.144154813999897, -22.886333274, 0.0 ] ] ] } },
{ "type": "Feature", "properties": { }, "geometry": { "type": "Polygon", "coordinates": [ [ [ -47.141853022, -22.8861096709999, 0.0 ], [ -47.142119040999901, -22.886216369, 0.0 ], [ -47.142393133, -22.88630018, 0.0 ], [ -47.142688011999986, -22.886363919, 0.0 ], [ -47.143009477, -22.886406404999899, 0.0 ], [ -47.143268534, -22.886420440999899, 0.0 ], [ -47.143592707, -22.886412935, 0.0 ], [ -47.143850837, -22.886386925, 0.0 ], [ -47.144154813999897, -22.886333274, 0.0 ], [ -47.144103539, -22.886209595, 0.0 ], [ -47.143434844, -22.886275082999902, 0.0 ], [ -47.142959006999909, -22.886254655999899, 0.0 ], [ -47.142682637, -22.886211398, 0.0 ], [ -47.142474759, -22.886158527, 0.0 ], [ -47.14209144599991, -22.886028752999898, 0.0 ], [ -47.141676192, -22.885824693999901, 0.0 ], [ -47.141550868, -22.885746797, 0.0 ], [ -47.141302396999897, -22.885795913, 0.0 ], [ -47.141547134999897, -22.8859525139999, 0.0 ], [ -47.141853022, -22.8861096709999, 0.0 ] ] ] } },
{ "type": "Feature", "properties": { }, "geometry": { "type": "Polygon", "coordinates": [ [ [ -47.144230503, -22.8867988269999, 0.0 ], [ -47.144147257, -22.886382995, 0.0 ], [ -47.144078873999902, -22.886396722, 0.0 ], [ -47.144179891, -22.8868158229999, 0.0 ], [ -47.144230503, -22.8867988269999, 0.0 ] ] ] } },
{ "type": "Feature", "properties": { }, "geometry": { "type": "Polygon", "coordinates": [ [ [ -47.144147257, -22.886382995, 0.0 ], [ -47.144176264, -22.886523496999899, 0.0 ], [ -47.144477222, -22.88645538, 0.0 ], [ -47.14444682700001, -22.886322918, 0.0 ], [ -47.144147257, -22.886382995, 0.0 ] ] ] } },
{ "type": "Feature", "properties": { }, "geometry": { "type": "Polygon", "coordinates": [ [ [ -47.146819961999903, -22.885850659, 0.0 ], [ -47.146847776999898, -22.885969616999901, 0.0 ], [ -47.1469347029999, -22.886012638, 0.0 ], [ -47.146894851999903, -22.885836136, 0.0 ], [ -47.146819961999903, -22.885850659, 0.0 ] ] ] } },
{ "type": "Feature", "properties": { }, "geometry": { "type": "Polygon", "coordinates": [ [ [ -47.147099849, -22.885796400999901, 0.0 ], [ -47.146894851999903, -22.885836136, 0.0 ], [ -47.1469347029999, -22.886012638, 0.0 ], [ -47.147136479, -22.885973527, 0.0 ], [ -47.147099849, -22.885796400999901, 0.0 ] ] ] } },
{ "type": "Feature", "properties": { }, "geometry": { "type": "Polygon", "coordinates": [ [ [ -47.14680874, -22.8855756409999, 0.0 ], [ -47.146767629, -22.88550387, 0.0 ], [ -47.14662602, -22.885578767, 0.0 ], [ -47.146653681, -22.88564144, 0.0 ], [ -47.14680874, -22.8855756409999, 0.0 ] ] ] } },
{ "type": "Feature", "properties": { }, "geometry": { "type": "Polygon", "coordinates": [ [ [ -47.146944656999914, -22.885407727999901, 0.0 ], [ -47.146767629, -22.88550387, 0.0 ], [ -47.14680874, -22.8855756409999, 0.0 ], [ -47.146990666, -22.885486178, 0.0 ], [ -47.146944656999914, -22.885407727999901, 0.0 ] ] ] } },
{ "type": "Feature", "properties": { }, "geometry": { "type": "Polygon", "coordinates": [ [ [ -47.14662602, -22.885578767, 0.0 ], [ -47.145936527999908, -22.885814216, 0.0 ], [ -47.144426564, -22.88623461, 0.0 ], [ -47.144436883, -22.886279583, 0.0 ], [ -47.146235428999908, -22.885787181999898, 0.0 ], [ -47.146653681, -22.88564144, 0.0 ], [ -47.14662602, -22.885578767, 0.0 ] ] ] } },
{ "type": "Feature", "properties": { }, "geometry": { "type": "Polygon", "coordinates": [ [ [ -47.146847776999898, -22.885969616999901, 0.0 ], [ -47.146819961999903, -22.885850659, 0.0 ], [ -47.146684766, -22.885877798, 0.0 ], [ -47.146699827, -22.8859422099999, 0.0 ], [ -47.146847776999898, -22.885969616999901, 0.0 ] ] ] } },
{ "type": "Feature", "properties": { }, "geometry": { "type": "Polygon", "coordinates": [ [ [ -47.14444682700001, -22.886322918, 0.0 ], [ -47.144477222, -22.88645538, 0.0 ], [ -47.146699827, -22.8859422099999, 0.0 ], [ -47.146684766, -22.885877798, 0.0 ], [ -47.14444682700001, -22.886322918, 0.0 ] ] ] } },
{ "type": "Feature", "properties": { }, "geometry": { "type": "Polygon", "coordinates": [ [ [ -47.147062981, -22.885618499, 0.0 ], [ -47.147025969999987, -22.885620523999901, 0.0 ], [ -47.14706022099989, -22.885604776, 0.0 ], [ -47.146990666, -22.885486178, 0.0 ], [ -47.1467463, -22.885606346, 0.0 ], [ -47.146235428999908, -22.885787181999898, 0.0 ], [ -47.144436883, -22.886279583, 0.0 ], [ -47.14444682700001, -22.886322918, 0.0 ], [ -47.147099849, -22.885796400999901, 0.0 ], [ -47.147062981, -22.885618499, 0.0 ] ] ] } },
{ "type": "Feature", "properties": { }, "geometry": { "type": "Polygon", "coordinates": [ [ [ -47.148949428, -22.883550265999901, 0.0 ], [ -47.148874341999907, -22.883508290999899, 0.0 ], [ -47.148367429, -22.884263892, 0.0 ], [ -47.1480778929999, -22.884634628999901, 0.0 ], [ -47.14793832999991, -22.884783539999901, 0.0 ], [ -47.148000979999907, -22.884840395, 0.0 ], [ -47.148147947, -22.884683505999899, 0.0 ], [ -47.148439004999886, -22.884310836999902, 0.0 ], [ -47.148949428, -22.883550265999901, 0.0 ] ] ] } },
{ "type": "Feature", "properties": { }, "geometry": { "type": "Polygon", "coordinates": [ [ [ -47.148874341999907, -22.883508290999899, 0.0 ], [ -47.148949428, -22.883550264999901, 0.0 ], [ -47.152196894, -22.878497928999899, 0.0 ], [ -47.152121294, -22.878456759999899, 0.0 ], [ -47.148874341999907, -22.883508290999899, 0.0 ] ] ] } },
{ "type": "Feature", "properties": { }, "geometry": { "type": "Polygon", "coordinates": [ [ [ -47.14706022099989, -22.885604776, 0.0 ], [ -47.147431432, -22.885362723999901, 0.0 ], [ -47.147754496999902, -22.8850969229999, 0.0 ], [ -47.148000979999907, -22.884840395, 0.0 ], [ -47.14793832999991, -22.884783539999901, 0.0 ], [ -47.14767374, -22.885033844, 0.0 ], [ -47.147351608, -22.88527327, 0.0 ], [ -47.146990666, -22.885486178, 0.0 ], [ -47.14706022099989, -22.885604776, 0.0 ] ] ] } },
{ "type": "Feature", "properties": { }, "geometry": { "type": "Polygon", "coordinates": [ [ [ -47.147833913999897, -22.884688782, 0.0 ], [ -47.14793832999991, -22.884783539999901, 0.0 ], [ -47.1480778929999, -22.884634628999901, 0.0 ], [ -47.148367429, -22.884263892, 0.0 ], [ -47.148874341999907, -22.883508290999899, 0.0 ], [ -47.148749199, -22.883438333999901, 0.0 ], [ -47.14824568599991, -22.884188857, 0.0 ], [ -47.147963552, -22.884550196, 0.0 ], [ -47.147833913999897, -22.884688782, 0.0 ] ] ] } },
{ "type": "Feature", "properties": { }, "geometry": { "type": "Polygon", "coordinates": [ [ [ -47.148874341999907, -22.883508290999899, 0.0 ], [ -47.150803605, -22.880518616, 0.0 ], [ -47.152121294, -22.878456759999899, 0.0 ], [ -47.151995293, -22.878388143999899, 0.0 ], [ -47.148749199, -22.883438333999901, 0.0 ], [ -47.148874341999907, -22.883508290999899, 0.0 ] ] ] } },
{ "type": "Feature", "properties": { }, "geometry": { "type": "Polygon", "coordinates": [ [ [ -47.146990666, -22.885486178, 0.0 ], [ -47.147351608, -22.88527327, 0.0 ], [ -47.14767374, -22.885033844, 0.0 ], [ -47.14793832999991, -22.884783539999901, 0.0 ], [ -47.147833913999897, -22.884688782, 0.0 ], [ -47.147539084, -22.884982078, 0.0 ], [ -47.1472816899999, -22.885190033, 0.0 ], [ -47.146944656999914, -22.885407727999901, 0.0 ], [ -47.146990666, -22.885486178, 0.0 ] ] ] } },
{ "type": "Feature", "properties": { }, "geometry": { "type": "Polygon", "coordinates": [ [ [ -46.874387266, -23.192062129999901, 0.0 ], [ -46.874195785, -23.191976989999901, 0.0 ], [ -46.871914765, -23.193645358, 0.0 ], [ -46.87289701799989, -23.19423305, 0.0 ], [ -46.874387266, -23.192062129999901, 0.0 ] ] ] } },
{ "type": "Feature", "properties": { }, "geometry": { "type": "Polygon", "coordinates": [ [ [ -46.872622618, -23.1946249639999, 0.0 ], [ -46.87289701799989, -23.19423305, 0.0 ], [ -46.871914765, -23.193645359, 0.0 ], [ -46.871640361999901, -23.1940372729999, 0.0 ], [ -46.872622618, -23.1946249639999, 0.0 ] ] ] } },
{ "type": "Feature", "properties": { }, "geometry": { "type": "Polygon", "coordinates": [ [ [ -46.874387266, -23.192062129999901, 0.0 ], [ -46.875030186999901, -23.1911860619999, 0.0 ], [ -46.874875378, -23.191087959999901, 0.0 ], [ -46.874195785, -23.191976989999901, 0.0 ], [ -46.874387266, -23.192062129999901, 0.0 ] ] ] } },
{ "type": "Feature", "properties": { }, "geometry": { "type": "Polygon", "coordinates": [ [ [ -46.875575979, -23.190420871999901, 0.0 ], [ -46.8754489519999, -23.190345184, 0.0 ], [ -46.874875378, -23.191087959999901, 0.0 ], [ -46.875030186999901, -23.1911860619999, 0.0 ], [ -46.875575979, -23.190420871999901, 0.0 ] ] ] } },
{ "type": "Feature", "properties": { }, "geometry": { "type": "Polygon", "coordinates": [ [ [ -46.876180141, -23.18929552, 0.0 ], [ -46.875680963, -23.190011098, 0.0 ], [ -46.8754489519999, -23.190345184, 0.0 ], [ -46.875575979, -23.190420871999901, 0.0 ], [ -46.876309294, -23.189372316999901, 0.0 ], [ -46.876180141, -23.18929552, 0.0 ] ] ] } },
{ "type": "Feature", "properties": { }, "geometry": { "type": "Polygon", "coordinates": [ [ [ -46.877043774, -23.188322153999898, 0.0 ], [ -46.876913036, -23.188243476, 0.0 ], [ -46.876180141, -23.189295518999899, 0.0 ], [ -46.876309294, -23.189372316999901, 0.0 ], [ -46.877043774, -23.188322153999898, 0.0 ] ] ] } },
{ "type": "Feature", "properties": { }, "geometry": { "type": "Polygon", "coordinates": [ [ [ -46.876913036, -23.188243476, 0.0 ], [ -46.877043774, -23.188322153999898, 0.0 ], [ -46.877849056999906, -23.1871694609999, 0.0 ], [ -46.877693699, -23.187076182999899, 0.0 ], [ -46.876913036, -23.188243476, 0.0 ] ] ] } },
{ "type": "Feature", "properties": { }, "geometry": { "type": "Polygon", "coordinates": [ [ [ -46.877841474, -23.1868592229999, 0.0 ], [ -46.8776937, -23.187076182999899, 0.0 ], [ -46.877849056999906, -23.1871694609999, 0.0 ], [ -46.878000099, -23.1869544689999, 0.0 ], [ -46.877841474, -23.1868592229999, 0.0 ] ] ] } },
{ "type": "Feature", "properties": { }, "geometry": { "type": "Polygon", "coordinates": [ [ [ -46.878001707999907, -23.186621230999901, 0.0 ], [ -46.877841474, -23.1868592229999, 0.0 ], [ -46.878000099, -23.1869544689999, 0.0 ], [ -46.878165238999898, -23.1867194229999, 0.0 ], [ -46.878001707999907, -23.186621230999901, 0.0 ] ] ] } },
{ "type": "Feature", "properties": { }, "geometry": { "type": "Polygon", "coordinates": [ [ [ -46.878001707999907, -23.186621230999901, 0.0 ], [ -46.878165238999898, -23.1867194229999, 0.0 ], [ -46.878434066, -23.186338998999901, 0.0 ], [ -46.878246327999904, -23.186230644, 0.0 ], [ -46.878001707999907, -23.186621230999901, 0.0 ] ] ] } },
{ "type": "Feature", "properties": { }, "geometry": { "type": "Polygon", "coordinates": [ [ [ -46.878477443, -23.185814431, 0.0 ], [ -46.878246327999904, -23.186230644, 0.0 ], [ -46.878434066, -23.186338998999901, 0.0 ], [ -46.878698745999891, -23.185928724, 0.0 ], [ -46.878477443, -23.185814431, 0.0 ] ] ] } },
{ "type": "Feature", "properties": { }, "geometry": { "type": "Polygon", "coordinates": [ [ [ -46.878477443, -23.185814431, 0.0 ], [ -46.878698745999891, -23.185928724, 0.0 ], [ -46.878738895, -23.185862286, 0.0 ], [ -46.878423962999904, -23.185699638, 0.0 ], [ -46.878477443, -23.185814431, 0.0 ] ] ] } },
{ "type": "Feature", "properties": { }, "geometry": { "type": "Polygon", "coordinates": [ [ [ -46.878986811999887, -23.185422855999899, 0.0 ], [ -46.878625094, -23.185265550999901, 0.0 ], [ -46.878423962999904, -23.185699638, 0.0 ], [ -46.878738895, -23.185862286, 0.0 ], [ -46.878986811999887, -23.185422855999899, 0.0 ] ] ] } },
{ "type": "Feature", "properties": { }, "geometry": { "type": "Polygon", "coordinates": [ [ [ -46.8850644669999, -23.178615045, 0.0 ], [ -46.883859395999899, -23.179091156, 0.0 ], [ -46.88308015, -23.1793927639999, 0.0 ], [ -46.883373134, -23.179829325999901, 0.0 ], [ -46.885185376, -23.178789636, 0.0 ], [ -46.8850644669999, -23.178615045, 0.0 ] ] ] } },
{ "type": "Feature", "properties": { }, "geometry": { "type": "Polygon", "coordinates": [ [ [ -46.886090312, -23.178126726, 0.0 ], [ -46.886162795999986, -23.17823365, 0.0 ], [ -46.886865078, -23.177825362, 0.0 ], [ -46.886792299, -23.177718609, 0.0 ], [ -46.886090312, -23.178126726, 0.0 ] ] ] } },
{ "type": "Feature", "properties": { }, "geometry": { "type": "Polygon", "coordinates": [ [ [ -46.889074195, -23.176392925, 0.0 ], [ -46.887451445, -23.17728231, 0.0 ], [ -46.88675591, -23.177665232, 0.0 ], [ -46.886865078, -23.177825362, 0.0 ], [ -46.88914409800001, -23.176496024999899, 0.0 ], [ -46.889074195, -23.176392925, 0.0 ] ] ] } },
{ "type": "Feature", "properties": { }, "geometry": { "type": "Polygon", "coordinates": [ [ [ -46.890911791, -23.175266550999901, 0.0 ], [ -46.890359219999887, -23.175551643999899, 0.0 ], [ -46.88901464700001, -23.176305097999901, 0.0 ], [ -46.88914409800001, -23.176496024999899, 0.0 ], [ -46.8904962249999, -23.175715658, 0.0 ], [ -46.891014062, -23.175440853999891, 0.0 ], [ -46.890911791, -23.175266550999901, 0.0 ] ] ] } },
{ "type": "Feature", "properties": { }, "geometry": { "type": "Polygon", "coordinates": [ [ [ -46.891571507, -23.174913014, 0.0 ], [ -46.890911791, -23.175266550999901, 0.0 ], [ -46.891014062, -23.175440853999891, 0.0 ], [ -46.89168422800001, -23.175142870999899, 0.0 ], [ -46.891571507, -23.174913014, 0.0 ] ] ] } },
{ "type": "Feature", "properties": { }, "geometry": { "type": "Polygon", "coordinates": [ [ [ -46.89234685400001, -23.174896308, 0.0 ], [ -46.892230414, -23.174599771, 0.0 ], [ -46.891571508000013, -23.174913013, 0.0 ], [ -46.89168422800001, -23.175142870999899, 0.0 ], [ -46.89234685400001, -23.174896308, 0.0 ] ] ] } },
{ "type": "Feature", "properties": { }, "geometry": { "type": "Polygon", "coordinates": [ [ [ -46.897959279000013, -23.1721653439999, 0.0 ], [ -46.897727324, -23.172032376999901, 0.0 ], [ -46.897516673, -23.172329469, 0.0 ], [ -46.897216237999913, -23.172683677999899, 0.0 ], [ -46.896994717, -23.172899943999901, 0.0 ], [ -46.896694493, -23.173137650999902, 0.0 ], [ -46.896444561999907, -23.173298071, 0.0 ], [ -46.896064458999902, -23.173496405, 0.0 ], [ -46.895656292999902, -23.173651188999902, 0.0 ], [ -46.895074973, -23.173824059, 0.0 ], [ -46.895157379999887, -23.1740646639999, 0.0 ], [ -46.895745707, -23.173889667, 0.0 ], [ -46.896182929, -23.173723851, 0.0 ], [ -46.896592343, -23.173510346999901, 0.0 ], [ -46.896859704, -23.173338691, 0.0 ], [ -46.897183239, -23.173082499, 0.0 ], [ -46.897423355999891, -23.1728480969999, 0.0 ], [ -46.897739051, -23.172475886, 0.0 ], [ -46.897959279000013, -23.1721653439999, 0.0 ] ] ] } },
{ "type": "Feature", "properties": { }, "geometry": { "type": "Polygon", "coordinates": [ [ [ -46.898501166, -23.170510173, 0.0 ], [ -46.898456024, -23.171036705999899, 0.0 ], [ -46.898681861999897, -23.17117847, 0.0 ], [ -46.898960576, -23.170799213999899, 0.0 ], [ -46.898501166, -23.170510173, 0.0 ] ] ] } },
{ "type": "Feature", "properties": { }, "geometry": { "type": "Polygon", "coordinates": [ [ [ -46.899047435999897, -23.1695912509999, 0.0 ], [ -46.898947634, -23.169719708999899, 0.0 ], [ -46.898765667, -23.170007945, 0.0 ], [ -46.898501166, -23.170510173, 0.0 ], [ -46.898960576, -23.170799213999899, 0.0 ], [ -46.89959585, -23.169935590999899, 0.0 ], [ -46.899047435999897, -23.1695912509999, 0.0 ] ] ] } },
{ "type": "Feature", "properties": { }, "geometry": { "type": "Polygon", "coordinates": [ [ [ -46.899047434, -23.169591248, 0.0 ], [ -46.89959585, -23.169935590999899, 0.0 ], [ -46.900095944, -23.169255042, 0.0 ], [ -46.899700513, -23.169007251, 0.0 ], [ -46.899047434, -23.169591248, 0.0 ] ] ] } },
{ "type": "Feature", "properties": { }, "geometry": { "type": "Polygon", "coordinates": [ [ [ -46.900138795, -23.168747887999899, 0.0 ], [ -46.899969085, -23.168847406999902, 0.0 ], [ -46.8997005149999, -23.1690072499999, 0.0 ], [ -46.900095944, -23.169255042, 0.0 ], [ -46.900364178, -23.168890265999899, 0.0 ], [ -46.900138795, -23.168747887999899, 0.0 ] ] ] } },
{ "type": "Feature", "properties": { }, "geometry": { "type": "Polygon", "coordinates": [ [ [ -46.900364178, -23.168890265999899, 0.0 ], [ -46.900790269, -23.1683133179999, 0.0 ], [ -46.900564820999897, -23.1681710289999, 0.0 ], [ -46.900138795, -23.168747887999899, 0.0 ], [ -46.900364178, -23.168890265999899, 0.0 ] ] ] } },
{ "type": "Feature", "properties": { }, "geometry": { "type": "Polygon", "coordinates": [ [ [ -46.900535331, -23.1677793059999, 0.0 ], [ -46.900274959999898, -23.167988087, 0.0 ], [ -46.900790269, -23.1683133179999, 0.0 ], [ -46.900978175, -23.1680588, 0.0 ], [ -46.900535331, -23.1677793059999, 0.0 ] ] ] } },
{ "type": "Feature", "properties": { }, "geometry": { "type": "Polygon", "coordinates": [ [ [ -46.900619309, -23.16755374, 0.0 ], [ -46.900535331, -23.167779305, 0.0 ], [ -46.900978175, -23.1680588, 0.0 ], [ -46.901118337, -23.167869047, 0.0 ], [ -46.900619309, -23.16755374, 0.0 ] ] ] } },
{ "type": "Feature", "properties": { }, "geometry": { "type": "Polygon", "coordinates": [ [ [ -46.90061931, -23.16755374, 0.0 ], [ -46.901118337, -23.167869047, 0.0 ], [ -46.901231842999913, -23.167715475, 0.0 ], [ -46.900789158, -23.167435767, 0.0 ], [ -46.90061931, -23.16755374, 0.0 ] ] ] } },
{ "type": "Feature", "properties": { }, "geometry": { "type": "Polygon", "coordinates": [ [ [ -46.901333286, -23.167576174, 0.0 ], [ -46.900910183, -23.167318007999899, 0.0 ], [ -46.900789158, -23.167435766, 0.0 ], [ -46.901231842999913, -23.167715475, 0.0 ], [ -46.901333286, -23.167576174, 0.0 ] ] ] } },
{ "type": "Feature", "properties": { }, "geometry": { "type": "Polygon", "coordinates": [ [ [ -46.901110129999907, -23.1670331249999, 0.0 ], [ -46.900910183, -23.167318007999899, 0.0 ], [ -46.901333286, -23.167576174, 0.0 ], [ -46.901541503, -23.167261687, 0.0 ], [ -46.901110129999907, -23.1670331249999, 0.0 ] ] ] } },
{ "type": "Feature", "properties": { }, "geometry": { "type": "Polygon", "coordinates": [ [ [ -46.901425715999899, -23.166435951, 0.0 ], [ -46.901263293999897, -23.166765386999899, 0.0 ], [ -46.901110129999907, -23.1670331249999, 0.0 ], [ -46.901541503, -23.167261687, 0.0 ], [ -46.901710416, -23.166970985, 0.0 ], [ -46.901888904, -23.166615038, 0.0 ], [ -46.901425715999899, -23.166435951, 0.0 ] ] ] } },
{ "type": "Feature", "properties": { }, "geometry": { "type": "Polygon", "coordinates": [ [ [ -46.901601840999902, -23.166115633999901, 0.0 ], [ -46.901425715999899, -23.166435951, 0.0 ], [ -46.901888904, -23.166615038, 0.0 ], [ -46.902036732999903, -23.166275329, 0.0 ], [ -46.901601840999902, -23.166115633999901, 0.0 ] ] ] } },
{ "type": "Feature", "properties": { }, "geometry": { "type": "Polygon", "coordinates": [ [ [ -46.90177438099991, -23.165788071999899, 0.0 ], [ -46.901601841999899, -23.166115632999901, 0.0 ], [ -46.902036732999903, -23.166275329, 0.0 ], [ -46.902181603, -23.165938917999899, 0.0 ], [ -46.90177438099991, -23.165788071999899, 0.0 ] ] ] } },
{ "type": "Feature", "properties": { }, "geometry": { "type": "Polygon", "coordinates": [ [ [ -46.901949058, -23.165457650999901, 0.0 ], [ -46.90177438099991, -23.165788071, 0.0 ], [ -46.902181603, -23.165938917999899, 0.0 ], [ -46.902329130999902, -23.165598440999901, 0.0 ], [ -46.901949058, -23.165457650999901, 0.0 ] ] ] } },
{ "type": "Feature", "properties": { }, "geometry": { "type": "Polygon", "coordinates": [ [ [ -46.902120135, -23.165135539999898, 0.0 ], [ -46.901949059, -23.165457650999901, 0.0 ], [ -46.902329130999902, -23.165598440999901, 0.0 ], [ -46.902473058999902, -23.165266272999901, 0.0 ], [ -46.902120135, -23.165135539999898, 0.0 ] ] ] } },
{ "type": "Feature", "properties": { }, "geometry": { "type": "Polygon", "coordinates": [ [ [ -46.902120135, -23.165135539, 0.0 ], [ -46.902473058999902, -23.165266272999901, 0.0 ], [ -46.902620773, -23.164925367, 0.0 ], [ -46.902281424, -23.164799661, 0.0 ], [ -46.902120135, -23.165135539, 0.0 ] ] ] } },
{ "type": "Feature", "properties": { }, "geometry": { "type": "Polygon", "coordinates": [ [ [ -46.902680196999903, -23.164788222, 0.0 ], [ -46.902356671999897, -23.164617056999901, 0.0 ], [ -46.902281424, -23.164799661, 0.0 ], [ -46.902620773, -23.164925367, 0.0 ], [ -46.902680196999903, -23.164788222, 0.0 ] ] ] } },
{ "type": "Feature", "properties": { }, "geometry": { "type": "Polygon", "coordinates": [ [ [ -46.902356671999897, -23.164617056999901, 0.0 ], [ -46.902680196999903, -23.164788222, 0.0 ], [ -46.903156038, -23.163664660999899, 0.0 ], [ -46.902738670999987, -23.163513032, 0.0 ], [ -46.902356671999897, -23.164617056999901, 0.0 ] ] ] } },
{ "type": "Feature", "properties": { }, "geometry": { "type": "Polygon", "coordinates": [ [ [ -46.903351019000013, -23.163203773, 0.0 ], [ -46.902996631, -23.163076481999902, 0.0 ], [ -46.902738670999987, -23.163513031, 0.0 ], [ -46.903156038, -23.163664660999899, 0.0 ], [ -46.903351019000013, -23.163203773, 0.0 ] ] ] } },
{ "type": "Feature", "properties": { }, "geometry": { "type": "Polygon", "coordinates": [ [ [ -46.903460676, -23.162942722, 0.0 ], [ -46.903193937999987, -23.162847894, 0.0 ], [ -46.902996631, -23.163076481, 0.0 ], [ -46.903351019000013, -23.163203773, 0.0 ], [ -46.903460676, -23.162942722, 0.0 ] ] ] } },
{ "type": "Feature", "properties": { }, "geometry": { "type": "Polygon", "coordinates": [ [ [ -46.903374281, -23.1625998529999, 0.0 ], [ -46.903197045999903, -23.162848335, 0.0 ], [ -46.903460676, -23.162942722, 0.0 ], [ -46.903574276, -23.162671455999899, 0.0 ], [ -46.903374281, -23.1625998529999, 0.0 ] ] ] } },
{ "type": "Feature", "properties": { }, "geometry": { "type": "Polygon", "coordinates": [ [ [ -46.904002243, -23.160155615999901, 0.0 ], [ -46.903760731, -23.1601857809999, 0.0 ], [ -46.90380117, -23.160688018, 0.0 ], [ -46.903791786999903, -23.161034856, 0.0 ], [ -46.903759057999899, -23.161331608, 0.0 ], [ -46.903643157, -23.1618566839999, 0.0 ], [ -46.903374281, -23.162599852, 0.0 ], [ -46.903574276, -23.162671455999899, 0.0 ], [ -46.903857758, -23.1619146849999, 0.0 ], [ -46.903986394, -23.161363627999901, 0.0 ], [ -46.904024384, -23.161053535999901, 0.0 ], [ -46.904038816000011, -23.160685434, 0.0 ], [ -46.904002243, -23.160155615999901, 0.0 ] ] ] } },
{ "type": "Feature", "properties": { }, "geometry": { "type": "Polygon", "coordinates": [ [ [ -46.903596503, -23.160206292999899, 0.0 ], [ -46.904002243, -23.160155615999901, 0.0 ], [ -46.903931702, -23.159761654, 0.0 ], [ -46.903816690000014, -23.1592803089999, 0.0 ], [ -46.903390129999913, -23.159374436999901, 0.0 ], [ -46.903516463, -23.159832767999902, 0.0 ], [ -46.903596503, -23.160206292999899, 0.0 ] ] ] } },
{ "type": "Feature", "properties": { }, "geometry": { "type": "Polygon", "coordinates": [ [ [ -46.903570161999902, -23.1593347099999, 0.0 ], [ -46.903816690000014, -23.1592803089999, 0.0 ], [ -46.903483894, -23.158011158, 0.0 ], [ -46.903294467, -23.158053801999898, 0.0 ], [ -46.903570161999902, -23.1593347099999, 0.0 ] ] ] } },
{ "type": "Feature", "properties": { }, "geometry": { "type": "Polygon", "coordinates": [ [ [ -46.903043523, -23.156298986, 0.0 ], [ -46.902857159999897, -23.156306182, 0.0 ], [ -46.903294467, -23.158053801999898, 0.0 ], [ -46.903483894, -23.158011158, 0.0 ], [ -46.903043523, -23.156298986, 0.0 ] ] ] } },
{ "type": "Feature", "properties": { }, "geometry": { "type": "Polygon", "coordinates": [ [ [ -46.902867375, -23.155632397, 0.0 ], [ -46.902697364999909, -23.155670179, 0.0 ], [ -46.90271077700001, -23.155724199, 0.0 ], [ -46.902881381, -23.155686284999899, 0.0 ], [ -46.902867375, -23.155632397, 0.0 ] ] ] } },
{ "type": "Feature", "properties": { }, "geometry": { "type": "Polygon", "coordinates": [ [ [ -46.902677814999898, -23.155674523, 0.0 ], [ -46.902867375, -23.155632397, 0.0 ], [ -46.902698874999899, -23.15497913, 0.0 ], [ -46.902541717, -23.155010767, 0.0 ], [ -46.902677814999898, -23.155674523, 0.0 ] ] ] } },
{ "type": "Feature", "properties": { }, "geometry": { "type": "Polygon", "coordinates": [ [ [ -46.902646553999901, -23.154709151999899, 0.0 ], [ -46.902501986999901, -23.154729404999902, 0.0 ], [ -46.902541717, -23.155010767, 0.0 ], [ -46.902698874999899, -23.15497913, 0.0 ], [ -46.902646553999901, -23.154709151999899, 0.0 ] ] ] } },
{ "type": "Feature", "properties": { }, "geometry": { "type": "Polygon", "coordinates": [ [ [ -46.902497168, -23.15473008, 0.0 ], [ -46.902646553999901, -23.154709151999899, 0.0 ], [ -46.902609288999891, -23.154405611999898, 0.0 ], [ -46.902594727999897, -23.154105752, 0.0 ], [ -46.902448514999897, -23.154106693, 0.0 ], [ -46.902460936, -23.154414400999901, 0.0 ], [ -46.902497168, -23.15473008, 0.0 ] ] ] } },
{ "type": "Feature", "properties": { }, "geometry": { "type": "Polygon", "coordinates": [ [ [ -46.902631481, -23.153137108, 0.0 ], [ -46.902554490999897, -23.153372841, 0.0 ], [ -46.902487401, -23.153655601, 0.0 ], [ -46.902459404999902, -23.153830123, 0.0 ], [ -46.902448514999897, -23.154106693, 0.0 ], [ -46.902594727999897, -23.154105752, 0.0 ], [ -46.902600064, -23.153833899999899, 0.0 ], [ -46.902623981, -23.153670141, 0.0 ], [ -46.902682692, -23.153400694, 0.0 ], [ -46.902752060999909, -23.1531731389999, 0.0 ], [ -46.902631481, -23.153137108, 0.0 ] ] ] } },
{ "type": "Feature", "properties": { }, "geometry": { "type": "Polygon", "coordinates": [ [ [ -46.90277579, -23.152809125, 0.0 ], [ -46.902631481, -23.153137108, 0.0 ], [ -46.902752060999909, -23.1531731389999, 0.0 ], [ -46.902883018999901, -23.152852342, 0.0 ], [ -46.90277579, -23.152809125, 0.0 ] ] ] } },
{ "type": "Feature", "properties": { }, "geometry": { "type": "Polygon", "coordinates": [ [ [ -46.902942263999897, -23.152501064, 0.0 ], [ -46.90277579, -23.152809125, 0.0 ], [ -46.902883018999901, -23.152852342, 0.0 ], [ -46.903044311, -23.152553931999901, 0.0 ], [ -46.902942263999897, -23.152501064, 0.0 ] ] ] } },
{ "type": "Feature", "properties": { }, "geometry": { "type": "Polygon", "coordinates": [ [ [ -46.903145638999909, -23.1522044979999, 0.0 ], [ -46.902942263999897, -23.152501064, 0.0 ], [ -46.903044311, -23.152553931999901, 0.0 ], [ -46.903239480000011, -23.152261198, 0.0 ], [ -46.903145638999909, -23.1522044979999, 0.0 ] ] ] } },
{ "type": "Feature", "properties": { }, "geometry": { "type": "Polygon", "coordinates": [ [ [ -46.904046279999903, -23.150857179, 0.0 ], [ -46.903789005, -23.151270467, 0.0 ], [ -46.903343467999903, -23.151896512, 0.0 ], [ -46.903145638999909, -23.1522044979999, 0.0 ], [ -46.903239480000011, -23.152261198, 0.0 ], [ -46.903461112999899, -23.151967079, 0.0 ], [ -46.903951940000013, -23.151376872, 0.0 ], [ -46.904247274999904, -23.150976441, 0.0 ], [ -46.904046279999903, -23.150857179, 0.0 ] ] ] } },
{ "type": "Feature", "properties": { }, "geometry": { "type": "Polygon", "coordinates": [ [ [ -46.904046279999903, -23.150857179, 0.0 ], [ -46.904247274999904, -23.150976441, 0.0 ], [ -46.904566723999899, -23.150461779999901, 0.0 ], [ -46.90435998999989, -23.150360529999901, 0.0 ], [ -46.904046279999903, -23.150857179, 0.0 ] ] ] } },
{ "type": "Feature", "properties": { }, "geometry": { "type": "Polygon", "coordinates": [ [ [ -46.90435998999989, -23.150360529999901, 0.0 ], [ -46.904566723999899, -23.150461779999901, 0.0 ], [ -46.90474418799991, -23.150128577, 0.0 ], [ -46.904554444, -23.150046297, 0.0 ], [ -46.90435998999989, -23.150360529999901, 0.0 ] ] ] } },
{ "type": "Feature", "properties": { }, "geometry": { "type": "Polygon", "coordinates": [ [ [ -46.904554444, -23.150046297, 0.0 ], [ -46.90474418799991, -23.150128577, 0.0 ], [ -46.905096449, -23.1494134, 0.0 ], [ -46.905225033, -23.149078296, 0.0 ], [ -46.905316142999901, -23.1487880779999, 0.0 ], [ -46.905094480999907, -23.148734664, 0.0 ], [ -46.904891279999987, -23.149339693999899, 0.0 ], [ -46.904554444, -23.150046297, 0.0 ] ] ] } },
{ "type": "Feature", "properties": { }, "geometry": { "type": "Polygon", "coordinates": [ [ [ -46.905094480999907, -23.148734664, 0.0 ], [ -46.905316142999901, -23.1487880779999, 0.0 ], [ -46.90538302399991, -23.148414919999901, 0.0 ], [ -46.905155701000012, -23.14838886, 0.0 ], [ -46.905094480999907, -23.148734664, 0.0 ] ] ] } },
{ "type": "Feature", "properties": { }, "geometry": { "type": "Polygon", "coordinates": [ [ [ -46.905434812, -23.1477394039999, 0.0 ], [ -46.90525868, -23.147737658, 0.0 ], [ -46.905155701000012, -23.14838886, 0.0 ], [ -46.90538302399991, -23.148414919999901, 0.0 ], [ -46.905434812, -23.1477394039999, 0.0 ] ] ] } },
{ "type": "Feature", "properties": { }, "geometry": { "type": "Polygon", "coordinates": [ [ [ -46.905270824, -23.147696311999901, 0.0 ], [ -46.905435477, -23.147707916999899, 0.0 ], [ -46.905419230999897, -23.1473003629999, 0.0 ], [ -46.905292602, -23.147304679999898, 0.0 ], [ -46.905270824, -23.147696311999901, 0.0 ] ] ] } },
{ "type": "Feature", "properties": { }, "geometry": { "type": "Polygon", "coordinates": [ [ [ -46.905289668, -23.1469871689999, 0.0 ], [ -46.905292602, -23.147304679999898, 0.0 ], [ -46.905419230999897, -23.1473003629999, 0.0 ], [ -46.90540154, -23.146980659, 0.0 ], [ -46.905289668, -23.1469871689999, 0.0 ] ] ] } },
{ "type": "Feature", "properties": { }, "geometry": { "type": "Polygon", "coordinates": [ [ [ -46.905279967999903, -23.146518237, 0.0 ], [ -46.905289668, -23.1469871689999, 0.0 ], [ -46.90540154, -23.146980659, 0.0 ], [ -46.905387173, -23.146519865, 0.0 ], [ -46.905279967999903, -23.146518237, 0.0 ] ] ] } },
{ "type": "Feature", "properties": { }, "geometry": { "type": "Polygon", "coordinates": [ [ [ -46.905315631999898, -23.1459010079999, 0.0 ], [ -46.905279967999903, -23.146518237, 0.0 ], [ -46.905387173, -23.146519865, 0.0 ], [ -46.905427028, -23.145912553, 0.0 ], [ -46.905315631999898, -23.1459010079999, 0.0 ] ] ] } },
{ "type": "Feature", "properties": { }, "geometry": { "type": "Polygon", "coordinates": [ [ [ -46.905447118, -23.145116255999898, 0.0 ], [ -46.905373012, -23.145473751999901, 0.0 ], [ -46.905315631999898, -23.1459010079999, 0.0 ], [ -46.905427028, -23.145912553, 0.0 ], [ -46.905495123, -23.145486369, 0.0 ], [ -46.90557496, -23.145145076, 0.0 ], [ -46.905447118, -23.145116255999898, 0.0 ] ] ] } },
{ "type": "Feature", "properties": { }, "geometry": { "type": "Polygon", "coordinates": [ [ [ -46.905447118, -23.145116255999898, 0.0 ], [ -46.90557496, -23.145145076, 0.0 ], [ -46.9057293669999, -23.144672628999899, 0.0 ], [ -46.905624498, -23.144636020999901, 0.0 ], [ -46.905447118, -23.145116255999898, 0.0 ] ] ] } },
{ "type": "Feature", "properties": { }, "geometry": { "type": "Polygon", "coordinates": [ [ [ -46.905774874, -23.144316516999901, 0.0 ], [ -46.905624498, -23.144636020999901, 0.0 ], [ -46.9057293669999, -23.144672628999899, 0.0 ], [ -46.905868817999902, -23.144354066999899, 0.0 ], [ -46.905774874, -23.144316516999901, 0.0 ] ] ] } },
{ "type": "Feature", "properties": { }, "geometry": { "type": "Polygon", "coordinates": [ [ [ -46.905894885, -23.144069935999909, 0.0 ], [ -46.905774874, -23.144316516999901, 0.0 ], [ -46.905868817999902, -23.144354066999899, 0.0 ], [ -46.905990422999913, -23.144114938, 0.0 ], [ -46.905894885, -23.144069935999909, 0.0 ] ] ] } },
{ "type": "Feature", "properties": { }, "geometry": { "type": "Polygon", "coordinates": [ [ [ -46.906031950999903, -23.143749398999901, 0.0 ], [ -46.905894885, -23.144069935999909, 0.0 ], [ -46.905990422999913, -23.144114938, 0.0 ], [ -46.906163149999898, -23.143818672999899, 0.0 ], [ -46.906031950999903, -23.143749398999901, 0.0 ] ] ] } },
{ "type": "Feature", "properties": { }, "geometry": { "type": "Polygon", "coordinates": [ [ [ -46.906031950999903, -23.143749398999901, 0.0 ], [ -46.906163149999898, -23.143818672999899, 0.0 ], [ -46.90637464, -23.143499797999901, 0.0 ], [ -46.906160441999901, -23.143379339, 0.0 ], [ -46.906031950999903, -23.143749398999901, 0.0 ] ] ] } },
{ "type": "Feature", "properties": { }, "geometry": { "type": "Polygon", "coordinates": [ [ [ -46.906228896999899, -23.143204302, 0.0 ], [ -46.906160441999901, -23.143379339, 0.0 ], [ -46.90637464, -23.143499797999901, 0.0 ], [ -46.906477286, -23.143346989, 0.0 ], [ -46.906228896999899, -23.143204302, 0.0 ] ] ] } },
{ "type": "Feature", "properties": { }, "geometry": { "type": "Polygon", "coordinates": [ [ [ -46.906477286, -23.143346989, 0.0 ], [ -46.906581847999988, -23.143191326, 0.0 ], [ -46.90633346, -23.143048639, 0.0 ], [ -46.906228897999902, -23.143204302, 0.0 ], [ -46.906477286, -23.143346989, 0.0 ] ] ] } },
{ "type": "Feature", "properties": { }, "geometry": { "type": "Polygon", "coordinates": [ [ [ -46.906333461, -23.143048639, 0.0 ], [ -46.906581847999988, -23.143191326, 0.0 ], [ -46.906684293, -23.143039237, 0.0 ], [ -46.906452779999903, -23.142905594, 0.0 ], [ -46.906333461, -23.143048639, 0.0 ] ] ] } },
{ "type": "Feature", "properties": { }, "geometry": { "type": "Polygon", "coordinates": [ [ [ -46.906903566, -23.142713833999899, 0.0 ], [ -46.906713106, -23.1426044839999, 0.0 ], [ -46.906452779999903, -23.142905594, 0.0 ], [ -46.906684293, -23.143039237, 0.0 ], [ -46.906903566, -23.142713833999899, 0.0 ] ] ] } },
{ "type": "Feature", "properties": { }, "geometry": { "type": "Polygon", "coordinates": [ [ [ -46.906787897, -23.142475991, 0.0 ], [ -46.906713106, -23.1426044839999, 0.0 ], [ -46.906903566, -23.142713833999899, 0.0 ], [ -46.906986636999903, -23.1425900949999, 0.0 ], [ -46.906787897, -23.142475991, 0.0 ] ] ] } },
{ "type": "Feature", "properties": { }, "geometry": { "type": "Polygon", "coordinates": [ [ [ -46.906869169999901, -23.142337842, 0.0 ], [ -46.906787897, -23.142475991, 0.0 ], [ -46.906986636999903, -23.1425900949999, 0.0 ], [ -46.907076190999902, -23.1424567, 0.0 ], [ -46.906869169999901, -23.142337842, 0.0 ] ] ] } },
{ "type": "Feature", "properties": { }, "geometry": { "type": "Polygon", "coordinates": [ [ [ -46.907307941999903, -23.141468124, 0.0 ], [ -46.906869169999901, -23.142337842, 0.0 ], [ -46.907076190999902, -23.1424567, 0.0 ], [ -46.90762173000001, -23.141650097, 0.0 ], [ -46.907307941999903, -23.141468124, 0.0 ] ] ] } },
{ "type": "Feature", "properties": { }, "geometry": { "type": "Polygon", "coordinates": [ [ [ -46.90743394, -23.141163553, 0.0 ], [ -46.907307943000013, -23.141468124, 0.0 ], [ -46.90762173000001, -23.141650097, 0.0 ], [ -46.907805528999987, -23.141379046999901, 0.0 ], [ -46.90743394, -23.141163553, 0.0 ] ] ] } },
{ "type": "Feature", "properties": { }, "geometry": { "type": "Polygon", "coordinates": [ [ [ -46.90743394, -23.141163553, 0.0 ], [ -46.907805528999987, -23.141379046999901, 0.0 ], [ -46.908015028, -23.141068233999899, 0.0 ], [ -46.9076008649999, -23.1408307049999, 0.0 ], [ -46.90743394, -23.141163553, 0.0 ] ] ] } },
{ "type": "Feature", "properties": { }, "geometry": { "type": "Polygon", "coordinates": [ [ [ -46.90822859, -23.1397770079999, 0.0 ], [ -46.9076008649999, -23.1408307049999, 0.0 ], [ -46.908015028, -23.141068233999899, 0.0 ], [ -46.9087017639999, -23.140046246999901, 0.0 ], [ -46.90822859, -23.1397770079999, 0.0 ] ] ] } },
{ "type": "Feature", "properties": { }, "geometry": { "type": "Polygon", "coordinates": [ [ [ -46.908986828, -23.1396177889999, 0.0 ], [ -46.909053719, -23.139519911, 0.0 ], [ -46.908588263999903, -23.139247745, 0.0 ], [ -46.908453586999897, -23.1394388309999, 0.0 ], [ -46.908986828, -23.1396177889999, 0.0 ] ] ] } },
{ "type": "Feature", "properties": { }, "geometry": { "type": "Polygon", "coordinates": [ [ [ -46.908866748, -23.138913838, 0.0 ], [ -46.909295414, -23.139188418, 0.0 ], [ -46.909385157, -23.139071199999901, 0.0 ], [ -46.909011727999911, -23.138825819, 0.0 ], [ -46.908866748, -23.138913838, 0.0 ] ] ] } },
{ "type": "Feature", "properties": { }, "geometry": { "type": "Polygon", "coordinates": [ [ [ -46.909295414, -23.139188418, 0.0 ], [ -46.908866748, -23.138913838, 0.0 ], [ -46.908588263999903, -23.139247743999899, 0.0 ], [ -46.909053719, -23.139519911, 0.0 ], [ -46.909295414, -23.139188418, 0.0 ] ] ] } },
{ "type": "Feature", "properties": { }, "geometry": { "type": "Polygon", "coordinates": [ [ [ -46.909340885999903, -23.138506193, 0.0 ], [ -46.909011727999911, -23.138825817999901, 0.0 ], [ -46.909385157, -23.139071199999901, 0.0 ], [ -46.909658394, -23.138752229, 0.0 ], [ -46.909340885999903, -23.138506193, 0.0 ] ] ] } },
{ "type": "Feature", "properties": { }, "geometry": { "type": "Polygon", "coordinates": [ [ [ -46.910153717, -23.138304691, 0.0 ], [ -46.909912029999902, -23.138039228, 0.0 ], [ -46.909643570999897, -23.138236931999899, 0.0 ], [ -46.909340885999903, -23.138506193, 0.0 ], [ -46.909658394, -23.138752229, 0.0 ], [ -46.909905463, -23.138508885, 0.0 ], [ -46.910153717, -23.138304691, 0.0 ] ] ] } },
{ "type": "Feature", "properties": { }, "geometry": { "type": "Polygon", "coordinates": [ [ [ -46.910085931, -23.137992064999899, 0.0 ], [ -46.909912029999902, -23.138039228, 0.0 ], [ -46.910153717, -23.138304691, 0.0 ], [ -46.910275114999891, -23.138215687999899, 0.0 ], [ -46.910085931, -23.137992064999899, 0.0 ] ] ] } },
{ "type": "Feature", "properties": { }, "geometry": { "type": "Polygon", "coordinates": [ [ [ -46.910290593999903, -23.1379792399999, 0.0 ], [ -46.910085931, -23.137992064999899, 0.0 ], [ -46.910275114999891, -23.138215687999899, 0.0 ], [ -46.910402327, -23.138132428999899, 0.0 ], [ -46.910290593999903, -23.1379792399999, 0.0 ] ] ] } },
{ "type": "Feature", "properties": { }, "geometry": { "type": "Polygon", "coordinates": [ [ [ -46.910558472999988, -23.138040187999898, 0.0 ], [ -46.910480510999903, -23.137912948, 0.0 ], [ -46.910290593999903, -23.1379792399999, 0.0 ], [ -46.910402327, -23.138132428999899, 0.0 ], [ -46.910558472999988, -23.138040187999898, 0.0 ] ] ] } },
{ "type": "Feature", "properties": { }, "geometry": { "type": "Polygon", "coordinates": [ [ [ -46.910698892, -23.137788311999898, 0.0 ], [ -46.910481782999987, -23.137914612, 0.0 ], [ -46.910558472999988, -23.138040187999898, 0.0 ], [ -46.910775976, -23.137934059, 0.0 ], [ -46.910698892, -23.137788311999898, 0.0 ] ] ] } },
{ "type": "Feature", "properties": { }, "geometry": { "type": "Polygon", "coordinates": [ [ [ -46.911154305, -23.137641895999899, 0.0 ], [ -46.911007535, -23.137681943999901, 0.0 ], [ -46.910698892, -23.137788311999898, 0.0 ], [ -46.910775976, -23.137934059, 0.0 ], [ -46.911204524, -23.137768875, 0.0 ], [ -46.911154305, -23.137641895999899, 0.0 ] ] ] } },
{ "type": "Feature", "properties": { }, "geometry": { "type": "Polygon", "coordinates": [ [ [ -46.911154305, -23.137641895999899, 0.0 ], [ -46.911204524, -23.137768875, 0.0 ], [ -46.911494287, -23.137674171999901, 0.0 ], [ -46.911462523999901, -23.137588955, 0.0 ], [ -46.911154305, -23.137641895999899, 0.0 ] ] ] } },
{ "type": "Feature", "properties": { }, "geometry": { "type": "Polygon", "coordinates": [ [ [ -46.911494287, -23.137674171999901, 0.0 ], [ -46.911745329, -23.137594389, 0.0 ], [ -46.911714493, -23.137508881, 0.0 ], [ -46.911462524999898, -23.137588955, 0.0 ], [ -46.911494287, -23.137674171999901, 0.0 ] ] ] } },
{ "type": "Feature", "properties": { }, "geometry": { "type": "Polygon", "coordinates": [ [ [ -46.911885852, -23.137403768999899, 0.0 ], [ -46.911714493, -23.137508881, 0.0 ], [ -46.911745329, -23.137594389, 0.0 ], [ -46.911933647999902, -23.137536305, 0.0 ], [ -46.911885852, -23.137403768999899, 0.0 ] ] ] } },
{ "type": "Feature", "properties": { }, "geometry": { "type": "Polygon", "coordinates": [ [ [ -46.913025493000013, -23.137005971999901, 0.0 ], [ -46.912588059, -23.1371897779999, 0.0 ], [ -46.911885852, -23.137403768999899, 0.0 ], [ -46.911933647999902, -23.137536305, 0.0 ], [ -46.912634521, -23.137302723999898, 0.0 ], [ -46.912979876999898, -23.137153989, 0.0 ], [ -46.913082984, -23.137100168, 0.0 ], [ -46.913025493000013, -23.137005971999901, 0.0 ] ] ] } },
{ "type": "Feature", "properties": { }, "geometry": { "type": "Polygon", "coordinates": [ [ [ -46.913248064999891, -23.136822899, 0.0 ], [ -46.913025493000013, -23.137005971999901, 0.0 ], [ -46.913082984, -23.137100168, 0.0 ], [ -46.913343207, -23.136953818999899, 0.0 ], [ -46.913248064999891, -23.136822899, 0.0 ] ] ] } },
{ "type": "Feature", "properties": { }, "geometry": { "type": "Polygon", "coordinates": [ [ [ -46.913248064999891, -23.136822897999899, 0.0 ], [ -46.913343207, -23.136953818999899, 0.0 ], [ -46.913507931000012, -23.136847950999901, 0.0 ], [ -46.913408577, -23.136725321, 0.0 ], [ -46.913248064999891, -23.136822897999899, 0.0 ] ] ] } },
{ "type": "Feature", "properties": { }, "geometry": { "type": "Polygon", "coordinates": [ [ [ -46.913540710999897, -23.136531670999901, 0.0 ], [ -46.913408578, -23.136725321, 0.0 ], [ -46.913507931000012, -23.136847950999901, 0.0 ], [ -46.913693699, -23.136718501, 0.0 ], [ -46.913540710999897, -23.136531670999901, 0.0 ] ] ] } },
{ "type": "Feature", "properties": { }, "geometry": { "type": "Polygon", "coordinates": [ [ [ -46.913540710999897, -23.136531670999901, 0.0 ], [ -46.913693699, -23.136718501, 0.0 ], [ -46.914033145, -23.136431243999901, 0.0 ], [ -46.913854777, -23.136264772999901, 0.0 ], [ -46.913540710999897, -23.136531670999901, 0.0 ] ] ] } },
{ "type": "Feature", "properties": { }, "geometry": { "type": "Polygon", "coordinates": [ [ [ -46.914079278, -23.1361532889999, 0.0 ], [ -46.913854777, -23.136264772999901, 0.0 ], [ -46.914033145, -23.136431243999901, 0.0 ], [ -46.914206239999899, -23.136265261999899, 0.0 ], [ -46.914079278, -23.1361532889999, 0.0 ] ] ] } },
{ "type": "Feature", "properties": { }, "geometry": { "type": "Polygon", "coordinates": [ [ [ -46.914274943999899, -23.136014883, 0.0 ], [ -46.914079278, -23.1361532889999, 0.0 ], [ -46.914206239999899, -23.136265261999899, 0.0 ], [ -46.914374032, -23.136101641, 0.0 ], [ -46.914274943999899, -23.136014883, 0.0 ] ] ] } },
{ "type": "Feature", "properties": { }, "geometry": { "type": "Polygon", "coordinates": [ [ [ -46.914601983, -23.135878971, 0.0 ], [ -46.914523403, -23.135810396, 0.0 ], [ -46.914274943999899, -23.136014883, 0.0 ], [ -46.914374032, -23.136101641, 0.0 ], [ -46.914601983, -23.135878971, 0.0 ] ] ] } },
{ "type": "Feature", "properties": { }, "geometry": { "type": "Polygon", "coordinates": [ [ [ -46.9152265069999, -23.135157039, 0.0 ], [ -46.915061824, -23.135300745999899, 0.0 ], [ -46.9145241269999, -23.135810803, 0.0 ], [ -46.914601983, -23.135878971, 0.0 ], [ -46.915292654, -23.13522324, 0.0 ], [ -46.9152265069999, -23.135157039, 0.0 ] ] ] } },
{ "type": "Feature", "properties": { }, "geometry": { "type": "Polygon", "coordinates": [ [ [ -46.915659929, -23.134796717, 0.0 ], [ -46.915457583, -23.134957308, 0.0 ], [ -46.9152265069999, -23.135157039, 0.0 ], [ -46.915292654, -23.13522324, 0.0 ], [ -46.9157304189999, -23.13488303, 0.0 ], [ -46.915659929, -23.134796717, 0.0 ] ] ] } },
{ "type": "Feature", "properties": { }, "geometry": { "type": "Polygon", "coordinates": [ [ [ -46.9157304189999, -23.13488303, 0.0 ], [ -46.916026746999897, -23.1346836459999, 0.0 ], [ -46.916379338999903, -23.134480066, 0.0 ], [ -46.91631903, -23.13438739, 0.0 ], [ -46.915962963, -23.134592982, 0.0 ], [ -46.915659929, -23.134796717, 0.0 ], [ -46.9157304189999, -23.13488303, 0.0 ] ] ] } },
{ "type": "Feature", "properties": { }, "geometry": { "type": "Polygon", "coordinates": [ [ [ -46.916678276, -23.134240405999901, 0.0 ], [ -46.9165619, -23.134282684, 0.0 ], [ -46.91631903, -23.13438739, 0.0 ], [ -46.916379338999903, -23.134480066, 0.0 ], [ -46.916711063, -23.134295737999899, 0.0 ], [ -46.916678276, -23.134240405999901, 0.0 ] ] ] } },
{ "type": "Feature", "properties": { }, "geometry": { "type": "Polygon", "coordinates": [ [ [ -46.916839764, -23.134132418, 0.0 ], [ -46.916678276, -23.134240405999901, 0.0 ], [ -46.916711063, -23.134295737999899, 0.0 ], [ -46.916880857, -23.134214153, 0.0 ], [ -46.916839764, -23.134132418, 0.0 ] ] ] } },
{ "type": "Feature", "properties": { }, "geometry": { "type": "Polygon", "coordinates": [ [ [ -46.916880857, -23.134214153, 0.0 ], [ -46.917247635, -23.134056707, 0.0 ], [ -46.9172048309999, -23.1339757269999, 0.0 ], [ -46.916839764, -23.134132418, 0.0 ], [ -46.916880857, -23.134214153, 0.0 ] ] ] } },
{ "type": "Feature", "properties": { }, "geometry": { "type": "Polygon", "coordinates": [ [ [ -46.91747989000001, -23.133820704999899, 0.0 ], [ -46.9172048309999, -23.1339757269999, 0.0 ], [ -46.917247635, -23.134056707, 0.0 ], [ -46.91753851, -23.133914303, 0.0 ], [ -46.91747989000001, -23.133820704999899, 0.0 ] ] ] } },
{ "type": "Feature", "properties": { }, "geometry": { "type": "Polygon", "coordinates": [ [ [ -46.917967047999987, -23.133662559, 0.0 ], [ -46.917855061, -23.133515002, 0.0 ], [ -46.91747989000001, -23.133820704999899, 0.0 ], [ -46.91753851, -23.133914303, 0.0 ], [ -46.917967047999987, -23.133662559, 0.0 ] ] ] } },
{ "type": "Feature", "properties": { }, "geometry": { "type": "Polygon", "coordinates": [ [ [ -46.918101228999888, -23.133572489, 0.0 ], [ -46.917963254999989, -23.133403412, 0.0 ], [ -46.917855061, -23.133515002, 0.0 ], [ -46.917967047999987, -23.133662559, 0.0 ], [ -46.918101228999888, -23.133572489, 0.0 ] ] ] } },
{ "type": "Feature", "properties": { }, "geometry": { "type": "Polygon", "coordinates": [ [ [ -46.918234047999903, -23.133168044999898, 0.0 ], [ -46.917963254999989, -23.133403412, 0.0 ], [ -46.918101228999888, -23.133572489, 0.0 ], [ -46.918405632, -23.133340505, 0.0 ], [ -46.918234047999903, -23.133168044999898, 0.0 ] ] ] } },
{ "type": "Feature", "properties": { }, "geometry": { "type": "Polygon", "coordinates": [ [ [ -46.918234047999903, -23.133168044999898, 0.0 ], [ -46.918405632, -23.133340505, 0.0 ], [ -46.918586596999901, -23.133173757999899, 0.0 ], [ -46.91878118599989, -23.132962681, 0.0 ], [ -46.918665328, -23.132880219999901, 0.0 ], [ -46.918442238, -23.133042064999898, 0.0 ], [ -46.918234047999903, -23.133168044999898, 0.0 ] ] ] } },
{ "type": "Feature", "properties": { }, "geometry": { "type": "Polygon", "coordinates": [ [ [ -46.918924774999901, -23.132780146999899, 0.0 ], [ -46.918834946999901, -23.132723500999901, 0.0 ], [ -46.918665328, -23.132880219999901, 0.0 ], [ -46.91878118599989, -23.132962681, 0.0 ], [ -46.918924774999901, -23.132780146999899, 0.0 ] ] ] } },
{ "type": "Feature", "properties": { }, "geometry": { "type": "Polygon", "coordinates": [ [ [ -46.918952251, -23.132600099999902, 0.0 ], [ -46.918836451999901, -23.132723943, 0.0 ], [ -46.918924774999901, -23.132780146999899, 0.0 ], [ -46.919024513999901, -23.132646085, 0.0 ], [ -46.918952251, -23.132600099999902, 0.0 ] ] ] } },
{ "type": "Feature", "properties": { }, "geometry": { "type": "Polygon", "coordinates": [ [ [ -46.919047309999897, -23.132456427, 0.0 ], [ -46.918952251, -23.132600099999902, 0.0 ], [ -46.919024513999901, -23.132646085, 0.0 ], [ -46.9191276029999, -23.132507522, 0.0 ], [ -46.919047309999897, -23.132456427, 0.0 ] ] ] } },
{ "type": "Feature", "properties": { }, "geometry": { "type": "Polygon", "coordinates": [ [ [ -46.919119238999897, -23.132304091, 0.0 ], [ -46.919047311, -23.132456427, 0.0 ], [ -46.9191276029999, -23.132507522, 0.0 ], [ -46.919227634, -23.132373069, 0.0 ], [ -46.919119238999897, -23.132304091, 0.0 ] ] ] } },
{ "type": "Feature", "properties": { }, "geometry": { "type": "Polygon", "coordinates": [ [ [ -46.919317699, -23.131988932, 0.0 ], [ -46.919119238999897, -23.132304091, 0.0 ], [ -46.919227634, -23.132373069, 0.0 ], [ -46.919442478, -23.132059383999891, 0.0 ], [ -46.919317699, -23.131988932, 0.0 ] ] ] } },
{ "type": "Feature", "properties": { }, "geometry": { "type": "Polygon", "coordinates": [ [ [ -46.919779514, -23.131427581, 0.0 ], [ -46.919594863, -23.1316356, 0.0 ], [ -46.919317699, -23.131988932, 0.0 ], [ -46.919442478, -23.132059383999891, 0.0 ], [ -46.919681884999903, -23.131693744, 0.0 ], [ -46.919845896, -23.13147342, 0.0 ], [ -46.919779514, -23.131427581, 0.0 ] ] ] } },
{ "type": "Feature", "properties": { }, "geometry": { "type": "Polygon", "coordinates": [ [ [ -46.919884388, -23.131239492, 0.0 ], [ -46.919779514, -23.131427581, 0.0 ], [ -46.919845896, -23.13147342, 0.0 ], [ -46.919981879, -23.131314335, 0.0 ], [ -46.919884388, -23.131239492, 0.0 ] ] ] } },
{ "type": "Feature", "properties": { }, "geometry": { "type": "Polygon", "coordinates": [ [ [ -46.920040096, -23.131137446, 0.0 ], [ -46.919884388, -23.131239492, 0.0 ], [ -46.919981879, -23.131314335, 0.0 ], [ -46.920101011, -23.131189374, 0.0 ], [ -46.920040096, -23.131137446, 0.0 ] ] ] } },
{ "type": "Feature", "properties": { }, "geometry": { "type": "Polygon", "coordinates": [ [ [ -46.920421378999897, -23.130907293, 0.0 ], [ -46.920337409, -23.130813609, 0.0 ], [ -46.920040096, -23.131137446, 0.0 ], [ -46.920101011, -23.131189374, 0.0 ], [ -46.920421378999897, -23.130907293, 0.0 ] ] ] } },
{ "type": "Feature", "properties": { }, "geometry": { "type": "Polygon", "coordinates": [ [ [ -46.920836843, -23.130438757, 0.0 ], [ -46.920602505, -23.130600055999899, 0.0 ], [ -46.920337409, -23.130813609, 0.0 ], [ -46.920421378999897, -23.130907293, 0.0 ], [ -46.920692429, -23.130714449, 0.0 ], [ -46.920926274, -23.130573076, 0.0 ], [ -46.920836843, -23.130438757, 0.0 ] ] ] } },
{ "type": "Feature", "properties": { }, "geometry": { "type": "Polygon", "coordinates": [ [ [ -46.921089367, -23.130292914999899, 0.0 ], [ -46.920836843, -23.130438757, 0.0 ], [ -46.920926274, -23.130573076, 0.0 ], [ -46.92117501099991, -23.1304447599999, 0.0 ], [ -46.921089367, -23.130292914999899, 0.0 ] ] ] } },
{ "type": "Feature", "properties": { }, "geometry": { "type": "Polygon", "coordinates": [ [ [ -46.921816126, -23.130048664, 0.0 ], [ -46.921310005, -23.130211915, 0.0 ], [ -46.921089367, -23.130292914999899, 0.0 ], [ -46.92117501099991, -23.1304447599999, 0.0 ], [ -46.921869283, -23.130159977999899, 0.0 ], [ -46.921816126, -23.130048664, 0.0 ] ] ] } },
{ "type": "Feature", "properties": { }, "geometry": { "type": "Polygon", "coordinates": [ [ [ -46.921998777999903, -23.129983911, 0.0 ], [ -46.921816126, -23.130048664, 0.0 ], [ -46.921869283, -23.130159977999899, 0.0 ], [ -46.922047996999893, -23.130086978999898, 0.0 ], [ -46.921998777999903, -23.129983911, 0.0 ] ] ] } },
{ "type": "Feature", "properties": { }, "geometry": { "type": "Polygon", "coordinates": [ [ [ -46.922181028999901, -23.129894686999901, 0.0 ], [ -46.921998777999903, -23.129983911, 0.0 ], [ -46.922047996999893, -23.130086978999898, 0.0 ], [ -46.922236154, -23.130010124, 0.0 ], [ -46.922181028999901, -23.129894686999901, 0.0 ] ] ] } },
{ "type": "Feature", "properties": { }, "geometry": { "type": "Polygon", "coordinates": [ [ [ -46.922584942999897, -23.129802595999902, 0.0 ], [ -46.922442960999902, -23.1298361509999, 0.0 ], [ -46.922181028999901, -23.129894686999901, 0.0 ], [ -46.922236154, -23.130010124, 0.0 ], [ -46.922614825, -23.129869201, 0.0 ], [ -46.922584942999897, -23.129802595999902, 0.0 ] ] ] } },
{ "type": "Feature", "properties": { }, "geometry": { "type": "Polygon", "coordinates": [ [ [ -46.92276601399989, -23.129697302999901, 0.0 ], [ -46.922584942999897, -23.129802595999902, 0.0 ], [ -46.922614825, -23.129869201, 0.0 ], [ -46.92281073, -23.129792355, 0.0 ], [ -46.92276601399989, -23.129697302999901, 0.0 ] ] ] } },
{ "type": "Feature", "properties": { }, "geometry": { "type": "Polygon", "coordinates": [ [ [ -46.922901634000013, -23.129598409, 0.0 ], [ -46.92276601399989, -23.129697302999901, 0.0 ], [ -46.92281073, -23.129792355, 0.0 ], [ -46.922966275, -23.129729655999899, 0.0 ], [ -46.922901634000013, -23.129598409, 0.0 ] ] ] } },
{ "type": "Feature", "properties": { }, "geometry": { "type": "Polygon", "coordinates": [ [ [ -46.923507733999912, -23.129098962999901, 0.0 ], [ -46.923251003, -23.129338663999899, 0.0 ], [ -46.922901634000013, -23.129598409, 0.0 ], [ -46.922966275, -23.129729655999899, 0.0 ], [ -46.923374856, -23.1295503589999, 0.0 ], [ -46.923701294999901, -23.129369615, 0.0 ], [ -46.923507733999912, -23.129098962999901, 0.0 ] ] ] } },
{ "type": "Feature", "properties": { }, "geometry": { "type": "Polygon", "coordinates": [ [ [ -46.924133411, -23.128848633999901, 0.0 ], [ -46.924249357999891, -23.128958095, 0.0 ], [ -46.924408707999902, -23.128805235999899, 0.0 ], [ -46.92433705, -23.12874414, 0.0 ], [ -46.924133411, -23.128848633999901, 0.0 ] ] ] } },
{ "type": "Feature", "properties": { }, "geometry": { "type": "Polygon", "coordinates": [ [ [ -46.92478643, -23.12835726, 0.0 ], [ -46.924705687, -23.128306778, 0.0 ], [ -46.924512412999903, -23.128552976, 0.0 ], [ -46.92433705, -23.12874414, 0.0 ], [ -46.924408707999902, -23.128805235999899, 0.0 ], [ -46.924588857999893, -23.128608894, 0.0 ], [ -46.92478643, -23.12835726, 0.0 ] ] ] } },
{ "type": "Feature", "properties": { }, "geometry": { "type": "Polygon", "coordinates": [ [ [ -46.924705687, -23.128306778, 0.0 ], [ -46.92478643, -23.12835726, 0.0 ], [ -46.924957253999899, -23.128098399, 0.0 ], [ -46.924863813999892, -23.12804979, 0.0 ], [ -46.924705687, -23.128306778, 0.0 ] ] ] } },
{ "type": "Feature", "properties": { }, "geometry": { "type": "Polygon", "coordinates": [ [ [ -46.925071937999988, -23.127629788, 0.0 ], [ -46.924863815, -23.12804979, 0.0 ], [ -46.924957253999899, -23.128098399, 0.0 ], [ -46.925179156, -23.127672993, 0.0 ], [ -46.925071937999988, -23.127629788, 0.0 ] ] ] } },
{ "type": "Feature", "properties": { }, "geometry": { "type": "Polygon", "coordinates": [ [ [ -46.925179156, -23.127672993, 0.0 ], [ -46.925322284999901, -23.127364500999899, 0.0 ], [ -46.925214452, -23.127322626, 0.0 ], [ -46.925071937999988, -23.127629788, 0.0 ], [ -46.925179156, -23.127672993, 0.0 ] ] ] } },
{ "type": "Feature", "properties": { }, "geometry": { "type": "Polygon", "coordinates": [ [ [ -46.925337565999897, -23.126920374999901, 0.0 ], [ -46.925214452, -23.127322626, 0.0 ], [ -46.925322284999901, -23.127364500999899, 0.0 ], [ -46.925491985, -23.126975909999899, 0.0 ], [ -46.925337565999897, -23.126920374999901, 0.0 ] ] ] } },
{ "type": "Feature", "properties": { }, "geometry": { "type": "Polygon", "coordinates": [ [ [ -46.925337565999897, -23.126920374999901, 0.0 ], [ -46.925491985, -23.126975909999899, 0.0 ], [ -46.925614681, -23.126679657, 0.0 ], [ -46.925433905, -23.126612236, 0.0 ], [ -46.925337565999897, -23.126920374999901, 0.0 ] ] ] } },
{ "type": "Feature", "properties": { }, "geometry": { "type": "Polygon", "coordinates": [ [ [ -46.925614681, -23.126679657, 0.0 ], [ -46.925807216999907, -23.1262825069999, 0.0 ], [ -46.925632813999989, -23.126202, 0.0 ], [ -46.925433905, -23.126612236, 0.0 ], [ -46.925614681, -23.126679657, 0.0 ] ] ] } },
{ "type": "Feature", "properties": { }, "geometry": { "type": "Polygon", "coordinates": [ [ [ -46.925682552999902, -23.126016348999901, 0.0 ], [ -46.925632813999989, -23.126202, 0.0 ], [ -46.925807216999907, -23.1262825069999, 0.0 ], [ -46.925896955, -23.126123398999901, 0.0 ], [ -46.925682552999902, -23.126016348999901, 0.0 ] ] ] } },
{ "type": "Feature", "properties": { }, "geometry": { "type": "Polygon", "coordinates": [ [ [ -46.925921283, -23.125755512, 0.0 ], [ -46.925682552999902, -23.126016348999901, 0.0 ], [ -46.925896955, -23.126123398999901, 0.0 ], [ -46.926074081, -23.125844034999901, 0.0 ], [ -46.925921283, -23.125755512, 0.0 ] ] ] } },
{ "type": "Feature", "properties": { }, "geometry": { "type": "Polygon", "coordinates": [ [ [ -46.926318529999897, -23.125392653999899, 0.0 ], [ -46.926111514, -23.125566675, 0.0 ], [ -46.925921283, -23.125755512, 0.0 ], [ -46.926074081, -23.125844034999901, 0.0 ], [ -46.92621942800001, -23.125645139, 0.0 ], [ -46.926388863999897, -23.125448342, 0.0 ], [ -46.926318529999897, -23.125392653999899, 0.0 ] ] ] } },
{ "type": "Feature", "properties": { }, "geometry": { "type": "Polygon", "coordinates": [ [ [ -46.926398193999901, -23.125345013999901, 0.0 ], [ -46.926318529999897, -23.125392653999899, 0.0 ], [ -46.926388863999897, -23.125448342, 0.0 ], [ -46.926447711, -23.125386998, 0.0 ], [ -46.926398193999901, -23.125345013999901, 0.0 ] ] ] } },
{ "type": "Feature", "properties": { }, "geometry": { "type": "Polygon", "coordinates": [ [ [ -46.926398193999901, -23.125345013999901, 0.0 ], [ -46.926447711, -23.125386998, 0.0 ], [ -46.926564750999901, -23.125273659, 0.0 ], [ -46.926509063, -23.1252231889999, 0.0 ], [ -46.926398193999901, -23.125345013999901, 0.0 ] ] ] } },
{ "type": "Feature", "properties": { }, "geometry": { "type": "Polygon", "coordinates": [ [ [ -46.926564750999901, -23.125273659, 0.0 ], [ -46.926742127999901, -23.125116111999901, 0.0 ], [ -46.926690178999898, -23.125062339, 0.0 ], [ -46.926509063, -23.1252231889999, 0.0 ], [ -46.926564750999901, -23.125273659, 0.0 ] ] ] } },
{ "type": "Feature", "properties": { }, "geometry": { "type": "Polygon", "coordinates": [ [ [ -46.926830234, -23.124975102999901, 0.0 ], [ -46.926690178999898, -23.125062339, 0.0 ], [ -46.926742127999901, -23.125116111999901, 0.0 ], [ -46.926866957999898, -23.125017189999902, 0.0 ], [ -46.926830234, -23.124975102999901, 0.0 ] ] ] } },
{ "type": "Feature", "properties": { }, "geometry": { "type": "Polygon", "coordinates": [ [ [ -46.926830234, -23.124975102999901, 0.0 ], [ -46.926866957999898, -23.125017189999902, 0.0 ], [ -46.927035965, -23.124897212999901, 0.0 ], [ -46.926990131, -23.124838877999899, 0.0 ], [ -46.926830234, -23.124975102999901, 0.0 ] ] ] } },
{ "type": "Feature", "properties": { }, "geometry": { "type": "Polygon", "coordinates": [ [ [ -46.927199266999892, -23.12479839, 0.0 ], [ -46.927151416999912, -23.124725081, 0.0 ], [ -46.926990131, -23.124838877999899, 0.0 ], [ -46.927035965, -23.124897212999901, 0.0 ], [ -46.927199266999892, -23.12479839, 0.0 ] ] ] } },
{ "type": "Feature", "properties": { }, "geometry": { "type": "Polygon", "coordinates": [ [ [ -46.927406845, -23.124574847999899, 0.0 ], [ -46.927151416999912, -23.124725081, 0.0 ], [ -46.927199266999892, -23.12479839, 0.0 ], [ -46.927457201, -23.124662381999901, 0.0 ], [ -46.927406845, -23.124574847999899, 0.0 ] ] ] } },
{ "type": "Feature", "properties": { }, "geometry": { "type": "Polygon", "coordinates": [ [ [ -46.927670756999888, -23.124562830999899, 0.0 ], [ -46.927629736, -23.124481065999898, 0.0 ], [ -46.927406845, -23.124574847999899, 0.0 ], [ -46.927457201, -23.124662381999901, 0.0 ], [ -46.927670756999888, -23.124562830999899, 0.0 ] ] ] } },
{ "type": "Feature", "properties": { }, "geometry": { "type": "Polygon", "coordinates": [ [ [ -46.927629736, -23.124481065999898, 0.0 ], [ -46.927670756999888, -23.124562830999899, 0.0 ], [ -46.927921018999903, -23.124460599, 0.0 ], [ -46.928302496, -23.124360178, 0.0 ], [ -46.928279813, -23.124272514, 0.0 ], [ -46.927891755999987, -23.124374619, 0.0 ], [ -46.927629736, -23.124481065999898, 0.0 ] ] ] } },
{ "type": "Feature", "properties": { }, "geometry": { "type": "Polygon", "coordinates": [ [ [ -46.929738051999912, -23.124077751, 0.0 ], [ -46.928565085, -23.124221392, 0.0 ], [ -46.928279813, -23.124272514, 0.0 ], [ -46.928302496, -23.124360178, 0.0 ], [ -46.928570136, -23.124305734, 0.0 ], [ -46.929748087999897, -23.124135601, 0.0 ], [ -46.929738051999912, -23.124077751, 0.0 ] ] ] } },
{ "type": "Feature", "properties": { }, "geometry": { "type": "Polygon", "coordinates": [ [ [ -46.929973276999903, -23.124002097, 0.0 ], [ -46.929738051999912, -23.124077751, 0.0 ], [ -46.929748087999897, -23.124135601, 0.0 ], [ -46.92998935299989, -23.124100128999899, 0.0 ], [ -46.929973276999903, -23.124002097, 0.0 ] ] ] } },
{ "type": "Feature", "properties": { }, "geometry": { "type": "Polygon", "coordinates": [ [ [ -46.930376470999903, -23.1238476679999, 0.0 ], [ -46.929973278, -23.124002097, 0.0 ], [ -46.92998935299989, -23.124100128999899, 0.0 ], [ -46.930478127999898, -23.124029874, 0.0 ], [ -46.930737252, -23.123977056999902, 0.0 ], [ -46.930665661, -23.123714871, 0.0 ], [ -46.930376470999903, -23.1238476679999, 0.0 ] ] ] } },
{ "type": "Feature", "properties": { }, "geometry": { "type": "Polygon", "coordinates": [ [ [ -46.931556338, -23.123692853, 0.0 ], [ -46.931983147, -23.123441188, 0.0 ], [ -46.932200441, -23.123276505, 0.0 ], [ -46.932388265, -23.123108594, 0.0 ], [ -46.932167162, -23.1229116129999, 0.0 ], [ -46.931778294, -23.123193339999901, 0.0 ], [ -46.93130367899991, -23.123441863, 0.0 ], [ -46.931556338, -23.123692853, 0.0 ] ] ] } },
{ "type": "Feature", "properties": { }, "geometry": { "type": "Polygon", "coordinates": [ [ [ -46.932334077, -23.122779216, 0.0 ], [ -46.932167162, -23.1229116129999, 0.0 ], [ -46.932388265, -23.123108594, 0.0 ], [ -46.932546437, -23.122944801, 0.0 ], [ -46.932334077, -23.122779216, 0.0 ] ] ] } },
{ "type": "Feature", "properties": { }, "geometry": { "type": "Polygon", "coordinates": [ [ [ -46.932589456999899, -23.122474684999901, 0.0 ], [ -46.932334077, -23.122779216, 0.0 ], [ -46.932546437, -23.122944801, 0.0 ], [ -46.932813498, -23.122602329, 0.0 ], [ -46.932589456999899, -23.122474684999901, 0.0 ] ] ] } },
{ "type": "Feature", "properties": { }, "geometry": { "type": "Polygon", "coordinates": [ [ [ -46.932835329999897, -23.12224408, 0.0 ], [ -46.932589456999899, -23.122474683999901, 0.0 ], [ -46.932813498, -23.122602329, 0.0 ], [ -46.932990761, -23.122319305999898, 0.0 ], [ -46.932835329999897, -23.12224408, 0.0 ] ] ] } },
{ "type": "Feature", "properties": { }, "geometry": { "type": "Polygon", "coordinates": [ [ [ -46.932967936999901, -23.122193377, 0.0 ], [ -46.932858054999897, -23.122234730999899, 0.0 ], [ -46.932835331, -23.12224408, 0.0 ], [ -46.932990761, -23.122319305999898, 0.0 ], [ -46.933041929999902, -23.1222278279999, 0.0 ], [ -46.932967936999901, -23.122193377, 0.0 ] ] ] } },
{ "type": "Feature", "properties": { }, "geometry": { "type": "Polygon", "coordinates": [ [ [ -46.933041929999902, -23.1222278279999, 0.0 ], [ -46.933186453, -23.121943080999898, 0.0 ], [ -46.93309683, -23.121907672, 0.0 ], [ -46.932967936999901, -23.122193377, 0.0 ], [ -46.933041929999902, -23.1222278279999, 0.0 ] ] ] } },
{ "type": "Feature", "properties": { }, "geometry": { "type": "Polygon", "coordinates": [ [ [ -46.933108628, -23.121602015, 0.0 ], [ -46.93309683, -23.121907672, 0.0 ], [ -46.933186453, -23.121943080999898, 0.0 ], [ -46.933304948999897, -23.121669742999899, 0.0 ], [ -46.933108628, -23.121602015, 0.0 ] ] ] } },
{ "type": "Feature", "properties": { }, "geometry": { "type": "Polygon", "coordinates": [ [ [ -46.933233141999899, -23.121235338999899, 0.0 ], [ -46.933108628, -23.121602015, 0.0 ], [ -46.933304948999897, -23.121669742999899, 0.0 ], [ -46.933440876, -23.121300278, 0.0 ], [ -46.933233141999899, -23.121235338999899, 0.0 ] ] ] } },
{ "type": "Feature", "properties": { }, "geometry": { "type": "Polygon", "coordinates": [ [ [ -46.933500593, -23.121135631999898, 0.0 ], [ -46.933296438, -23.12107505, 0.0 ], [ -46.933233141999899, -23.121235338999899, 0.0 ], [ -46.933440876, -23.121300278, 0.0 ], [ -46.933500593, -23.121135631999898, 0.0 ] ] ] } },
{ "type": "Feature", "properties": { }, "geometry": { "type": "Polygon", "coordinates": [ [ [ -46.933605977, -23.120591678, 0.0 ], [ -46.933517821999899, -23.120724217, 0.0 ], [ -46.933296438, -23.121075049, 0.0 ], [ -46.933500593, -23.121135631999898, 0.0 ], [ -46.933680689, -23.120612290999901, 0.0 ], [ -46.933605977, -23.120591678, 0.0 ] ] ] } },
{ "type": "Feature", "properties": { }, "geometry": { "type": "Polygon", "coordinates": [ [ [ -46.933704744999901, -23.120296955, 0.0 ], [ -46.933605977, -23.120591678, 0.0 ], [ -46.933680689, -23.120612290999901, 0.0 ], [ -46.933782907, -23.120322331999901, 0.0 ], [ -46.933704744999901, -23.120296955, 0.0 ] ] ] } },
{ "type": "Feature", "properties": { }, "geometry": { "type": "Polygon", "coordinates": [ [ [ -46.933803993, -23.119956204999909, 0.0 ], [ -46.933704744999901, -23.120296955, 0.0 ], [ -46.933782907, -23.120322331999901, 0.0 ], [ -46.933916871999898, -23.119998575, 0.0 ], [ -46.933803993, -23.119956204999909, 0.0 ] ] ] } },
{ "type": "Feature", "properties": { }, "geometry": { "type": "Polygon", "coordinates": [ [ [ -46.93396604, -23.119580955999901, 0.0 ], [ -46.933803993, -23.119956204999909, 0.0 ], [ -46.933916871999898, -23.119998575, 0.0 ], [ -46.934093291999908, -23.11963779, 0.0 ], [ -46.93396604, -23.119580955999901, 0.0 ] ] ] } },
{ "type": "Feature", "properties": { }, "geometry": { "type": "Polygon", "coordinates": [ [ [ -46.934083987, -23.1192275299999, 0.0 ], [ -46.93396604, -23.119580955999901, 0.0 ], [ -46.934093291999908, -23.11963779, 0.0 ], [ -46.934271935, -23.119322954, 0.0 ], [ -46.934083987, -23.1192275299999, 0.0 ] ] ] } },
{ "type": "Feature", "properties": { }, "geometry": { "type": "Polygon", "coordinates": [ [ [ -46.934083987, -23.1192275299999, 0.0 ], [ -46.934271935, -23.119322954, 0.0 ], [ -46.9344640529999, -23.119022055, 0.0 ], [ -46.934274598999899, -23.118911259, 0.0 ], [ -46.934083987, -23.1192275299999, 0.0 ] ] ] } },
{ "type": "Feature", "properties": { }, "geometry": { "type": "Polygon", "coordinates": [ [ [ -46.934516533, -23.1186418089999, 0.0 ], [ -46.934274598999899, -23.118911259, 0.0 ], [ -46.9344640529999, -23.119022055, 0.0 ], [ -46.934669378, -23.118738483, 0.0 ], [ -46.934516533, -23.1186418089999, 0.0 ] ] ] } },
{ "type": "Feature", "properties": { }, "geometry": { "type": "Polygon", "coordinates": [ [ [ -46.934516533, -23.118641808, 0.0 ], [ -46.934669378, -23.118738483, 0.0 ], [ -46.934748374, -23.118628206, 0.0 ], [ -46.934585657999897, -23.118528958999899, 0.0 ], [ -46.934516533, -23.118641808, 0.0 ] ] ] } },
{ "type": "Feature", "properties": { }, "geometry": { "type": "Polygon", "coordinates": [ [ [ -46.935056432, -23.1179426469999, 0.0 ], [ -46.934820507, -23.118249161999898, 0.0 ], [ -46.934585657999897, -23.118528958999899, 0.0 ], [ -46.934748374, -23.118628206, 0.0 ], [ -46.935159088, -23.117994458999899, 0.0 ], [ -46.935056432, -23.1179426469999, 0.0 ] ] ] } },
{ "type": "Feature", "properties": { }, "geometry": { "type": "Polygon", "coordinates": [ [ [ -46.935159088, -23.117994458999899, 0.0 ], [ -46.935264729, -23.117811533999902, 0.0 ], [ -46.935161158, -23.117761303, 0.0 ], [ -46.935056432, -23.1179426469999, 0.0 ], [ -46.935159088, -23.117994458999899, 0.0 ] ] ] } },
{ "type": "Feature", "properties": { }, "geometry": { "type": "Polygon", "coordinates": [ [ [ -46.935161158, -23.117761303, 0.0 ], [ -46.935264729, -23.117811533999902, 0.0 ], [ -46.935332746, -23.117680968999899, 0.0 ], [ -46.935212819999897, -23.11763093, 0.0 ], [ -46.935161158, -23.117761303, 0.0 ] ] ] } },
{ "type": "Feature", "properties": { }, "geometry": { "type": "Polygon", "coordinates": [ [ [ -46.935332746, -23.117680968999899, 0.0 ], [ -46.935425241, -23.117467731, 0.0 ], [ -46.935301314999897, -23.117426875, 0.0 ], [ -46.935212819999897, -23.11763093, 0.0 ], [ -46.935332746, -23.117680968999899, 0.0 ] ] ] } },
{ "type": "Feature", "properties": { }, "geometry": { "type": "Polygon", "coordinates": [ [ [ -46.935461077, -23.116697212999899, 0.0 ], [ -46.935396235, -23.117099147, 0.0 ], [ -46.935301314999897, -23.117426875, 0.0 ], [ -46.935425241, -23.117467731, 0.0 ], [ -46.935534699999913, -23.1171307729999, 0.0 ], [ -46.9356155689999, -23.116716729, 0.0 ], [ -46.935461077, -23.116697212999899, 0.0 ] ] ] } },
{ "type": "Feature", "properties": { }, "geometry": { "type": "Polygon", "coordinates": [ [ [ -46.935679265, -23.115929803, 0.0 ], [ -46.93554428600001, -23.115915284, 0.0 ], [ -46.935461077, -23.116697212999899, 0.0 ], [ -46.9356155689999, -23.116716729, 0.0 ], [ -46.935679265, -23.115929803, 0.0 ] ] ] } },
{ "type": "Feature", "properties": { }, "geometry": { "type": "Polygon", "coordinates": [ [ [ -46.935625568, -23.115573308, 0.0 ], [ -46.93554428600001, -23.115915284, 0.0 ], [ -46.935679265, -23.115929803, 0.0 ], [ -46.935708195, -23.1155787339999, 0.0 ], [ -46.935625568, -23.115573308, 0.0 ] ] ] } },
{ "type": "Feature", "properties": { }, "geometry": { "type": "Polygon", "coordinates": [ [ [ -46.935708195, -23.1155787339999, 0.0 ], [ -46.935737412, -23.115235206, 0.0 ], [ -46.935631018, -23.115223087, 0.0 ], [ -46.935625568, -23.115573308, 0.0 ], [ -46.935708195, -23.1155787339999, 0.0 ] ] ] } },
{ "type": "Feature", "properties": { }, "geometry": { "type": "Polygon", "coordinates": [ [ [ -46.935770243, -23.114505769, 0.0 ], [ -46.935688334, -23.114832008999901, 0.0 ], [ -46.935631018, -23.115223087, 0.0 ], [ -46.935737412, -23.115235206, 0.0 ], [ -46.935804256, -23.114851525999899, 0.0 ], [ -46.935891269, -23.114540408, 0.0 ], [ -46.935770243, -23.114505769, 0.0 ] ] ] } },
{ "type": "Feature", "properties": { }, "geometry": { "type": "Polygon", "coordinates": [ [ [ -46.935770243, -23.114505769, 0.0 ], [ -46.935891269, -23.114540408, 0.0 ], [ -46.935994147, -23.114260515999899, 0.0 ], [ -46.936179717999892, -23.113898592999899, 0.0 ], [ -46.93609189499989, -23.113858623999899, 0.0 ], [ -46.935889752, -23.114217407, 0.0 ], [ -46.935770243, -23.114505769, 0.0 ] ] ] } },
{ "type": "Feature", "properties": { }, "geometry": { "type": "Polygon", "coordinates": [ [ [ -46.93627836, -23.113747300999901, 0.0 ], [ -46.936146815, -23.11366987, 0.0 ], [ -46.936093478, -23.113856615, 0.0 ], [ -46.936179717999892, -23.113898592999899, 0.0 ], [ -46.93627836, -23.113747300999901, 0.0 ] ] ] } },
{ "type": "Feature", "properties": { }, "geometry": { "type": "Polygon", "coordinates": [ [ [ -46.936498016, -23.113459707, 0.0 ], [ -46.936280536, -23.113307275999901, 0.0 ], [ -46.936146815, -23.11366987, 0.0 ], [ -46.93627836, -23.113747300999901, 0.0 ], [ -46.936498016, -23.113459707, 0.0 ] ] ] } },
{ "type": "Feature", "properties": { }, "geometry": { "type": "Polygon", "coordinates": [ [ [ -46.936425194, -23.113173377, 0.0 ], [ -46.936280536, -23.113307275999901, 0.0 ], [ -46.936498016, -23.113459707, 0.0 ], [ -46.936620233, -23.1133229779999, 0.0 ], [ -46.936425194, -23.113173377, 0.0 ] ] ] } },
{ "type": "Feature", "properties": { }, "geometry": { "type": "Polygon", "coordinates": [ [ [ -46.936425194, -23.113173377, 0.0 ], [ -46.936620233, -23.1133229779999, 0.0 ], [ -46.936891022999909, -23.113051762999898, 0.0 ], [ -46.936815007, -23.112981851, 0.0 ], [ -46.936425194, -23.113173377, 0.0 ] ] ] } },
{ "type": "Feature", "properties": { }, "geometry": { "type": "Polygon", "coordinates": [ [ [ -46.936981736, -23.112880948999901, 0.0 ], [ -46.936850347, -23.112958384, 0.0 ], [ -46.936815007, -23.112981851, 0.0 ], [ -46.936891022999909, -23.113051762999898, 0.0 ], [ -46.93703067, -23.1129311669999, 0.0 ], [ -46.936981736, -23.112880948999901, 0.0 ] ] ] } },
{ "type": "Feature", "properties": { }, "geometry": { "type": "Polygon", "coordinates": [ [ [ -46.936981736, -23.112880948999901, 0.0 ], [ -46.93703067, -23.1129311669999, 0.0 ], [ -46.937279925, -23.1127327139999, 0.0 ], [ -46.937233417, -23.112680562, 0.0 ], [ -46.936981736, -23.112880948999901, 0.0 ] ] ] } },
{ "type": "Feature", "properties": { }, "geometry": { "type": "Polygon", "coordinates": [ [ [ -46.937838639999903, -23.112171143999898, 0.0 ], [ -46.937233417, -23.112680562, 0.0 ], [ -46.937279925, -23.1127327139999, 0.0 ], [ -46.937910011, -23.112251065999899, 0.0 ], [ -46.937838639999903, -23.112171143999898, 0.0 ] ] ] } },
{ "type": "Feature", "properties": { }, "geometry": { "type": "Polygon", "coordinates": [ [ [ -46.938010508999987, -23.1120690559999, 0.0 ], [ -46.937838639999903, -23.112171143999898, 0.0 ], [ -46.937910011, -23.112251065999899, 0.0 ], [ -46.938066364, -23.112131603, 0.0 ], [ -46.938010508999987, -23.1120690559999, 0.0 ] ] ] } },
{ "type": "Feature", "properties": { }, "geometry": { "type": "Polygon", "coordinates": [ [ [ -46.938165071999897, -23.111927554, 0.0 ], [ -46.938010508999987, -23.1120690559999, 0.0 ], [ -46.938066364, -23.112131603, 0.0 ], [ -46.938233356, -23.112003988, 0.0 ], [ -46.938165071999897, -23.111927554, 0.0 ] ] ] } },
{ "type": "Feature", "properties": { }, "geometry": { "type": "Polygon", "coordinates": [ [ [ -46.93905066100001, -23.111287513, 0.0 ], [ -46.938318701999897, -23.111816247, 0.0 ], [ -46.938165071999897, -23.111927554, 0.0 ], [ -46.938233356, -23.112003988, 0.0 ], [ -46.93910025, -23.111343156, 0.0 ], [ -46.93905066100001, -23.111287513, 0.0 ] ] ] } },
{ "type": "Feature", "properties": { }, "geometry": { "type": "Polygon", "coordinates": [ [ [ -46.939237411, -23.111121651999898, 0.0 ], [ -46.93905066100001, -23.111287513, 0.0 ], [ -46.93910025, -23.111343156, 0.0 ], [ -46.939299493, -23.111191133, 0.0 ], [ -46.939237411, -23.111121651999898, 0.0 ] ] ] } },
{ "type": "Feature", "properties": { }, "geometry": { "type": "Polygon", "coordinates": [ [ [ -46.939953988999903, -23.110562816, 0.0 ], [ -46.939790168999892, -23.1106992009999, 0.0 ], [ -46.939852096, -23.110768800999899, 0.0 ], [ -46.940022107999901, -23.110639374999899, 0.0 ], [ -46.939953988999903, -23.110562816, 0.0 ] ] ] } },
{ "type": "Feature", "properties": { }, "geometry": { "type": "Polygon", "coordinates": [ [ [ -46.939237411, -23.111121651999898, 0.0 ], [ -46.939299493, -23.111191133, 0.0 ], [ -46.939852096, -23.110768800999899, 0.0 ], [ -46.939790168999892, -23.1106992009999, 0.0 ], [ -46.939237411, -23.111121651999898, 0.0 ] ] ] } },
{ "type": "Feature", "properties": { }, "geometry": { "type": "Polygon", "coordinates": [ [ [ -46.940176634999887, -23.110320819, 0.0 ], [ -46.939953988999903, -23.110562815, 0.0 ], [ -46.940022107999901, -23.110639374999899, 0.0 ], [ -46.940284674999901, -23.110436986, 0.0 ], [ -46.940176634999887, -23.110320819, 0.0 ] ] ] } },
{ "type": "Feature", "properties": { }, "geometry": { "type": "Polygon", "coordinates": [ [ [ -46.940593247, -23.1098019729999, 0.0 ], [ -46.940314285999897, -23.110170651, 0.0 ], [ -46.940176634999887, -23.110320819, 0.0 ], [ -46.940284674999901, -23.110436986, 0.0 ], [ -46.940449081999887, -23.110301955, 0.0 ], [ -46.940797146, -23.10996283, 0.0 ], [ -46.940593247, -23.1098019729999, 0.0 ] ] ] } },
{ "type": "Feature", "properties": { }, "geometry": { "type": "Polygon", "coordinates": [ [ [ -46.940878627, -23.109428674999901, 0.0 ], [ -46.940593247, -23.1098019719999, 0.0 ], [ -46.940797146, -23.10996283, 0.0 ], [ -46.941115426999907, -23.1095713459999, 0.0 ], [ -46.940878627, -23.109428674999901, 0.0 ] ] ] } },
{ "type": "Feature", "properties": { }, "geometry": { "type": "Polygon", "coordinates": [ [ [ -46.941084539, -23.109131202, 0.0 ], [ -46.940878627, -23.109428674999901, 0.0 ], [ -46.941115426999907, -23.1095713459999, 0.0 ], [ -46.941298839999902, -23.109279446, 0.0 ], [ -46.941084539, -23.109131202, 0.0 ] ] ] } },
{ "type": "Feature", "properties": { }, "geometry": { "type": "Polygon", "coordinates": [ [ [ -46.941299106, -23.109278989, 0.0 ], [ -46.9413426529999, -23.109194762999898, 0.0 ], [ -46.941114082000013, -23.109093646, 0.0 ], [ -46.941084539, -23.109131202, 0.0 ], [ -46.941299106, -23.109278989, 0.0 ] ] ] } },
{ "type": "Feature", "properties": { }, "geometry": { "type": "Polygon", "coordinates": [ [ [ -46.941359213999903, -23.1087606789999, 0.0 ], [ -46.941114082000013, -23.109093646, 0.0 ], [ -46.9413426529999, -23.109194762999898, 0.0 ], [ -46.941518664999897, -23.1088166219999, 0.0 ], [ -46.941359213999903, -23.1087606789999, 0.0 ] ] ] } },
{ "type": "Feature", "properties": { }, "geometry": { "type": "Polygon", "coordinates": [ [ [ -46.94136377, -23.108762277, 0.0 ], [ -46.941518664999897, -23.1088166219999, 0.0 ], [ -46.941583767999909, -23.108631862, 0.0 ], [ -46.941453233999887, -23.108595169999901, 0.0 ], [ -46.94136377, -23.108762277, 0.0 ] ] ] } },
{ "type": "Feature", "properties": { }, "geometry": { "type": "Polygon", "coordinates": [ [ [ -46.941453233999887, -23.108595169999901, 0.0 ], [ -46.941583767999909, -23.108631862, 0.0 ], [ -46.941646733, -23.108423421999898, 0.0 ], [ -46.941529096, -23.108394183, 0.0 ], [ -46.941453233999887, -23.108595169999901, 0.0 ] ] ] } },
{ "type": "Feature", "properties": { }, "geometry": { "type": "Polygon", "coordinates": [ [ [ -46.941648374, -23.1079404759999, 0.0 ], [ -46.941529096, -23.108394183, 0.0 ], [ -46.941646733, -23.108423421999898, 0.0 ], [ -46.941730853, -23.107947528999901, 0.0 ], [ -46.941648374, -23.1079404759999, 0.0 ] ] ] } },
{ "type": "Feature", "properties": { }, "geometry": { "type": "Polygon", "coordinates": [ [ [ -46.94167013, -23.107782015999899, 0.0 ], [ -46.941648374, -23.1079404759999, 0.0 ], [ -46.941730853, -23.107947528999901, 0.0 ], [ -46.941743081, -23.107786126999901, 0.0 ], [ -46.94167013, -23.107782015999899, 0.0 ] ] ] } },
{ "type": "Feature", "properties": { }, "geometry": { "type": "Polygon", "coordinates": [ [ [ -46.941741007999987, -23.107412221999901, 0.0 ], [ -46.941672821999902, -23.107414032, 0.0 ], [ -46.94167013, -23.107782015999899, 0.0 ], [ -46.941743081, -23.107786126999901, 0.0 ], [ -46.941741007999987, -23.107412221999901, 0.0 ] ] ] } },
{ "type": "Feature", "properties": { }, "geometry": { "type": "Polygon", "coordinates": [ [ [ -46.941697721, -23.107029398999899, 0.0 ], [ -46.941587149, -23.107046264, 0.0 ], [ -46.941672821999902, -23.107414032, 0.0 ], [ -46.941741007999987, -23.107412221999901, 0.0 ], [ -46.941697721, -23.107029398999899, 0.0 ] ] ] } },
{ "type": "Feature", "properties": { }, "geometry": { "type": "Polygon", "coordinates": [ [ [ -46.941587149, -23.107046264, 0.0 ], [ -46.941697721, -23.107029398999899, 0.0 ], [ -46.941660683, -23.106838562, 0.0 ], [ -46.941507784, -23.106866796999899, 0.0 ], [ -46.941587149, -23.107046264, 0.0 ] ] ] } },
{ "type": "Feature", "properties": { }, "geometry": { "type": "Polygon", "coordinates": [ [ [ -46.941624548999989, -23.106674577, 0.0 ], [ -46.941519533999987, -23.106694459, 0.0 ], [ -46.941507784, -23.106866796999899, 0.0 ], [ -46.941660683, -23.106838562, 0.0 ], [ -46.941624548999989, -23.106674577, 0.0 ] ] ] } },
{ "type": "Feature", "properties": { }, "geometry": { "type": "Polygon", "coordinates": [ [ [ -46.941519533999987, -23.1066944579999, 0.0 ], [ -46.941624548999989, -23.106674577, 0.0 ], [ -46.941389762, -23.105609337, 0.0 ], [ -46.941256106, -23.105634634, 0.0 ], [ -46.941519533999987, -23.1066944579999, 0.0 ] ] ] } },
{ "type": "Feature", "properties": { }, "geometry": { "type": "Polygon", "coordinates": [ [ [ -46.941256106, -23.105634634, 0.0 ], [ -46.941389762, -23.105609337, 0.0 ], [ -46.941319872999891, -23.10525856, 0.0 ], [ -46.941208912, -23.105273058, 0.0 ], [ -46.941256106, -23.105634634, 0.0 ] ] ] } },
{ "type": "Feature", "properties": { }, "geometry": { "type": "Polygon", "coordinates": [ [ [ -46.941208912, -23.105273058, 0.0 ], [ -46.941319872999891, -23.10525856, 0.0 ], [ -46.941274617, -23.104800688999902, 0.0 ], [ -46.941274904, -23.104461430999901, 0.0 ], [ -46.941298388999897, -23.104167006, 0.0 ], [ -46.94119183, -23.104156264, 0.0 ], [ -46.94116625, -23.104465715999901, 0.0 ], [ -46.941164533999903, -23.104793318, 0.0 ], [ -46.941208912, -23.105273058, 0.0 ] ] ] } },
{ "type": "Feature", "properties": { }, "geometry": { "type": "Polygon", "coordinates": [ [ [ -46.941120772999987, -23.103825491, 0.0 ], [ -46.941104646, -23.104147476, 0.0 ], [ -46.941298388999897, -23.104167006, 0.0 ], [ -46.941342487, -23.1038558129999, 0.0 ], [ -46.941120772999987, -23.103825491, 0.0 ] ] ] } },
{ "type": "Feature", "properties": { }, "geometry": { "type": "Polygon", "coordinates": [ [ [ -46.941189987, -23.103440029, 0.0 ], [ -46.941120772999987, -23.103825491, 0.0 ], [ -46.941342487, -23.1038558129999, 0.0 ], [ -46.941425033, -23.103499262, 0.0 ], [ -46.941189987, -23.103440029, 0.0 ] ] ] } },
{ "type": "Feature", "properties": { }, "geometry": { "type": "Polygon", "coordinates": [ [ [ -46.941509102999902, -23.103241610999898, 0.0 ], [ -46.941270309999901, -23.103163298, 0.0 ], [ -46.941189987, -23.103440029, 0.0 ], [ -46.941425033, -23.103499262, 0.0 ], [ -46.941509102999902, -23.103241610999898, 0.0 ] ] ] } },
{ "type": "Feature", "properties": { }, "geometry": { "type": "Polygon", "coordinates": [ [ [ -46.942338988, -23.101497767999899, 0.0 ], [ -46.942296504999902, -23.1015560989999, 0.0 ], [ -46.942486929, -23.101710687, 0.0 ], [ -46.942532508999911, -23.101662651, 0.0 ], [ -46.942338988, -23.101497767999899, 0.0 ] ] ] } },
{ "type": "Feature", "properties": { }, "geometry": { "type": "Polygon", "coordinates": [ [ [ -46.942486929, -23.101710687, 0.0 ], [ -46.942296504999902, -23.1015560989999, 0.0 ], [ -46.942116039, -23.101757677, 0.0 ], [ -46.941890166999897, -23.102040836, 0.0 ], [ -46.941610892999989, -23.102455615999901, 0.0 ], [ -46.941410014, -23.102833059, 0.0 ], [ -46.941270309999901, -23.103163298, 0.0 ], [ -46.941509102999902, -23.103241610999898, 0.0 ], [ -46.941725639, -23.102758654999899, 0.0 ], [ -46.941909133, -23.1024439, 0.0 ], [ -46.942223187, -23.10201286, 0.0 ], [ -46.942486929, -23.101710687, 0.0 ] ] ] } },
{ "type": "Feature", "properties": { }, "geometry": { "type": "Polygon", "coordinates": [ [ [ -46.942338988, -23.101497767999899, 0.0 ], [ -46.942532508999911, -23.101662651, 0.0 ], [ -46.942612716, -23.101582095, 0.0 ], [ -46.942419195, -23.101417211999902, 0.0 ], [ -46.942338988, -23.101497767999899, 0.0 ] ] ] } },
{ "type": "Feature", "properties": { }, "geometry": { "type": "Polygon", "coordinates": [ [ [ -46.9435642, -23.100677263999899, 0.0 ], [ -46.943229813, -23.100959385, 0.0 ], [ -46.943282834999899, -23.1010182479999, 0.0 ], [ -46.943634565, -23.100757941, 0.0 ], [ -46.9435642, -23.100677263999899, 0.0 ] ] ] } },
{ "type": "Feature", "properties": { }, "geometry": { "type": "Polygon", "coordinates": [ [ [ -46.942612716, -23.101582095, 0.0 ], [ -46.942898548, -23.101322184, 0.0 ], [ -46.943282834999899, -23.1010182479999, 0.0 ], [ -46.943229813, -23.100959385, 0.0 ], [ -46.942843247, -23.101265144, 0.0 ], [ -46.942551793, -23.101530187, 0.0 ], [ -46.942612716, -23.101582095, 0.0 ] ] ] } },
{ "type": "Feature", "properties": { }, "geometry": { "type": "Polygon", "coordinates": [ [ [ -46.943987809, -23.100391536999901, 0.0 ], [ -46.943824294, -23.100500865999901, 0.0 ], [ -46.9435642, -23.100677263, 0.0 ], [ -46.943634565, -23.100757941, 0.0 ], [ -46.944042456, -23.100454989, 0.0 ], [ -46.943987809, -23.100391536999901, 0.0 ] ] ] } },
{ "type": "Feature", "properties": { }, "geometry": { "type": "Polygon", "coordinates": [ [ [ -46.944408138999989, -23.100099299, 0.0 ], [ -46.944190389, -23.100250548999899, 0.0 ], [ -46.943987809, -23.100391536999901, 0.0 ], [ -46.944042456, -23.100454989, 0.0 ], [ -46.944453635999899, -23.100152206, 0.0 ], [ -46.944408138999989, -23.100099299, 0.0 ] ] ] } },
{ "type": "Feature", "properties": { }, "geometry": { "type": "Polygon", "coordinates": [ [ [ -46.944847373999892, -23.099862838, 0.0 ], [ -46.944811009000013, -23.099820488, 0.0 ], [ -46.94440814, -23.100099298, 0.0 ], [ -46.944453635999899, -23.100152206, 0.0 ], [ -46.944847373999892, -23.099862838, 0.0 ] ] ] } },
{ "type": "Feature", "properties": { }, "geometry": { "type": "Polygon", "coordinates": [ [ [ -46.944811009000013, -23.099820488, 0.0 ], [ -46.944847373999892, -23.099862838, 0.0 ], [ -46.945412506, -23.099429867, 0.0 ], [ -46.945366932, -23.09938292, 0.0 ], [ -46.944811009000013, -23.099820488, 0.0 ] ] ] } },
{ "type": "Feature", "properties": { }, "geometry": { "type": "Polygon", "coordinates": [ [ [ -46.945366932, -23.09938292, 0.0 ], [ -46.945412506, -23.099429867, 0.0 ], [ -46.945607535, -23.099258504, 0.0 ], [ -46.945562412, -23.099217387, 0.0 ], [ -46.945366932, -23.09938292, 0.0 ] ] ] } },
{ "type": "Feature", "properties": { }, "geometry": { "type": "Polygon", "coordinates": [ [ [ -46.945562412, -23.099217387, 0.0 ], [ -46.945607535, -23.099258504, 0.0 ], [ -46.945871341, -23.098994092999899, 0.0 ], [ -46.945829945, -23.098962604999901, 0.0 ], [ -46.945562412, -23.099217387, 0.0 ] ] ] } },
{ "type": "Feature", "properties": { }, "geometry": { "type": "Polygon", "coordinates": [ [ [ -46.946186301, -23.098506126999901, 0.0 ], [ -46.945829945, -23.098962604999901, 0.0 ], [ -46.945871341, -23.098994092999899, 0.0 ], [ -46.946242906999913, -23.098541331, 0.0 ], [ -46.946186301, -23.098506126999901, 0.0 ] ] ] } },
{ "type": "Feature", "properties": { }, "geometry": { "type": "Polygon", "coordinates": [ [ [ -46.946516770999899, -23.098008945999901, 0.0 ], [ -46.946336022, -23.098300003, 0.0 ], [ -46.946186301, -23.098506126999901, 0.0 ], [ -46.946242906999913, -23.098541331, 0.0 ], [ -46.946389396, -23.098333011, 0.0 ], [ -46.946568499, -23.098034149999901, 0.0 ], [ -46.946516770999899, -23.098008945999901, 0.0 ] ] ] } },
{ "type": "Feature", "properties": { }, "geometry": { "type": "Polygon", "coordinates": [ [ [ -46.946516770999899, -23.098008945999901, 0.0 ], [ -46.946568499, -23.098034149999901, 0.0 ], [ -46.946712514999902, -23.097753284, 0.0 ], [ -46.946649820999902, -23.097728429, 0.0 ], [ -46.946516770999899, -23.098008945999901, 0.0 ] ] ] } },
{ "type": "Feature", "properties": { }, "geometry": { "type": "Polygon", "coordinates": [ [ [ -46.946674282999901, -23.0975356, 0.0 ], [ -46.946649820999902, -23.097728428, 0.0 ], [ -46.946712514999902, -23.097753284, 0.0 ], [ -46.946792202, -23.097578407, 0.0 ], [ -46.946674282999901, -23.0975356, 0.0 ] ] ] } },
{ "type": "Feature", "properties": { }, "geometry": { "type": "Polygon", "coordinates": [ [ [ -46.946803727, -23.097162443999899, 0.0 ], [ -46.946674282999901, -23.0975356, 0.0 ], [ -46.946792202, -23.097578407, 0.0 ], [ -46.946934585999898, -23.0971981, 0.0 ], [ -46.946803727, -23.097162443999899, 0.0 ] ] ] } },
{ "type": "Feature", "properties": { }, "geometry": { "type": "Polygon", "coordinates": [ [ [ -46.946803727, -23.097162443999899, 0.0 ], [ -46.946934585999898, -23.0971981, 0.0 ], [ -46.947021373, -23.0969006189999, 0.0 ], [ -46.946916124, -23.096878094, 0.0 ], [ -46.946803727, -23.097162443999899, 0.0 ] ] ] } },
{ "type": "Feature", "properties": { }, "geometry": { "type": "Polygon", "coordinates": [ [ [ -46.946930869, -23.096695331, 0.0 ], [ -46.946917374999913, -23.0968766189999, 0.0 ], [ -46.947021373, -23.0969006189999, 0.0 ], [ -46.947064812999898, -23.0967192489999, 0.0 ], [ -46.946930869, -23.096695331, 0.0 ] ] ] } },
{ "type": "Feature", "properties": { }, "geometry": { "type": "Polygon", "coordinates": [ [ [ -46.947023679, -23.096531559, 0.0 ], [ -46.946930869, -23.096695331, 0.0 ], [ -46.947064812999898, -23.0967192489999, 0.0 ], [ -46.947100609, -23.096543193999899, 0.0 ], [ -46.947023679, -23.096531559, 0.0 ] ] ] } },
{ "type": "Feature", "properties": { }, "geometry": { "type": "Polygon", "coordinates": [ [ [ -46.947100609, -23.096543193999899, 0.0 ], [ -46.947128565, -23.096375931999901, 0.0 ], [ -46.947051271, -23.096366582, 0.0 ], [ -46.947023679, -23.096531559, 0.0 ], [ -46.947100609, -23.096543193999899, 0.0 ] ] ] } },
{ "type": "Feature", "properties": { }, "geometry": { "type": "Polygon", "coordinates": [ [ [ -46.947060133, -23.096199595, 0.0 ], [ -46.947051271, -23.096366582, 0.0 ], [ -46.947128565, -23.096375931999901, 0.0 ], [ -46.947151919, -23.096210697999901, 0.0 ], [ -46.947060133, -23.096199595, 0.0 ] ] ] } },
{ "type": "Feature", "properties": { }, "geometry": { "type": "Polygon", "coordinates": [ [ [ -46.947073296, -23.095829416, 0.0 ], [ -46.947060133, -23.096199595, 0.0 ], [ -46.947151919, -23.096210697999901, 0.0 ], [ -46.947189882, -23.0958376839999, 0.0 ], [ -46.947073296, -23.095829416, 0.0 ] ] ] } },
{ "type": "Feature", "properties": { }, "geometry": { "type": "Polygon", "coordinates": [ [ [ -46.947097396999901, -23.095630458999899, 0.0 ], [ -46.947073296, -23.095829416, 0.0 ], [ -46.947189882, -23.0958376839999, 0.0 ], [ -46.947199624999897, -23.095634284, 0.0 ], [ -46.947097396999901, -23.095630458999899, 0.0 ] ] ] } },
{ "type": "Feature", "properties": { }, "geometry": { "type": "Polygon", "coordinates": [ [ [ -46.947092348000012, -23.095463112999902, 0.0 ], [ -46.947097396999901, -23.095630458999899, 0.0 ], [ -46.947199624999897, -23.095634284, 0.0 ], [ -46.947204396, -23.095464309, 0.0 ], [ -46.947092348000012, -23.095463112999902, 0.0 ] ] ] } },
{ "type": "Feature", "properties": { }, "geometry": { "type": "Polygon", "coordinates": [ [ [ -46.947139635, -23.095259374, 0.0 ], [ -46.947092348000012, -23.095463112999902, 0.0 ], [ -46.947204396, -23.095464309, 0.0 ], [ -46.947207815, -23.095261175999902, 0.0 ], [ -46.947139635, -23.095259374, 0.0 ] ] ] } },
{ "type": "Feature", "properties": { }, "geometry": { "type": "Polygon", "coordinates": [ [ [ -46.947136367, -23.094716092999899, 0.0 ], [ -46.947139635, -23.095259374, 0.0 ], [ -46.947207815, -23.095261175999902, 0.0 ], [ -46.947242921999901, -23.094726814, 0.0 ], [ -46.947136367, -23.094716092999899, 0.0 ] ] ] } },
{ "type": "Feature", "properties": { }, "geometry": { "type": "Polygon", "coordinates": [ [ [ -46.947156155, -23.094352748999899, 0.0 ], [ -46.947136367, -23.094716092999899, 0.0 ], [ -46.947242921999901, -23.094726814, 0.0 ], [ -46.947290796999908, -23.094373021, 0.0 ], [ -46.947156155, -23.094352748999899, 0.0 ] ] ] } },
{ "type": "Feature", "properties": { }, "geometry": { "type": "Polygon", "coordinates": [ [ [ -46.947182727999987, -23.0941927759999, 0.0 ], [ -46.947156155, -23.094352748999899, 0.0 ], [ -46.947290796999908, -23.094373021, 0.0 ], [ -46.947321449, -23.094217573, 0.0 ], [ -46.947182727999987, -23.0941927759999, 0.0 ] ] ] } },
{ "type": "Feature", "properties": { }, "geometry": { "type": "Polygon", "coordinates": [ [ [ -46.947236545, -23.094018368, 0.0 ], [ -46.947182727999987, -23.0941927759999, 0.0 ], [ -46.947321449, -23.094217573, 0.0 ], [ -46.947360128999897, -23.0940440789999, 0.0 ], [ -46.947236545, -23.094018368, 0.0 ] ] ] } },
{ "type": "Feature", "properties": { }, "geometry": { "type": "Polygon", "coordinates": [ [ [ -46.947325117999988, -23.093838887999901, 0.0 ], [ -46.947236545, -23.094018368, 0.0 ], [ -46.947360128999897, -23.0940440789999, 0.0 ], [ -46.947405923, -23.093855699, 0.0 ], [ -46.947325117999988, -23.093838887999901, 0.0 ] ] ] } },
{ "type": "Feature", "properties": { }, "geometry": { "type": "Polygon", "coordinates": [ [ [ -46.947528306, -23.0934633869999, 0.0 ], [ -46.9475882139999, -23.093302281, 0.0 ], [ -46.947496074999897, -23.093272958999901, 0.0 ], [ -46.947453173, -23.093427, 0.0 ], [ -46.947528306, -23.0934633869999, 0.0 ] ] ] } },
{ "type": "Feature", "properties": { }, "geometry": { "type": "Polygon", "coordinates": [ [ [ -46.947761449, -23.092600344999909, 0.0 ], [ -46.94762947, -23.092958515, 0.0 ], [ -46.947719236, -23.092993572999902, 0.0 ], [ -46.947894741, -23.092666038999901, 0.0 ], [ -46.947761449, -23.092600344999909, 0.0 ] ] ] } },
{ "type": "Feature", "properties": { }, "geometry": { "type": "Polygon", "coordinates": [ [ [ -46.947496074999897, -23.093272958999901, 0.0 ], [ -46.9475882139999, -23.093302281, 0.0 ], [ -46.947719236, -23.092993572999902, 0.0 ], [ -46.94762947, -23.092958515, 0.0 ], [ -46.947496074999897, -23.093272958999901, 0.0 ] ] ] } },
{ "type": "Feature", "properties": { }, "geometry": { "type": "Polygon", "coordinates": [ [ [ -46.948033509, -23.092440999, 0.0 ], [ -46.947907723999897, -23.092372140999899, 0.0 ], [ -46.947761449, -23.092600344999909, 0.0 ], [ -46.947894741, -23.092666038999901, 0.0 ], [ -46.948033509, -23.092440999, 0.0 ] ] ] } },
{ "type": "Feature", "properties": { }, "geometry": { "type": "Polygon", "coordinates": [ [ [ -46.947907724999901, -23.092372140999899, 0.0 ], [ -46.948033509, -23.092440999, 0.0 ], [ -46.948183026, -23.092217122, 0.0 ], [ -46.948081913999893, -23.092161, 0.0 ], [ -46.947907724999901, -23.092372140999899, 0.0 ] ] ] } },
{ "type": "Feature", "properties": { }, "geometry": { "type": "Polygon", "coordinates": [ [ [ -46.948402347, -23.091695978999901, 0.0 ], [ -46.948083746, -23.092159982999899, 0.0 ], [ -46.948183026, -23.092217122, 0.0 ], [ -46.948510832, -23.091764799, 0.0 ], [ -46.948402347, -23.091695978999901, 0.0 ] ] ] } },
{ "type": "Feature", "properties": { }, "geometry": { "type": "Polygon", "coordinates": [ [ [ -46.948594406000012, -23.091471902, 0.0 ], [ -46.948402347, -23.091695978999901, 0.0 ], [ -46.948510832, -23.091764799, 0.0 ], [ -46.948681512999897, -23.091521545, 0.0 ], [ -46.948594406000012, -23.091471902, 0.0 ] ] ] } },
{ "type": "Feature", "properties": { }, "geometry": { "type": "Polygon", "coordinates": [ [ [ -46.948870672999902, -23.091042595, 0.0 ], [ -46.948594406000012, -23.091471902, 0.0 ], [ -46.948681512999897, -23.091521545, 0.0 ], [ -46.948941224999899, -23.091073257999891, 0.0 ], [ -46.948870672999902, -23.091042595, 0.0 ] ] ] } },
{ "type": "Feature", "properties": { }, "geometry": { "type": "Polygon", "coordinates": [ [ [ -46.948938051, -23.090927285, 0.0 ], [ -46.948870672999902, -23.091042595, 0.0 ], [ -46.948941224999899, -23.091073257999891, 0.0 ], [ -46.94900068, -23.0909522749999, 0.0 ], [ -46.948938051, -23.090927285, 0.0 ] ] ] } },
{ "type": "Feature", "properties": { }, "geometry": { "type": "Polygon", "coordinates": [ [ [ -46.949049080999913, -23.090525458999899, 0.0 ], [ -46.948938051, -23.090927285, 0.0 ], [ -46.94900068, -23.0909522749999, 0.0 ], [ -46.949164391, -23.090561738, 0.0 ], [ -46.949049080999913, -23.090525458999899, 0.0 ] ] ] } },
{ "type": "Feature", "properties": { }, "geometry": { "type": "Polygon", "coordinates": [ [ [ -46.949164391, -23.090561738, 0.0 ], [ -46.949305022, -23.0901107779999, 0.0 ], [ -46.949186528, -23.090084723, 0.0 ], [ -46.949049080999913, -23.090525458999899, 0.0 ], [ -46.949164391, -23.090561738, 0.0 ] ] ] } },
{ "type": "Feature", "properties": { }, "geometry": { "type": "Polygon", "coordinates": [ [ [ -46.949239755999898, -23.089704527, 0.0 ], [ -46.949186528, -23.090084723, 0.0 ], [ -46.949305022, -23.0901107779999, 0.0 ], [ -46.949388591999899, -23.089728227999899, 0.0 ], [ -46.949239755999898, -23.089704527, 0.0 ] ] ] } },
{ "type": "Feature", "properties": { }, "geometry": { "type": "Polygon", "coordinates": [ [ [ -46.949388591999899, -23.089728227999899, 0.0 ], [ -46.949448586, -23.089279427999902, 0.0 ], [ -46.949468403, -23.088780248, 0.0 ], [ -46.949234563999902, -23.08878157, 0.0 ], [ -46.949215521, -23.089261692, 0.0 ], [ -46.949158135999902, -23.0896915289999, 0.0 ], [ -46.949388591999899, -23.089728227999899, 0.0 ] ] ] } },
{ "type": "Feature", "properties": { }, "geometry": { "type": "Polygon", "coordinates": [ [ [ -46.949205681, -23.086066457999902, 0.0 ], [ -46.94906012500001, -23.086078626, 0.0 ], [ -46.949134551, -23.086851161, 0.0 ], [ -46.949296623, -23.088314511999901, 0.0 ], [ -46.949322254, -23.0887810739999, 0.0 ], [ -46.949468403, -23.088780248, 0.0 ], [ -46.94944213, -23.088301779, 0.0 ], [ -46.949393676999897, -23.087949108, 0.0 ], [ -46.949205681, -23.086066457999902, 0.0 ] ] ] } },
{ "type": "Feature", "properties": { }, "geometry": { "type": "Polygon", "coordinates": [ [ [ -46.949108642999903, -23.086074569999901, 0.0 ], [ -46.949205681, -23.086066457999902, 0.0 ], [ -46.949048838, -23.084541897999902, 0.0 ], [ -46.948951844, -23.084550427999901, 0.0 ], [ -46.949108642999903, -23.086074569999901, 0.0 ] ] ] } },
{ "type": "Feature", "properties": { }, "geometry": { "type": "Polygon", "coordinates": [ [ [ -46.948982053999913, -23.08400376, 0.0 ], [ -46.948865709, -23.084016120999909, 0.0 ], [ -46.948951844, -23.084550427999901, 0.0 ], [ -46.949048838, -23.084541897999902, 0.0 ], [ -46.948982053999913, -23.08400376, 0.0 ] ] ] } },
{ "type": "Feature", "properties": { }, "geometry": { "type": "Polygon", "coordinates": [ [ [ -46.948251125, -23.077568035999899, 0.0 ], [ -46.948132646, -23.0775941049999, 0.0 ], [ -46.948207731, -23.078043185999899, 0.0 ], [ -46.94825839, -23.078709326, 0.0 ], [ -46.948423254, -23.078694631, 0.0 ], [ -46.948346332, -23.078026156, 0.0 ], [ -46.948251125, -23.077568035999899, 0.0 ] ] ] } },
{ "type": "Feature", "properties": { }, "geometry": { "type": "Polygon", "coordinates": [ [ [ -46.948132646, -23.0775941049999, 0.0 ], [ -46.948251125, -23.077568035999899, 0.0 ], [ -46.948107584999903, -23.077104674999902, 0.0 ], [ -46.947988573, -23.077144765, 0.0 ], [ -46.948132646, -23.0775941049999, 0.0 ] ] ] } },
{ "type": "Feature", "properties": { }, "geometry": { "type": "Polygon", "coordinates": [ [ [ -46.947988573, -23.077144765, 0.0 ], [ -46.948107584999903, -23.077104674999902, 0.0 ], [ -46.948055126, -23.076974500999899, 0.0 ], [ -46.947946649999892, -23.077014844, 0.0 ], [ -46.947988573, -23.077144765, 0.0 ] ] ] } },
{ "type": "Feature", "properties": { }, "geometry": { "type": "Polygon", "coordinates": [ [ [ -46.947946649999892, -23.077014844, 0.0 ], [ -46.948055126, -23.076974500999899, 0.0 ], [ -46.947969214, -23.076785351999899, 0.0 ], [ -46.94784585, -23.076839185, 0.0 ], [ -46.947946649999892, -23.077014844, 0.0 ] ] ] } },
{ "type": "Feature", "properties": { }, "geometry": { "type": "Polygon", "coordinates": [ [ [ -46.947627396, -23.076232741999899, 0.0 ], [ -46.947508965999901, -23.076295523999899, 0.0 ], [ -46.947723649, -23.076613716999901, 0.0 ], [ -46.94784585, -23.076839185, 0.0 ], [ -46.947969214, -23.076785351999899, 0.0 ], [ -46.947843265, -23.076553018, 0.0 ], [ -46.947627396, -23.076232741999899, 0.0 ] ] ] } },
{ "type": "Feature", "properties": { }, "geometry": { "type": "Polygon", "coordinates": [ [ [ -46.947508965999901, -23.076295523999899, 0.0 ], [ -46.947627396, -23.076232741999899, 0.0 ], [ -46.9475735729999, -23.076152191999899, 0.0 ], [ -46.947236464, -23.0757664449999, 0.0 ], [ -46.946959608, -23.075504335999899, 0.0 ], [ -46.946857947000012, -23.07560147, 0.0 ], [ -46.947270843000013, -23.076002028, 0.0 ], [ -46.947508965999901, -23.076295523999899, 0.0 ] ] ] } },
{ "type": "Feature", "properties": { }, "geometry": { "type": "Polygon", "coordinates": [ [ [ -46.946514876, -23.0751077739999, 0.0 ], [ -46.946386253, -23.075230942, 0.0 ], [ -46.946857947000012, -23.07560147, 0.0 ], [ -46.946959608, -23.075504335999899, 0.0 ], [ -46.946514876, -23.0751077739999, 0.0 ] ] ] } },
{ "type": "Feature", "properties": { }, "geometry": { "type": "Polygon", "coordinates": [ [ [ -46.946386253, -23.075230941, 0.0 ], [ -46.946514876, -23.0751077739999, 0.0 ], [ -46.945581951, -23.074269264, 0.0 ], [ -46.945210759, -23.073893187, 0.0 ], [ -46.94507062, -23.0740050809999, 0.0 ], [ -46.945452023, -23.074391252999899, 0.0 ], [ -46.946386253, -23.075230941, 0.0 ] ] ] } },
{ "type": "Feature", "properties": { }, "geometry": { "type": "Polygon", "coordinates": [ [ [ -46.94478019, -23.073333212999898, 0.0 ], [ -46.944613653, -23.073426798, 0.0 ], [ -46.944840627, -23.073742117999899, 0.0 ], [ -46.94507062, -23.0740050809999, 0.0 ], [ -46.945210759, -23.073893187, 0.0 ], [ -46.944993438, -23.073638139, 0.0 ], [ -46.94478019, -23.073333212999898, 0.0 ] ] ] } },
{ "type": "Feature", "properties": { }, "geometry": { "type": "Polygon", "coordinates": [ [ [ -46.944613653, -23.073426798, 0.0 ], [ -46.94478019, -23.073333212999898, 0.0 ], [ -46.944540075, -23.072924117, 0.0 ], [ -46.944359661, -23.072522464, 0.0 ], [ -46.944176975999902, -23.072585155999899, 0.0 ], [ -46.944364148, -23.073001610999899, 0.0 ], [ -46.944613653, -23.073426798, 0.0 ] ] ] } },
{ "type": "Feature", "properties": { }, "geometry": { "type": "Polygon", "coordinates": [ [ [ -46.944176975999902, -23.072585155999899, 0.0 ], [ -46.944359661, -23.072522464, 0.0 ], [ -46.944274315, -23.072255567, 0.0 ], [ -46.944196436, -23.071939249, 0.0 ], [ -46.944141343, -23.07162743, 0.0 ], [ -46.944105733999898, -23.071248531, 0.0 ], [ -46.943843419, -23.0712665729999, 0.0 ], [ -46.943902975999897, -23.071668732, 0.0 ], [ -46.943976386, -23.071987071, 0.0 ], [ -46.944075735, -23.072316301999901, 0.0 ], [ -46.944176975999902, -23.072585155999899, 0.0 ] ] ] } },
{ "type": "Feature", "properties": { }, "geometry": { "type": "Polygon", "coordinates": [ [ [ -46.943884641, -23.070618934, 0.0 ], [ -46.943848585, -23.070945029, 0.0 ], [ -46.943843419, -23.0712665729999, 0.0 ], [ -46.944105733999898, -23.071248531, 0.0 ], [ -46.944101821999887, -23.070961828, 0.0 ], [ -46.944127260999913, -23.070638637999899, 0.0 ], [ -46.943884641, -23.070618934, 0.0 ] ] ] } },
{ "type": "Feature", "properties": { }, "geometry": { "type": "Polygon", "coordinates": [ [ [ -46.944153567999898, -23.0704304499999, 0.0 ], [ -46.943931235, -23.070404695, 0.0 ], [ -46.943884641, -23.070618934, 0.0 ], [ -46.944127260999913, -23.070638637999899, 0.0 ], [ -46.944153567999898, -23.0704304499999, 0.0 ] ] ] } },
{ "type": "Feature", "properties": { }, "geometry": { "type": "Polygon", "coordinates": [ [ [ -46.944352645, -23.068535057, 0.0 ], [ -46.944001401, -23.070027027, 0.0 ], [ -46.943931235, -23.070404695, 0.0 ], [ -46.944153567999898, -23.0704304499999, 0.0 ], [ -46.944211851, -23.070065986, 0.0 ], [ -46.944524954, -23.0685651709999, 0.0 ], [ -46.944352645, -23.068535057, 0.0 ] ] ] } },
{ "type": "Feature", "properties": { }, "geometry": { "type": "Polygon", "coordinates": [ [ [ -46.944593289999901, -23.068230404999898, 0.0 ], [ -46.944797574999903, -23.0672883579999, 0.0 ], [ -46.944864432, -23.066897052999899, 0.0 ], [ -46.944652086, -23.066870191, 0.0 ], [ -46.944594491, -23.067258194, 0.0 ], [ -46.944406508, -23.06823049, 0.0 ], [ -46.944593289999901, -23.068230404999898, 0.0 ] ] ] } },
{ "type": "Feature", "properties": { }, "geometry": { "type": "Polygon", "coordinates": [ [ [ -46.944640641, -23.066389923, 0.0 ], [ -46.944652086, -23.066870191, 0.0 ], [ -46.944864432, -23.066897052999899, 0.0 ], [ -46.9449223619999, -23.066409485999898, 0.0 ], [ -46.944640641, -23.066389923, 0.0 ] ] ] } },
{ "type": "Feature", "properties": { }, "geometry": { "type": "Polygon", "coordinates": [ [ [ -46.944929312999903, -23.066249199, 0.0 ], [ -46.944676179999902, -23.066241033, 0.0 ], [ -46.944640641, -23.066389923, 0.0 ], [ -46.9449223619999, -23.066409485999898, 0.0 ], [ -46.944929312999903, -23.066249199, 0.0 ] ] ] } },
{ "type": "Feature", "properties": { }, "geometry": { "type": "Polygon", "coordinates": [ [ [ -46.944739679999898, -23.064090166, 0.0 ], [ -46.944517276999903, -23.064115317999899, 0.0 ], [ -46.944641148, -23.065169977, 0.0 ], [ -46.944680412, -23.0656464109999, 0.0 ], [ -46.944676179999902, -23.066241033, 0.0 ], [ -46.944929312999903, -23.066249199, 0.0 ], [ -46.944924794, -23.0656311279999, 0.0 ], [ -46.944877757, -23.065143131, 0.0 ], [ -46.944739679999898, -23.064090166, 0.0 ] ] ] } },
{ "type": "Feature", "properties": { }, "geometry": { "type": "Polygon", "coordinates": [ [ [ -46.944517276999903, -23.064115317999899, 0.0 ], [ -46.944739679999898, -23.064090166, 0.0 ], [ -46.944632474999899, -23.0632575459999, 0.0 ], [ -46.944597455, -23.062867323, 0.0 ], [ -46.944330077, -23.062882692, 0.0 ], [ -46.944380321, -23.063284393999901, 0.0 ], [ -46.944517276999903, -23.064115317999899, 0.0 ] ] ] } },
{ "type": "Feature", "properties": { }, "geometry": { "type": "Polygon", "coordinates": [ [ [ -46.944311426999903, -23.062262819999901, 0.0 ], [ -46.944308588, -23.062619958, 0.0 ], [ -46.944330077, -23.062882692, 0.0 ], [ -46.944597455, -23.062867323, 0.0 ], [ -46.94459496199989, -23.062623694, 0.0 ], [ -46.944621592, -23.062291675, 0.0 ], [ -46.944311426999903, -23.062262819999901, 0.0 ] ] ] } },
{ "type": "Feature", "properties": { }, "geometry": { "type": "Polygon", "coordinates": [ [ [ -46.944365989999902, -23.061693154999901, 0.0 ], [ -46.944327899, -23.0619613809999, 0.0 ], [ -46.944311426999903, -23.062262819999901, 0.0 ], [ -46.944621592, -23.062291675, 0.0 ], [ -46.94466224, -23.062005277, 0.0 ], [ -46.944718399999907, -23.061763142, 0.0 ], [ -46.944365989999902, -23.061693154999901, 0.0 ] ] ] } },
{ "type": "Feature", "properties": { }, "geometry": { "type": "Polygon", "coordinates": [ [ [ -46.94455583, -23.060878128999899, 0.0 ], [ -46.944452858, -23.0612185869999, 0.0 ], [ -46.944365989999902, -23.061693154999901, 0.0 ], [ -46.944718399999907, -23.061763142, 0.0 ], [ -46.944856612, -23.061337513, 0.0 ], [ -46.944980917, -23.061058370999898, 0.0 ], [ -46.94455583, -23.060878128999899, 0.0 ] ] ] } },
{ "type": "Feature", "properties": { }, "geometry": { "type": "Polygon", "coordinates": [ [ [ -46.946707589, -23.058687587999898, 0.0 ], [ -46.945808892999906, -23.059584167, 0.0 ], [ -46.945981024999988, -23.0597435829999, 0.0 ], [ -46.946914052999901, -23.058878972999899, 0.0 ], [ -46.946707589, -23.058687587999898, 0.0 ] ] ] } },
{ "type": "Feature", "properties": { }, "geometry": { "type": "Polygon", "coordinates": [ [ [ -46.946951039999902, -23.058500259, 0.0 ], [ -46.946707589, -23.058687586999898, 0.0 ], [ -46.946914052999901, -23.058878972999899, 0.0 ], [ -46.947137327, -23.058672070999901, 0.0 ], [ -46.946951039999902, -23.058500259, 0.0 ] ] ] } },
{ "type": "Feature", "properties": { }, "geometry": { "type": "Polygon", "coordinates": [ [ [ -46.952102652, -23.0533340009999, 0.0 ], [ -46.951827548, -23.053147291, 0.0 ], [ -46.951209343999899, -23.053986736999899, 0.0 ], [ -46.950836653999893, -23.054453582999901, 0.0 ], [ -46.9500355, -23.055381404999899, 0.0 ], [ -46.949465685, -23.055994908999899, 0.0 ], [ -46.948692885, -23.0567711109999, 0.0 ], [ -46.946895845, -23.058449351, 0.0 ], [ -46.947137327, -23.058672070999901, 0.0 ], [ -46.949287661, -23.056649653, 0.0 ], [ -46.950297276, -23.055583593999899, 0.0 ], [ -46.950916962, -23.054871153999901, 0.0 ], [ -46.951487734999901, -23.054168873, 0.0 ], [ -46.952102652, -23.0533340009999, 0.0 ] ] ] } },
{ "type": "Feature", "properties": { }, "geometry": { "type": "Polygon", "coordinates": [ [ [ -46.953470552999903, -23.051465778999901, 0.0 ], [ -46.953167091999902, -23.051239622, 0.0 ], [ -46.952923364, -23.051532816, 0.0 ], [ -46.952077797, -23.052726283, 0.0 ], [ -46.952400075, -23.052928930999901, 0.0 ], [ -46.953236769999897, -23.051747045, 0.0 ], [ -46.953470552999903, -23.051465778999901, 0.0 ] ] ] } },
{ "type": "Feature", "properties": { }, "geometry": { "type": "Polygon", "coordinates": [ [ [ -46.954590431, -23.05021055, 0.0 ], [ -46.954228405, -23.0503864689999, 0.0 ], [ -46.953805992999897, -23.050652031, 0.0 ], [ -46.953471196999899, -23.0509211349999, 0.0 ], [ -46.953167091999902, -23.051239622, 0.0 ], [ -46.953470552999903, -23.051465778999901, 0.0 ], [ -46.95375812399989, -23.0511820249999, 0.0 ], [ -46.954059485999899, -23.050954917, 0.0 ], [ -46.954444754, -23.050727966, 0.0 ], [ -46.954753856, -23.0505869429999, 0.0 ], [ -46.954590431, -23.05021055, 0.0 ] ] ] } },
{ "type": "Feature", "properties": { }, "geometry": { "type": "Polygon", "coordinates": [ [ [ -46.954753856, -23.0505869429999, 0.0 ], [ -46.955050206, -23.05048649, 0.0 ], [ -46.955421101, -23.0504029159999, 0.0 ], [ -46.95565427, -23.050370167, 0.0 ], [ -46.956145717, -23.050344972999898, 0.0 ], [ -46.9563704729999, -23.050355332, 0.0 ], [ -46.956814067, -23.050413153, 0.0 ], [ -46.957905325999903, -23.050690995, 0.0 ], [ -46.958027089, -23.050301318, 0.0 ], [ -46.957160418999898, -23.050071083, 0.0 ], [ -46.95669829, -23.049982531999898, 0.0 ], [ -46.95614354, -23.049939337, 0.0 ], [ -46.955618473999898, -23.049965880999899, 0.0 ], [ -46.955175475, -23.0500371269999, 0.0 ], [ -46.9549039, -23.050103835999899, 0.0 ], [ -46.954590432, -23.05021055, 0.0 ], [ -46.954753856, -23.0505869429999, 0.0 ] ] ] } },
{ "type": "Feature", "properties": { }, "geometry": { "type": "Polygon", "coordinates": [ [ [ -46.959634257999902, -23.050609801999901, 0.0 ], [ -46.959276675999902, -23.050608995, 0.0 ], [ -46.958815985999898, -23.050547177999899, 0.0 ], [ -46.958392682999907, -23.0504553399999, 0.0 ], [ -46.95801356, -23.050344616, 0.0 ], [ -46.957905325999903, -23.050690995, 0.0 ], [ -46.958474935, -23.050828597, 0.0 ], [ -46.958806161000012, -23.050881831, 0.0 ], [ -46.959243057, -23.050923349999898, 0.0 ], [ -46.959659452, -23.0509108789999, 0.0 ], [ -46.959634257999902, -23.050609801999901, 0.0 ] ] ] } },
{ "type": "Feature", "properties": { }, "geometry": { "type": "Polygon", "coordinates": [ [ [ -46.959929229, -23.050586375, 0.0 ], [ -46.959634257999902, -23.050609801999901, 0.0 ], [ -46.959659452, -23.0509108789999, 0.0 ], [ -46.959994001, -23.050859312999901, 0.0 ], [ -46.959929229, -23.050586375, 0.0 ] ] ] } },
{ "type": "Feature", "properties": { }, "geometry": { "type": "Polygon", "coordinates": [ [ [ -46.960355369999903, -23.050488913, 0.0 ], [ -46.959929229, -23.050586375, 0.0 ], [ -46.959994001, -23.050859312999901, 0.0 ], [ -46.960435475999901, -23.050740026, 0.0 ], [ -46.960651675, -23.050656914999902, 0.0 ], [ -46.960543919, -23.050425048, 0.0 ], [ -46.960355369999903, -23.050488913, 0.0 ] ] ] } },
{ "type": "Feature", "properties": { }, "geometry": { "type": "Polygon", "coordinates": [ [ [ -46.960719992, -23.050629335999901, 0.0 ], [ -46.960639327, -23.05038454, 0.0 ], [ -46.960543919, -23.050425048, 0.0 ], [ -46.960651675, -23.050656914999902, 0.0 ], [ -46.960719992, -23.050629335999901, 0.0 ] ] ] } },
{ "type": "Feature", "properties": { }, "geometry": { "type": "Polygon", "coordinates": [ [ [ -46.960908420999907, -23.050250038999899, 0.0 ], [ -46.960639327, -23.05038454, 0.0 ], [ -46.960719992, -23.050629335999901, 0.0 ], [ -46.961041581, -23.050459526999902, 0.0 ], [ -46.961309544999899, -23.050281390999899, 0.0 ], [ -46.961157105, -23.05009423, 0.0 ], [ -46.960908420999907, -23.050250038999899, 0.0 ] ] ] } },
{ "type": "Feature", "properties": { }, "geometry": { "type": "Polygon", "coordinates": [ [ [ -46.961309544999899, -23.050281390999899, 0.0 ], [ -46.961534367, -23.050099346, 0.0 ], [ -46.961736056999897, -23.0499076259999, 0.0 ], [ -46.962003361, -23.049593962, 0.0 ], [ -46.962261112, -23.049191302999901, 0.0 ], [ -46.962495782999987, -23.048713307, 0.0 ], [ -46.962260305, -23.0486270379999, 0.0 ], [ -46.962037709999898, -23.049080834999899, 0.0 ], [ -46.961793955, -23.0494617949999, 0.0 ], [ -46.961546633, -23.049751899999901, 0.0 ], [ -46.961360462999899, -23.049928909999899, 0.0 ], [ -46.961157105, -23.05009423, 0.0 ], [ -46.961309544999899, -23.050281390999899, 0.0 ] ] ] } },
{ "type": "Feature", "properties": { }, "geometry": { "type": "Polygon", "coordinates": [ [ [ -46.962395101, -23.048225882999901, 0.0 ], [ -46.962260305, -23.048627037, 0.0 ], [ -46.962495782999987, -23.048713307, 0.0 ], [ -46.962656734999896, -23.048311779, 0.0 ], [ -46.962395101, -23.048225882999901, 0.0 ] ] ] } },
{ "type": "Feature", "properties": { }, "geometry": { "type": "Polygon", "coordinates": [ [ [ -46.962395101, -23.048225882999901, 0.0 ], [ -46.962656734999896, -23.048311779, 0.0 ], [ -46.962993637999901, -23.047293854, 0.0 ], [ -46.963631991999897, -23.045191302, 0.0 ], [ -46.963397384, -23.045130917999899, 0.0 ], [ -46.962737537999899, -23.047225771999901, 0.0 ], [ -46.962395101, -23.048225882999901, 0.0 ] ] ] } },
{ "type": "Feature", "properties": { }, "geometry": { "type": "Polygon", "coordinates": [ [ [ -46.963631991999897, -23.045191302, 0.0 ], [ -46.964262279, -23.043105469, 0.0 ], [ -46.964074476, -23.043057559, 0.0 ], [ -46.963444306, -23.0451429949999, 0.0 ], [ -46.963631991999897, -23.045191302, 0.0 ] ] ] } },
{ "type": "Feature", "properties": { }, "geometry": { "type": "Polygon", "coordinates": [ [ [ -46.964262279, -23.043105469, 0.0 ], [ -46.966103247, -23.0371058879999, 0.0 ], [ -46.9663197799999, -23.036551311, 0.0 ], [ -46.966745321, -23.035707542, 0.0 ], [ -46.966572856, -23.035623723999901, 0.0 ], [ -46.966263129, -23.036217561999901, 0.0 ], [ -46.966047021, -23.0367018009999, 0.0 ], [ -46.965916974, -23.037053135, 0.0 ], [ -46.965732142, -23.037627846, 0.0 ], [ -46.964074476, -23.043057559, 0.0 ], [ -46.964262279, -23.043105469, 0.0 ] ] ] } },
{ "type": "Feature", "properties": { }, "geometry": { "type": "Polygon", "coordinates": [ [ [ -46.966572856, -23.035623723999901, 0.0 ], [ -46.966745321, -23.035707542, 0.0 ], [ -46.967257264, -23.034930097, 0.0 ], [ -46.967134600999913, -23.03485582, 0.0 ], [ -46.966572856, -23.035623723999901, 0.0 ] ] ] } },
{ "type": "Feature", "properties": { }, "geometry": { "type": "Polygon", "coordinates": [ [ [ -46.967477035999899, -23.034632203999902, 0.0 ], [ -46.967238263, -23.03447633, 0.0 ], [ -46.967135164, -23.034855847, 0.0 ], [ -46.967257264, -23.034930097, 0.0 ], [ -46.967477035999899, -23.034632203999902, 0.0 ] ] ] } },
{ "type": "Feature", "properties": { }, "geometry": { "type": "Polygon", "coordinates": [ [ [ -46.96753301199989, -23.034558753999899, 0.0 ], [ -46.96801929, -23.033896979999898, 0.0 ], [ -46.967776704, -23.0337462369999, 0.0 ], [ -46.96728229699989, -23.034418550999899, 0.0 ], [ -46.96753301199989, -23.034558753999899, 0.0 ] ] ] } },
{ "type": "Feature", "properties": { }, "geometry": { "type": "Polygon", "coordinates": [ [ [ -46.973198215, -23.0273212829999, 0.0 ], [ -46.973823889, -23.026923743999902, 0.0 ], [ -46.974388693, -23.026643261999901, 0.0 ], [ -46.974280892, -23.026441193, 0.0 ], [ -46.973931381999897, -23.026606001999902, 0.0 ], [ -46.973548622999893, -23.026816341, 0.0 ], [ -46.973005398999902, -23.027174666999901, 0.0 ], [ -46.973198215, -23.0273212829999, 0.0 ] ] ] } },
{ "type": "Feature", "properties": { }, "geometry": { "type": "Polygon", "coordinates": [ [ [ -46.974782166999901, -23.026302562999899, 0.0 ], [ -46.974280892, -23.026441193, 0.0 ], [ -46.974388693, -23.026643261999901, 0.0 ], [ -46.974844155, -23.026473478, 0.0 ], [ -46.974782166999901, -23.026302562999899, 0.0 ] ] ] } },
{ "type": "Feature", "properties": { }, "geometry": { "type": "Polygon", "coordinates": [ [ [ -46.97545782, -23.026160067, 0.0 ], [ -46.97520215, -23.026203046, 0.0 ], [ -46.974782166999901, -23.026302562999899, 0.0 ], [ -46.974844155, -23.026473478, 0.0 ], [ -46.97523789, -23.026357795, 0.0 ], [ -46.975492868999901, -23.0263006019999, 0.0 ], [ -46.97545782, -23.026160067, 0.0 ] ] ] } },
{ "type": "Feature", "properties": { }, "geometry": { "type": "Polygon", "coordinates": [ [ [ -46.977203725, -23.025925120999901, 0.0 ], [ -46.975989550999898, -23.026074169, 0.0 ], [ -46.97545782, -23.026160067, 0.0 ], [ -46.975492868999901, -23.0263006019999, 0.0 ], [ -46.976004928, -23.026209648, 0.0 ], [ -46.977226492999897, -23.0260403989999, 0.0 ], [ -46.977203725, -23.025925120999901, 0.0 ] ] ] } },
{ "type": "Feature", "properties": { }, "geometry": { "type": "Polygon", "coordinates": [ [ [ -46.977853706, -23.025785271, 0.0 ], [ -46.977203725, -23.025925120999901, 0.0 ], [ -46.977226492999897, -23.0260403989999, 0.0 ], [ -46.977892168, -23.025906348, 0.0 ], [ -46.977853706, -23.025785271, 0.0 ] ] ] } },
{ "type": "Feature", "properties": { }, "geometry": { "type": "Polygon", "coordinates": [ [ [ -46.978695532, -23.025485712, 0.0 ], [ -46.978330571, -23.025634151999899, 0.0 ], [ -46.977853706, -23.025785271, 0.0 ], [ -46.977892168, -23.025906348, 0.0 ], [ -46.978383321, -23.025761357999901, 0.0 ], [ -46.978756976999897, -23.025618257, 0.0 ], [ -46.978695532, -23.025485712, 0.0 ] ] ] } },
{ "type": "Feature", "properties": { }, "geometry": { "type": "Polygon", "coordinates": [ [ [ -46.979630196, -23.02496021, 0.0 ], [ -46.979172225999903, -23.025248841, 0.0 ], [ -46.978695532, -23.025485712, 0.0 ], [ -46.978756976999897, -23.025618257, 0.0 ], [ -46.979254509, -23.025386593, 0.0 ], [ -46.979740186, -23.025097945, 0.0 ], [ -46.979630196, -23.02496021, 0.0 ] ] ] } },
{ "type": "Feature", "properties": { }, "geometry": { "type": "Polygon", "coordinates": [ [ [ -46.979630196, -23.02496021, 0.0 ], [ -46.979740186, -23.025097945, 0.0 ], [ -46.979969044, -23.0249384799999, 0.0 ], [ -46.9798569, -23.024802242, 0.0 ], [ -46.979630196, -23.02496021, 0.0 ] ] ] } },
{ "type": "Feature", "properties": { }, "geometry": { "type": "Polygon", "coordinates": [ [ [ -46.98033767, -23.0244695919999, 0.0 ], [ -46.9798569, -23.024802242, 0.0 ], [ -46.979969044, -23.0249384799999, 0.0 ], [ -46.980435728, -23.024563654, 0.0 ], [ -46.98033767, -23.0244695919999, 0.0 ] ] ] } },
{ "type": "Feature", "properties": { }, "geometry": { "type": "Polygon", "coordinates": [ [ [ -46.98033767, -23.0244695919999, 0.0 ], [ -46.980435728, -23.024563654, 0.0 ], [ -46.980740464999897, -23.024271875999901, 0.0 ], [ -46.98095576, -23.024033374999899, 0.0 ], [ -46.98084618, -23.023950925999898, 0.0 ], [ -46.980634632, -23.024185313, 0.0 ], [ -46.98033767, -23.0244695919999, 0.0 ] ] ] } },
{ "type": "Feature", "properties": { }, "geometry": { "type": "Polygon", "coordinates": [ [ [ -46.981299663, -23.023350390999909, 0.0 ], [ -46.981258958999902, -23.023418182999901, 0.0 ], [ -46.981371977, -23.023487841, 0.0 ], [ -46.981418173999899, -23.023412795999899, 0.0 ], [ -46.981299663, -23.023350390999909, 0.0 ] ] ] } },
{ "type": "Feature", "properties": { }, "geometry": { "type": "Polygon", "coordinates": [ [ [ -46.981912545, -23.021925535, 0.0 ], [ -46.981784452999896, -23.0223449329999, 0.0 ], [ -46.981630491, -23.022737628, 0.0 ], [ -46.981470392999903, -23.0230593379999, 0.0 ], [ -46.981299663, -23.023350390999909, 0.0 ], [ -46.981418173999899, -23.023412795999899, 0.0 ], [ -46.9815956099999, -23.023118403, 0.0 ], [ -46.981765003, -23.022787779999899, 0.0 ], [ -46.981987659, -23.022216385, 0.0 ], [ -46.982063419, -23.021961598999901, 0.0 ], [ -46.981912545, -23.021925535, 0.0 ] ] ] } },
{ "type": "Feature", "properties": { }, "geometry": { "type": "Polygon", "coordinates": [ [ [ -46.982072756, -23.021341832, 0.0 ], [ -46.981912545, -23.021925535, 0.0 ], [ -46.982063419, -23.021961598999901, 0.0 ], [ -46.982188436999898, -23.021357205, 0.0 ], [ -46.982072756, -23.021341832, 0.0 ] ] ] } },
{ "type": "Feature", "properties": { }, "geometry": { "type": "Polygon", "coordinates": [ [ [ -46.982072756, -23.021341832, 0.0 ], [ -46.982188436999898, -23.021357205, 0.0 ], [ -46.982207209, -23.021219502, 0.0 ], [ -46.982129793000013, -23.021211379999901, 0.0 ], [ -46.982072756, -23.021341832, 0.0 ] ] ] } },
{ "type": "Feature", "properties": { }, "geometry": { "type": "Polygon", "coordinates": [ [ [ -46.982125573, -23.020525397, 0.0 ], [ -46.982141327, -23.020862628, 0.0 ], [ -46.982129793000013, -23.021211379999901, 0.0 ], [ -46.982207209, -23.021219502, 0.0 ], [ -46.982241455, -23.020862168999901, 0.0 ], [ -46.982247308999902, -23.020525271999901, 0.0 ], [ -46.982125573, -23.020525397, 0.0 ] ] ] } },
{ "type": "Feature", "properties": { }, "geometry": { "type": "Polygon", "coordinates": [ [ [ -46.98221934, -23.020062030999899, 0.0 ], [ -46.982102907999909, -23.02007135, 0.0 ], [ -46.982125573, -23.020525397, 0.0 ], [ -46.982247308999902, -23.020525271999901, 0.0 ], [ -46.98221934, -23.020062030999899, 0.0 ] ] ] } },
{ "type": "Feature", "properties": { }, "geometry": { "type": "Polygon", "coordinates": [ [ [ -46.982102907999909, -23.02007135, 0.0 ], [ -46.98221934, -23.020062030999899, 0.0 ], [ -46.982182843, -23.019766305999902, 0.0 ], [ -46.982123906, -23.019464915, 0.0 ], [ -46.982037412, -23.019480354999899, 0.0 ], [ -46.982080928, -23.0197780129999, 0.0 ], [ -46.982102907999909, -23.02007135, 0.0 ] ] ] } },
{ "type": "Feature", "properties": { }, "geometry": { "type": "Polygon", "coordinates": [ [ [ -46.982037841, -23.019480272, 0.0 ], [ -46.982123906, -23.019464915, 0.0 ], [ -46.982120567, -23.019448881, 0.0 ], [ -46.982034502, -23.019464238999898, 0.0 ], [ -46.982037841, -23.019480272, 0.0 ] ] ] } },
{ "type": "Feature", "properties": { }, "geometry": { "type": "Polygon", "coordinates": [ [ [ -46.982034502, -23.019464238999898, 0.0 ], [ -46.982120567, -23.019448881, 0.0 ], [ -46.982102086999902, -23.019360150999901, 0.0 ], [ -46.981992116, -23.019379774, 0.0 ], [ -46.982034502, -23.019464238999898, 0.0 ] ] ] } },
{ "type": "Feature", "properties": { }, "geometry": { "type": "Polygon", "coordinates": [ [ [ -46.981973267999898, -23.018741598, 0.0 ], [ -46.981858474, -23.018761872, 0.0 ], [ -46.981992115, -23.019379774, 0.0 ], [ -46.982102086999902, -23.019360150999901, 0.0 ], [ -46.981973267999898, -23.018741598, 0.0 ] ] ] } },
{ "type": "Feature", "properties": { }, "geometry": { "type": "Polygon", "coordinates": [ [ [ -46.981858474, -23.018761872, 0.0 ], [ -46.981973267999898, -23.018741598, 0.0 ], [ -46.981938992, -23.0185751869999, 0.0 ], [ -46.981747632999898, -23.018608802, 0.0 ], [ -46.981858474, -23.018761872, 0.0 ] ] ] } },
{ "type": "Feature", "properties": { }, "geometry": { "type": "Polygon", "coordinates": [ [ [ -46.981890399, -23.018338174, 0.0 ], [ -46.98172296, -23.018367586999901, 0.0 ], [ -46.981747632999898, -23.018608802, 0.0 ], [ -46.981938992, -23.0185751869999, 0.0 ], [ -46.981890399, -23.018338174, 0.0 ] ] ] } },
{ "type": "Feature", "properties": { }, "geometry": { "type": "Polygon", "coordinates": [ [ [ -46.98172296, -23.018367586999901, 0.0 ], [ -46.981890399, -23.018338174, 0.0 ], [ -46.981858504999899, -23.018182619, 0.0 ], [ -46.981753273, -23.018201181999899, 0.0 ], [ -46.98172296, -23.018367586999901, 0.0 ] ] ] } },
{ "type": "Feature", "properties": { }, "geometry": { "type": "Polygon", "coordinates": [ [ [ -46.981753273, -23.018201181999899, 0.0 ], [ -46.981858504999899, -23.018182619, 0.0 ], [ -46.981772748, -23.017766068999901, 0.0 ], [ -46.981681652000013, -23.017782509, 0.0 ], [ -46.981753273, -23.018201181999899, 0.0 ] ] ] } },
{ "type": "Feature", "properties": { }, "geometry": { "type": "Polygon", "coordinates": [ [ [ -46.981681865, -23.0177821, 0.0 ], [ -46.981772748, -23.017766068999901, 0.0 ], [ -46.981633724, -23.01708501, 0.0 ], [ -46.981537749, -23.017100306, 0.0 ], [ -46.981681865, -23.0177821, 0.0 ] ] ] } },
{ "type": "Feature", "properties": { }, "geometry": { "type": "Polygon", "coordinates": [ [ [ -46.981538394, -23.016477654, 0.0 ], [ -46.981441833, -23.016489361, 0.0 ], [ -46.981537749, -23.017100306, 0.0 ], [ -46.981633724, -23.01708501, 0.0 ], [ -46.981538394, -23.016477654, 0.0 ] ] ] } },
{ "type": "Feature", "properties": { }, "geometry": { "type": "Polygon", "coordinates": [ [ [ -46.981441833, -23.016489361, 0.0 ], [ -46.981538394, -23.016477654, 0.0 ], [ -46.981495181, -23.015971582, 0.0 ], [ -46.98141731, -23.015973822, 0.0 ], [ -46.981441833, -23.016489361, 0.0 ] ] ] } },
{ "type": "Feature", "properties": { }, "geometry": { "type": "Polygon", "coordinates": [ [ [ -46.981414394999902, -23.015629482, 0.0 ], [ -46.98141731, -23.015973822, 0.0 ], [ -46.981495181, -23.015971582, 0.0 ], [ -46.981487426999898, -23.015628567999901, 0.0 ], [ -46.981414394999902, -23.015629482, 0.0 ] ] ] } },
{ "type": "Feature", "properties": { }, "geometry": { "type": "Polygon", "coordinates": [ [ [ -46.981421669, -23.01516244, 0.0 ], [ -46.981419263, -23.015629421, 0.0 ], [ -46.981487426999898, -23.015628567999901, 0.0 ], [ -46.981513928, -23.015168812, 0.0 ], [ -46.981421669, -23.01516244, 0.0 ] ] ] } },
{ "type": "Feature", "properties": { }, "geometry": { "type": "Polygon", "coordinates": [ [ [ -46.981540600999907, -23.014993864, 0.0 ], [ -46.981448138999987, -23.014987214, 0.0 ], [ -46.981421669, -23.01516244, 0.0 ], [ -46.981513928, -23.015168812, 0.0 ], [ -46.981540600999907, -23.014993864, 0.0 ] ] ] } },
{ "type": "Feature", "properties": { }, "geometry": { "type": "Polygon", "coordinates": [ [ [ -46.981540600999907, -23.014993864, 0.0 ], [ -46.981653509999902, -23.014458854999901, 0.0 ], [ -46.981530339, -23.014431762, 0.0 ], [ -46.981448138999987, -23.014987214, 0.0 ], [ -46.981540600999907, -23.014993864, 0.0 ] ] ] } },
{ "type": "Feature", "properties": { }, "geometry": { "type": "Polygon", "coordinates": [ [ [ -46.981585873, -23.014259916999901, 0.0 ], [ -46.981530339, -23.014431762, 0.0 ], [ -46.981653509999902, -23.014458854999901, 0.0 ], [ -46.981703061, -23.014290412, 0.0 ], [ -46.981585873, -23.014259916999901, 0.0 ] ] ] } },
{ "type": "Feature", "properties": { }, "geometry": { "type": "Polygon", "coordinates": [ [ [ -46.981875445999897, -23.013542218999898, 0.0 ], [ -46.981693526999898, -23.013980918999899, 0.0 ], [ -46.981585873, -23.014259916999901, 0.0 ], [ -46.981703061, -23.014290412, 0.0 ], [ -46.981975919, -23.013576611, 0.0 ], [ -46.981875445999897, -23.013542218999898, 0.0 ] ] ] } },
{ "type": "Feature", "properties": { }, "geometry": { "type": "Polygon", "coordinates": [ [ [ -46.981875445999897, -23.013542218999898, 0.0 ], [ -46.981975919, -23.013576611, 0.0 ], [ -46.982628479, -23.0119279379999, 0.0 ], [ -46.982870174, -23.0113359969999, 0.0 ], [ -46.982993145, -23.011081262999902, 0.0 ], [ -46.982895345, -23.011040807, 0.0 ], [ -46.982772374, -23.011295542, 0.0 ], [ -46.981875445999897, -23.013542218999898, 0.0 ] ] ] } },
{ "type": "Feature", "properties": { }, "geometry": { "type": "Polygon", "coordinates": [ [ [ -46.9833083729999, -23.0102882649999, 0.0 ], [ -46.983037775999897, -23.010757611, 0.0 ], [ -46.982895345, -23.011040807, 0.0 ], [ -46.982993145, -23.011081262999902, 0.0 ], [ -46.983133418, -23.010805901, 0.0 ], [ -46.983405621, -23.010339675999901, 0.0 ], [ -46.9833083729999, -23.0102882649999, 0.0 ] ] ] } },
{ "type": "Feature", "properties": { }, "geometry": { "type": "Polygon", "coordinates": [ [ [ -46.985836908999893, -23.006811626999902, 0.0 ], [ -46.986844210999898, -23.0053586299999, 0.0 ], [ -46.987296334999897, -23.004695254999891, 0.0 ], [ -46.987197376, -23.004637725, 0.0 ], [ -46.985739001999903, -23.006760889, 0.0 ], [ -46.985836908999893, -23.006811626999902, 0.0 ] ] ] } },
{ "type": "Feature", "properties": { }, "geometry": { "type": "Polygon", "coordinates": [ [ [ -46.987736089999899, -23.0037055509999, 0.0 ], [ -46.987402436, -23.0043193889999, 0.0 ], [ -46.987197376, -23.004637725, 0.0 ], [ -46.987296334999897, -23.004695254999891, 0.0 ], [ -46.987508503999898, -23.004371955, 0.0 ], [ -46.987849323, -23.003757946999901, 0.0 ], [ -46.987736089999899, -23.0037055509999, 0.0 ] ] ] } },
{ "type": "Feature", "properties": { }, "geometry": { "type": "Polygon", "coordinates": [ [ [ -46.988029748, -23.003068760999899, 0.0 ], [ -46.987736089999899, -23.0037055509999, 0.0 ], [ -46.987849323, -23.003757946999901, 0.0 ], [ -46.988156753999903, -23.003114625, 0.0 ], [ -46.988029748, -23.003068760999899, 0.0 ] ] ] } },
{ "type": "Feature", "properties": { }, "geometry": { "type": "Polygon", "coordinates": [ [ [ -46.988156753999903, -23.003114625, 0.0 ], [ -46.988248171, -23.0028914929999, 0.0 ], [ -46.988120380999902, -23.002847534999901, 0.0 ], [ -46.988029748, -23.003068760999899, 0.0 ], [ -46.988156753999903, -23.003114625, 0.0 ] ] ] } },
{ "type": "Feature", "properties": { }, "geometry": { "type": "Polygon", "coordinates": [ [ [ -46.988431035999987, -23.002406214, 0.0 ], [ -46.988310472, -23.002370049, 0.0 ], [ -46.988120380999902, -23.002847534999901, 0.0 ], [ -46.988248171, -23.0028914929999, 0.0 ], [ -46.988431035999987, -23.002406214, 0.0 ] ] ] } },
{ "type": "Feature", "properties": { }, "geometry": { "type": "Polygon", "coordinates": [ [ [ -46.988409172999987, -23.00206651, 0.0 ], [ -46.988310678999902, -23.002369896999902, 0.0 ], [ -46.988431035999987, -23.002406214, 0.0 ], [ -46.988534987, -23.002101787, 0.0 ], [ -46.988409172999987, -23.00206651, 0.0 ] ] ] } },
{ "type": "Feature", "properties": { }, "geometry": { "type": "Polygon", "coordinates": [ [ [ -46.988534987, -23.002101787, 0.0 ], [ -46.988671306, -23.001654087, 0.0 ], [ -46.988822714, -23.001035332999901, 0.0 ], [ -46.988693904, -23.001011033999909, 0.0 ], [ -46.988543961999888, -23.001623857, 0.0 ], [ -46.988409172999987, -23.00206651, 0.0 ], [ -46.988534987, -23.002101787, 0.0 ] ] ] } },
{ "type": "Feature", "properties": { }, "geometry": { "type": "Polygon", "coordinates": [ [ [ -46.988912711999902, -22.999590714, 0.0 ], [ -46.988805699, -23.00039513, 0.0 ], [ -46.988693904, -23.001011033999909, 0.0 ], [ -46.988822714, -23.001035332999901, 0.0 ], [ -46.988938600999987, -23.000434678, 0.0 ], [ -46.989057669, -22.999607313999899, 0.0 ], [ -46.988912711999902, -22.999590714, 0.0 ] ] ] } },
{ "type": "Feature", "properties": { }, "geometry": { "type": "Polygon", "coordinates": [ [ [ -46.989037783, -22.999025326, 0.0 ], [ -46.988912711999902, -22.999590714, 0.0 ], [ -46.989057669, -22.999607313999899, 0.0 ], [ -46.989134282, -22.99903739, 0.0 ], [ -46.989037783, -22.999025326, 0.0 ] ] ] } },
{ "type": "Feature", "properties": { }, "geometry": { "type": "Polygon", "coordinates": [ [ [ -46.989064188, -22.998790889, 0.0 ], [ -46.989160736, -22.998802811, 0.0 ], [ -46.989936134999901, -22.992888158, 0.0 ], [ -46.989840422, -22.992877555, 0.0 ], [ -46.989064188, -22.998790889, 0.0 ] ] ] } },
{ "type": "Feature", "properties": { }, "geometry": { "type": "Polygon", "coordinates": [ [ [ -46.989160736, -22.998802811, 0.0 ], [ -46.989064188, -22.998790889, 0.0 ], [ -46.989037783, -22.999025326, 0.0 ], [ -46.989134282, -22.99903739, 0.0 ], [ -46.989160736, -22.998802811, 0.0 ] ] ] } },
{ "type": "Feature", "properties": { }, "geometry": { "type": "Polygon", "coordinates": [ [ [ -46.989936134999901, -22.992888158, 0.0 ], [ -46.989982626, -22.9925265749999, 0.0 ], [ -46.989886872999897, -22.992516281, 0.0 ], [ -46.989840422, -22.992877555, 0.0 ], [ -46.989936134999901, -22.992888158, 0.0 ] ] ] } },
{ "type": "Feature", "properties": { }, "geometry": { "type": "Polygon", "coordinates": [ [ [ -46.989908812, -22.992337457999898, 0.0 ], [ -46.989886872999897, -22.992516281, 0.0 ], [ -46.989982626, -22.9925265749999, 0.0 ], [ -46.990005047999908, -22.992347804, 0.0 ], [ -46.989908812, -22.992337457999898, 0.0 ] ] ] } },
{ "type": "Feature", "properties": { }, "geometry": { "type": "Polygon", "coordinates": [ [ [ -46.990027262999902, -22.99217068, 0.0 ], [ -46.98994118199991, -22.9921614269999, 0.0 ], [ -46.989908812, -22.992337457999898, 0.0 ], [ -46.990005047999908, -22.992347804, 0.0 ], [ -46.990027262999902, -22.99217068, 0.0 ] ] ] } },
{ "type": "Feature", "properties": { }, "geometry": { "type": "Polygon", "coordinates": [ [ [ -46.989985979, -22.991806368, 0.0 ], [ -46.98994118199991, -22.9921614269999, 0.0 ], [ -46.990027262999902, -22.99217068, 0.0 ], [ -46.990072472999898, -22.991816217999901, 0.0 ], [ -46.989985979, -22.991806368, 0.0 ] ] ] } },
{ "type": "Feature", "properties": { }, "geometry": { "type": "Polygon", "coordinates": [ [ [ -46.990011400999897, -22.99162462, 0.0 ], [ -46.989985979, -22.991806368, 0.0 ], [ -46.990072472999898, -22.991816217999901, 0.0 ], [ -46.990096638, -22.9916343259999, 0.0 ], [ -46.990011400999897, -22.99162462, 0.0 ] ] ] } },
{ "type": "Feature", "properties": { }, "geometry": { "type": "Polygon", "coordinates": [ [ [ -46.990096638, -22.9916343259999, 0.0 ], [ -46.990120800999897, -22.991452454, 0.0 ], [ -46.990035564, -22.991442746999901, 0.0 ], [ -46.990011400999897, -22.99162462, 0.0 ], [ -46.990096638, -22.9916343259999, 0.0 ] ] ] } },
{ "type": "Feature", "properties": { }, "geometry": { "type": "Polygon", "coordinates": [ [ [ -46.990080115, -22.991084401, 0.0 ], [ -46.990035564, -22.991442746999901, 0.0 ], [ -46.990120800999897, -22.991452454, 0.0 ], [ -46.990168256999901, -22.991094395999902, 0.0 ], [ -46.990080115, -22.991084401, 0.0 ] ] ] } },
{ "type": "Feature", "properties": { }, "geometry": { "type": "Polygon", "coordinates": [ [ [ -46.990083963, -22.990984131999902, 0.0 ], [ -46.990080115, -22.991084401, 0.0 ], [ -46.990168256999901, -22.991094395999902, 0.0 ], [ -46.990181381999903, -22.990995177999899, 0.0 ], [ -46.990083963, -22.990984131999902, 0.0 ] ] ] } },
{ "type": "Feature", "properties": { }, "geometry": { "type": "Polygon", "coordinates": [ [ [ -46.9900944729999, -22.990903201, 0.0 ], [ -46.990083963, -22.990984131999902, 0.0 ], [ -46.990181381999903, -22.990995177999899, 0.0 ], [ -46.990192086, -22.99091427, 0.0 ], [ -46.9900944729999, -22.990903201, 0.0 ] ] ] } },
{ "type": "Feature", "properties": { }, "geometry": { "type": "Polygon", "coordinates": [ [ [ -46.990192086, -22.99091427, 0.0 ], [ -46.990304544, -22.990058205, 0.0 ], [ -46.990206918, -22.9900472419999, 0.0 ], [ -46.9900944729999, -22.990903201, 0.0 ], [ -46.990192086, -22.99091427, 0.0 ] ] ] } },
{ "type": "Feature", "properties": { }, "geometry": { "type": "Polygon", "coordinates": [ [ [ -46.990198839999913, -22.99001308, 0.0 ], [ -46.990206918, -22.9900472419999, 0.0 ], [ -46.990304544, -22.990058205, 0.0 ], [ -46.990308778, -22.990025140999901, 0.0 ], [ -46.990198839999913, -22.99001308, 0.0 ] ] ] } },
{ "type": "Feature", "properties": { }, "geometry": { "type": "Polygon", "coordinates": [ [ [ -46.990217598, -22.989829912999902, 0.0 ], [ -46.990198839999913, -22.99001308, 0.0 ], [ -46.990308778, -22.990025140999901, 0.0 ], [ -46.990332334999898, -22.9898435069999, 0.0 ], [ -46.990217598, -22.989829912999902, 0.0 ] ] ] } },
{ "type": "Feature", "properties": { }, "geometry": { "type": "Polygon", "coordinates": [ [ [ -46.990237209, -22.9896546579999, 0.0 ], [ -46.990217598, -22.989829912999902, 0.0 ], [ -46.990332334999898, -22.9898435069999, 0.0 ], [ -46.990356485999897, -22.9896687909999, 0.0 ], [ -46.990237209, -22.9896546579999, 0.0 ] ] ] } },
{ "type": "Feature", "properties": { }, "geometry": { "type": "Polygon", "coordinates": [ [ [ -46.990280578, -22.989295472, 0.0 ], [ -46.990232090999903, -22.989654051999899, 0.0 ], [ -46.990356485999897, -22.9896687909999, 0.0 ], [ -46.990405068, -22.989308734999899, 0.0 ], [ -46.990280578, -22.989295472, 0.0 ] ] ] } },
{ "type": "Feature", "properties": { }, "geometry": { "type": "Polygon", "coordinates": [ [ [ -46.990290589, -22.9892149299999, 0.0 ], [ -46.990280578, -22.989295472, 0.0 ], [ -46.990405068, -22.989308734999899, 0.0 ], [ -46.990415078999902, -22.989228193, 0.0 ], [ -46.990290589, -22.9892149299999, 0.0 ] ] ] } },
{ "type": "Feature", "properties": { }, "geometry": { "type": "Polygon", "coordinates": [ [ [ -46.990415078999902, -22.989228193, 0.0 ], [ -46.990420851, -22.989181749999901, 0.0 ], [ -46.990285431, -22.989167322, 0.0 ], [ -46.990279658, -22.989213766, 0.0 ], [ -46.990415078999902, -22.989228193, 0.0 ] ] ] } },
{ "type": "Feature", "properties": { }, "geometry": { "type": "Polygon", "coordinates": [ [ [ -46.99036245, -22.9885920309999, 0.0 ], [ -46.990285431, -22.989167322, 0.0 ], [ -46.990420851, -22.989181749999901, 0.0 ], [ -46.990488371, -22.988603947999898, 0.0 ], [ -46.99036245, -22.9885920309999, 0.0 ] ] ] } },
{ "type": "Feature", "properties": { }, "geometry": { "type": "Polygon", "coordinates": [ [ [ -46.990434544, -22.987866353, 0.0 ], [ -46.99036245, -22.9885920309999, 0.0 ], [ -46.990488371, -22.988603947999898, 0.0 ], [ -46.990560665, -22.987876276, 0.0 ], [ -46.990434544, -22.987866353, 0.0 ] ] ] } },
{ "type": "Feature", "properties": { }, "geometry": { "type": "Polygon", "coordinates": [ [ [ -46.990560665, -22.987876276, 0.0 ], [ -46.990577354, -22.98768969, 0.0 ], [ -46.990480224, -22.9876834149999, 0.0 ], [ -46.990463648999899, -22.987868643, 0.0 ], [ -46.990560665, -22.987876276, 0.0 ] ] ] } },
{ "type": "Feature", "properties": { }, "geometry": { "type": "Polygon", "coordinates": [ [ [ -46.990527409, -22.984102935, 0.0 ], [ -46.990548771, -22.9848061779999, 0.0 ], [ -46.990526878, -22.986770480999901, 0.0 ], [ -46.990480224, -22.9876834149999, 0.0 ], [ -46.990577354, -22.98768969, 0.0 ], [ -46.990622882, -22.986780494999898, 0.0 ], [ -46.990642244999897, -22.984800043999901, 0.0 ], [ -46.990619765, -22.984098235, 0.0 ], [ -46.990527409, -22.984102935, 0.0 ] ] ] } },
{ "type": "Feature", "properties": { }, "geometry": { "type": "Polygon", "coordinates": [ [ [ -46.990574339, -22.983507002, 0.0 ], [ -46.990467754999898, -22.983516726, 0.0 ], [ -46.990527409, -22.984102935, 0.0 ], [ -46.990619765, -22.984098235, 0.0 ], [ -46.990574339, -22.983507002, 0.0 ] ] ] } },
{ "type": "Feature", "properties": { }, "geometry": { "type": "Polygon", "coordinates": [ [ [ -46.990049426, -22.980917760999901, 0.0 ], [ -46.99015866, -22.980921504, 0.0 ], [ -46.989908063, -22.979466042999899, 0.0 ], [ -46.989798126, -22.9794856789999, 0.0 ], [ -46.990049426, -22.980917760999901, 0.0 ] ] ] } },
{ "type": "Feature", "properties": { }, "geometry": { "type": "Polygon", "coordinates": [ [ [ -46.99015866, -22.980921504, 0.0 ], [ -46.990049426, -22.980917760999901, 0.0 ], [ -46.990297032999891, -22.982471441, 0.0 ], [ -46.990467754999898, -22.983516726, 0.0 ], [ -46.990574339, -22.983507002, 0.0 ], [ -46.99015866, -22.980921504, 0.0 ] ] ] } },
{ "type": "Feature", "properties": { }, "geometry": { "type": "Polygon", "coordinates": [ [ [ -46.989702528, -22.979502753999899, 0.0 ], [ -46.989908063, -22.979466042999899, 0.0 ], [ -46.989855291, -22.9792498969999, 0.0 ], [ -46.989701818999897, -22.978295498, 0.0 ], [ -46.989489896999899, -22.978324288, 0.0 ], [ -46.989646632, -22.979274083, 0.0 ], [ -46.989702528, -22.979502753999899, 0.0 ] ] ] } },
{ "type": "Feature", "properties": { }, "geometry": { "type": "Polygon", "coordinates": [ [ [ -46.989512133, -22.9770925629999, 0.0 ], [ -46.989430263, -22.977103736999901, 0.0 ], [ -46.989581409, -22.978311855999898, 0.0 ], [ -46.989701818999897, -22.978295498, 0.0 ], [ -46.989512133, -22.9770925629999, 0.0 ] ] ] } },
{ "type": "Feature", "properties": { }, "geometry": { "type": "Polygon", "coordinates": [ [ [ -46.989430263, -22.977103736999901, 0.0 ], [ -46.989512133, -22.9770925629999, 0.0 ], [ -46.989352073, -22.9760517509999, 0.0 ], [ -46.989325128, -22.975793713, 0.0 ], [ -46.989228146, -22.975801621, 0.0 ], [ -46.989259462999897, -22.976069324, 0.0 ], [ -46.989430263, -22.977103736999901, 0.0 ] ] ] } },
{ "type": "Feature", "properties": { }, "geometry": { "type": "Polygon", "coordinates": [ [ [ -46.989174805999909, -22.97580597, 0.0 ], [ -46.989325128, -22.975793713, 0.0 ], [ -46.98931106, -22.975506367, 0.0 ], [ -46.989160169999892, -22.975508261, 0.0 ], [ -46.989174805999909, -22.97580597, 0.0 ] ] ] } },
{ "type": "Feature", "properties": { }, "geometry": { "type": "Polygon", "coordinates": [ [ [ -46.9891844059999, -22.975166825, 0.0 ], [ -46.989160169999892, -22.975508261, 0.0 ], [ -46.98931106, -22.975506367, 0.0 ], [ -46.989329332999901, -22.975183456, 0.0 ], [ -46.9891844059999, -22.975166825, 0.0 ] ] ] } },
{ "type": "Feature", "properties": { }, "geometry": { "type": "Polygon", "coordinates": [ [ [ -46.989232708, -22.974928766999898, 0.0 ], [ -46.9891844059999, -22.975166825, 0.0 ], [ -46.989329332999901, -22.975183456, 0.0 ], [ -46.989366453, -22.9749530899999, 0.0 ], [ -46.989232708, -22.974928766999898, 0.0 ] ] ] } },
{ "type": "Feature", "properties": { }, "geometry": { "type": "Polygon", "coordinates": [ [ [ -46.9893123969999, -22.974657137999898, 0.0 ], [ -46.989232708, -22.974928766999898, 0.0 ], [ -46.989366453, -22.9749530899999, 0.0 ], [ -46.989430684999903, -22.974683618, 0.0 ], [ -46.9893123969999, -22.974657137999898, 0.0 ] ] ] } },
{ "type": "Feature", "properties": { }, "geometry": { "type": "Polygon", "coordinates": [ [ [ -46.989530552, -22.974399428, 0.0 ], [ -46.989430711, -22.97436356, 0.0 ], [ -46.9893123969999, -22.974657137999898, 0.0 ], [ -46.989430684999903, -22.974683618, 0.0 ], [ -46.989530552, -22.974399428, 0.0 ] ] ] } },
{ "type": "Feature", "properties": { }, "geometry": { "type": "Polygon", "coordinates": [ [ [ -46.989522678999897, -22.974185102, 0.0 ], [ -46.989430711, -22.97436356, 0.0 ], [ -46.989530552, -22.974399428, 0.0 ], [ -46.989612172, -22.974220594, 0.0 ], [ -46.989522678999897, -22.974185102, 0.0 ] ] ] } },
{ "type": "Feature", "properties": { }, "geometry": { "type": "Polygon", "coordinates": [ [ [ -46.989865952999899, -22.973789226, 0.0 ], [ -46.989784062, -22.9737404749999, 0.0 ], [ -46.989701367, -22.973860078, 0.0 ], [ -46.989522678999897, -22.974185102, 0.0 ], [ -46.989612172, -22.974220594, 0.0 ], [ -46.989787104999898, -22.973902784, 0.0 ], [ -46.989865952999899, -22.973789226, 0.0 ] ] ] } },
{ "type": "Feature", "properties": { }, "geometry": { "type": "Polygon", "coordinates": [ [ [ -46.990021159, -22.973422632999899, 0.0 ], [ -46.989784062, -22.9737404749999, 0.0 ], [ -46.989865952999899, -22.973789226, 0.0 ], [ -46.990103502999901, -22.973486030999901, 0.0 ], [ -46.990021159, -22.973422632999899, 0.0 ] ] ] } },
{ "type": "Feature", "properties": { }, "geometry": { "type": "Polygon", "coordinates": [ [ [ -46.990263391, -22.973165047999899, 0.0 ], [ -46.990021159, -22.973422632999899, 0.0 ], [ -46.990103502999901, -22.973486030999901, 0.0 ], [ -46.990344982999908, -22.973242469999899, 0.0 ], [ -46.990263391, -22.973165047999899, 0.0 ] ] ] } },
{ "type": "Feature", "properties": { }, "geometry": { "type": "Polygon", "coordinates": [ [ [ -46.990344982999908, -22.973242469999899, 0.0 ], [ -46.990934953, -22.972717707, 0.0 ], [ -46.991388390999909, -22.972311283, 0.0 ], [ -46.99130774, -22.972233021, 0.0 ], [ -46.991168033, -22.972356454, 0.0 ], [ -46.990263391, -22.973165047999899, 0.0 ], [ -46.990344982999908, -22.973242469999899, 0.0 ] ] ] } },
{ "type": "Feature", "properties": { }, "geometry": { "type": "Polygon", "coordinates": [ [ [ -46.991307687, -22.972232969999901, 0.0 ], [ -46.991388390999909, -22.972311283, 0.0 ], [ -46.9921235099999, -22.971604709, 0.0 ], [ -46.992038320000013, -22.971530684, 0.0 ], [ -46.991307687, -22.972232969999901, 0.0 ] ] ] } },
{ "type": "Feature", "properties": { }, "geometry": { "type": "Polygon", "coordinates": [ [ [ -46.992245259, -22.971480499999899, 0.0 ], [ -46.992153426, -22.971406563, 0.0 ], [ -46.992038320000013, -22.971530684, 0.0 ], [ -46.9921235099999, -22.971604709, 0.0 ], [ -46.992245259, -22.971480499999899, 0.0 ] ] ] } },
{ "type": "Feature", "properties": { }, "geometry": { "type": "Polygon", "coordinates": [ [ [ -46.992245259, -22.971480499999899, 0.0 ], [ -46.992491555, -22.9711939489999, 0.0 ], [ -46.99280487, -22.970732268, 0.0 ], [ -46.992698904999898, -22.970676861, 0.0 ], [ -46.992392324, -22.971128607, 0.0 ], [ -46.992153426, -22.971406563, 0.0 ], [ -46.992245259, -22.971480499999899, 0.0 ] ] ] } },
{ "type": "Feature", "properties": { }, "geometry": { "type": "Polygon", "coordinates": [ [ [ -46.99313647000001, -22.969722648999898, 0.0 ], [ -46.992882603999902, -22.970377862, 0.0 ], [ -46.992728574999902, -22.970692374999899, 0.0 ], [ -46.99280487, -22.970732268, 0.0 ], [ -46.9929796119999, -22.970412788, 0.0 ], [ -46.993263311, -22.969768834, 0.0 ], [ -46.99313647000001, -22.969722648999898, 0.0 ] ] ] } },
{ "type": "Feature", "properties": { }, "geometry": { "type": "Polygon", "coordinates": [ [ [ -46.993932298999887, -22.967540110999899, 0.0 ], [ -46.994125482999891, -22.967687194, 0.0 ], [ -46.994184918, -22.967497216999899, 0.0 ], [ -46.994248135, -22.967200940999891, 0.0 ], [ -46.994064914, -22.967177450999891, 0.0 ], [ -46.994044770999899, -22.96726204, 0.0 ], [ -46.993932298999887, -22.967540110999899, 0.0 ] ] ] } },
{ "type": "Feature", "properties": { }, "geometry": { "type": "Polygon", "coordinates": [ [ [ -46.994154806, -22.965709166, 0.0 ], [ -46.993963, -22.965760206, 0.0 ], [ -46.99408026, -22.966183767999901, 0.0 ], [ -46.994253342, -22.9661584249999, 0.0 ], [ -46.994154806, -22.965709166, 0.0 ] ] ] } },
{ "type": "Feature", "properties": { }, "geometry": { "type": "Polygon", "coordinates": [ [ [ -46.993963, -22.965760206, 0.0 ], [ -46.994154806, -22.965709166, 0.0 ], [ -46.994070042, -22.965452872999901, 0.0 ], [ -46.993939349999899, -22.96515705, 0.0 ], [ -46.993773785, -22.965222684, 0.0 ], [ -46.993890162, -22.965511584999891, 0.0 ], [ -46.993963, -22.965760206, 0.0 ] ] ] } },
{ "type": "Feature", "properties": { }, "geometry": { "type": "Polygon", "coordinates": [ [ [ -46.993773785, -22.965222684, 0.0 ], [ -46.993939349999899, -22.96515705, 0.0 ], [ -46.993856067, -22.9650010249999, 0.0 ], [ -46.993734481999986, -22.9650580479999, 0.0 ], [ -46.993773785, -22.965222684, 0.0 ] ] ] } },
{ "type": "Feature", "properties": { }, "geometry": { "type": "Polygon", "coordinates": [ [ [ -46.993353356999897, -22.964270115, 0.0 ], [ -46.993241327, -22.964341986, 0.0 ], [ -46.993558748999902, -22.964772957, 0.0 ], [ -46.993734481999986, -22.9650580479999, 0.0 ], [ -46.993856067, -22.9650010249999, 0.0 ], [ -46.993672827, -22.964703868, 0.0 ], [ -46.993353356999897, -22.964270115, 0.0 ] ] ] } },
{ "type": "Feature", "properties": { }, "geometry": { "type": "Polygon", "coordinates": [ [ [ -46.993194507999902, -22.964057791, 0.0 ], [ -46.993098480999898, -22.964119395, 0.0 ], [ -46.993241327, -22.964341986, 0.0 ], [ -46.993353356999897, -22.964270115, 0.0 ], [ -46.993194507999902, -22.964057791, 0.0 ] ] ] } },
{ "type": "Feature", "properties": { }, "geometry": { "type": "Polygon", "coordinates": [ [ [ -46.993098480999898, -22.964119395, 0.0 ], [ -46.993194507999902, -22.964057791, 0.0 ], [ -46.992814546, -22.963562823, 0.0 ], [ -46.992476187, -22.963184818999899, 0.0 ], [ -46.991957469999903, -22.962735017999901, 0.0 ], [ -46.991316299999909, -22.962291531999899, 0.0 ], [ -46.989355455, -22.961143843, 0.0 ], [ -46.989293064, -22.961235297, 0.0 ], [ -46.991251895999902, -22.9623818069999, 0.0 ], [ -46.991882529, -22.962818032, 0.0 ], [ -46.992261992999893, -22.963135695, 0.0 ], [ -46.992523042999899, -22.9633996549999, 0.0 ], [ -46.992721635999899, -22.963628436, 0.0 ], [ -46.993098480999898, -22.964119395, 0.0 ] ] ] } },
{ "type": "Feature", "properties": { }, "geometry": { "type": "Polygon", "coordinates": [ [ [ -46.989293064, -22.961235297, 0.0 ], [ -46.989355455, -22.961143843, 0.0 ], [ -46.989210021000012, -22.961058761999901, 0.0 ], [ -46.98908524, -22.9612416699999, 0.0 ], [ -46.989293064, -22.961235297, 0.0 ] ] ] } },
{ "type": "Feature", "properties": { }, "geometry": { "type": "Polygon", "coordinates": [ [ [ -46.989060256, -22.960964474, 0.0 ], [ -46.988928356, -22.961132012999901, 0.0 ], [ -46.989085239, -22.9612416699999, 0.0 ], [ -46.989210021000012, -22.961058761999901, 0.0 ], [ -46.989060256, -22.960964474, 0.0 ] ] ] } },
{ "type": "Feature", "properties": { }, "geometry": { "type": "Polygon", "coordinates": [ [ [ -46.988928356, -22.961132012999901, 0.0 ], [ -46.989060256, -22.960964474, 0.0 ], [ -46.988963218, -22.960898961999899, 0.0 ], [ -46.988796909, -22.961110205999901, 0.0 ], [ -46.988928356, -22.961132012999901, 0.0 ] ] ] } },
{ "type": "Feature", "properties": { }, "geometry": { "type": "Polygon", "coordinates": [ [ [ -46.988678335, -22.961046027, 0.0 ], [ -46.988796909, -22.961110205999901, 0.0 ], [ -46.988963218, -22.960898961999899, 0.0 ], [ -46.988869332, -22.960829668, 0.0 ], [ -46.988678335, -22.961046027, 0.0 ] ] ] } },
{ "type": "Feature", "properties": { }, "geometry": { "type": "Polygon", "coordinates": [ [ [ -46.988592989, -22.960908931, 0.0 ], [ -46.988678335, -22.961046027, 0.0 ], [ -46.988869332, -22.960829668, 0.0 ], [ -46.988755687, -22.96074133, 0.0 ], [ -46.988592989, -22.960908931, 0.0 ] ] ] } },
{ "type": "Feature", "properties": { }, "geometry": { "type": "Polygon", "coordinates": [ [ [ -46.988511777, -22.960699302, 0.0 ], [ -46.988592989, -22.960908931, 0.0 ], [ -46.988755687, -22.96074133, 0.0 ], [ -46.988604382999902, -22.960612953, 0.0 ], [ -46.988511777, -22.960699302, 0.0 ] ] ] } },
{ "type": "Feature", "properties": { }, "geometry": { "type": "Polygon", "coordinates": [ [ [ -46.988511777, -22.960699302, 0.0 ], [ -46.988604382999902, -22.960612953, 0.0 ], [ -46.988384852, -22.960397924999899, 0.0 ], [ -46.988167478, -22.96014272, 0.0 ], [ -46.988078374999901, -22.960205479, 0.0 ], [ -46.988288726, -22.960467691, 0.0 ], [ -46.988511777, -22.960699302, 0.0 ] ] ] } },
{ "type": "Feature", "properties": { }, "geometry": { "type": "Polygon", "coordinates": [ [ [ -46.988078374999901, -22.960205479, 0.0 ], [ -46.988167478, -22.96014272, 0.0 ], [ -46.988016007999903, -22.959942455, 0.0 ], [ -46.987926793, -22.959997293999901, 0.0 ], [ -46.988078374999901, -22.960205479, 0.0 ] ] ] } },
{ "type": "Feature", "properties": { }, "geometry": { "type": "Polygon", "coordinates": [ [ [ -46.987926793, -22.959997293999901, 0.0 ], [ -46.988016007999903, -22.959942455, 0.0 ], [ -46.987880638, -22.959737264999902, 0.0 ], [ -46.987801105, -22.959780964, 0.0 ], [ -46.987926793, -22.959997293999901, 0.0 ] ] ] } },
{ "type": "Feature", "properties": { }, "geometry": { "type": "Polygon", "coordinates": [ [ [ -46.987673297999898, -22.959480030999899, 0.0 ], [ -46.987801105, -22.959780964, 0.0 ], [ -46.987880638, -22.959737264999902, 0.0 ], [ -46.987716659999897, -22.959459556, 0.0 ], [ -46.987673297999898, -22.959480030999899, 0.0 ] ] ] } },
{ "type": "Feature", "properties": { }, "geometry": { "type": "Polygon", "coordinates": [ [ [ -46.987716659999897, -22.959459556, 0.0 ], [ -46.987563404999896, -22.959130467999898, 0.0 ], [ -46.987503981, -22.959150597, 0.0 ], [ -46.987673297999898, -22.95948003, 0.0 ], [ -46.987716659999897, -22.959459556, 0.0 ] ] ] } },
{ "type": "Feature", "properties": { }, "geometry": { "type": "Polygon", "coordinates": [ [ [ -46.987499155, -22.958967809999901, 0.0 ], [ -46.987398592, -22.959001874, 0.0 ], [ -46.987503981, -22.959150597, 0.0 ], [ -46.987563404999896, -22.959130467999898, 0.0 ], [ -46.987499155, -22.958967809999901, 0.0 ] ] ] } },
{ "type": "Feature", "properties": { }, "geometry": { "type": "Polygon", "coordinates": [ [ [ -46.987398592, -22.959001874, 0.0 ], [ -46.987499155, -22.958967809999901, 0.0 ], [ -46.987382297, -22.958618913999899, 0.0 ], [ -46.98726958, -22.958647312, 0.0 ], [ -46.987398592, -22.959001874, 0.0 ] ] ] } },
{ "type": "Feature", "properties": { }, "geometry": { "type": "Polygon", "coordinates": [ [ [ -46.987264303, -22.958174264, 0.0 ], [ -46.987149669, -22.9581946489999, 0.0 ], [ -46.98726958, -22.958647312, 0.0 ], [ -46.987382297, -22.958618913999899, 0.0 ], [ -46.987264303, -22.958174264, 0.0 ] ] ] } },
{ "type": "Feature", "properties": { }, "geometry": { "type": "Polygon", "coordinates": [ [ [ -46.987149669, -22.9581946489999, 0.0 ], [ -46.987264303, -22.958174264, 0.0 ], [ -46.987114305000013, -22.957361061, 0.0 ], [ -46.986994188999986, -22.957379069999899, 0.0 ], [ -46.987149669, -22.9581946489999, 0.0 ] ] ] } },
{ "type": "Feature", "properties": { }, "geometry": { "type": "Polygon", "coordinates": [ [ [ -46.986996243, -22.956602189, 0.0 ], [ -46.9868896199999, -22.956612708, 0.0 ], [ -46.986994188999986, -22.957379069999899, 0.0 ], [ -46.987114305000013, -22.957361061, 0.0 ], [ -46.986996243, -22.956602189, 0.0 ] ] ] } },
{ "type": "Feature", "properties": { }, "geometry": { "type": "Polygon", "coordinates": [ [ [ -46.986889694999903, -22.956612042, 0.0 ], [ -46.986996243, -22.956602189, 0.0 ], [ -46.986700685999899, -22.9533827139999, 0.0 ], [ -46.98658433100001, -22.953392251, 0.0 ], [ -46.986889694999903, -22.956612042, 0.0 ] ] ] } },
{ "type": "Feature", "properties": { }, "geometry": { "type": "Polygon", "coordinates": [ [ [ -46.986595426999898, -22.952538236999899, 0.0 ], [ -46.986475857, -22.952559106, 0.0 ], [ -46.986527933999987, -22.952838648999901, 0.0 ], [ -46.98658433100001, -22.953392251, 0.0 ], [ -46.986700685999899, -22.9533827139999, 0.0 ], [ -46.9866464139999, -22.952820197999891, 0.0 ], [ -46.986595426999898, -22.952538236999899, 0.0 ] ] ] } },
{ "type": "Feature", "properties": { }, "geometry": { "type": "Polygon", "coordinates": [ [ [ -46.986475857, -22.952559106, 0.0 ], [ -46.986595426999898, -22.952538236999899, 0.0 ], [ -46.986532568, -22.9522673499999, 0.0 ], [ -46.986389531, -22.951870240999899, 0.0 ], [ -46.986285286999902, -22.951908019, 0.0 ], [ -46.98641886, -22.952296053999898, 0.0 ], [ -46.986475857, -22.952559106, 0.0 ] ] ] } },
{ "type": "Feature", "properties": { }, "geometry": { "type": "Polygon", "coordinates": [ [ [ -46.986224329, -22.951511857, 0.0 ], [ -46.986127080999907, -22.951553351, 0.0 ], [ -46.986285286999902, -22.951908018, 0.0 ], [ -46.986389531, -22.951870240999899, 0.0 ], [ -46.986224329, -22.951511857, 0.0 ] ] ] } },
{ "type": "Feature", "properties": { }, "geometry": { "type": "Polygon", "coordinates": [ [ [ -46.986127080999907, -22.951553351, 0.0 ], [ -46.986224329, -22.951511857, 0.0 ], [ -46.985882988, -22.950801401, 0.0 ], [ -46.985761533, -22.950510382999909, 0.0 ], [ -46.985642309999903, -22.950549657, 0.0 ], [ -46.985773421, -22.950848779999902, 0.0 ], [ -46.986127080999907, -22.951553351, 0.0 ] ] ] } },
{ "type": "Feature", "properties": { }, "geometry": { "type": "Polygon", "coordinates": [ [ [ -46.985642309999903, -22.950549657, 0.0 ], [ -46.985761533, -22.950510382999909, 0.0 ], [ -46.985581038, -22.949965085, 0.0 ], [ -46.985439998999901, -22.95000006, 0.0 ], [ -46.985642309999903, -22.950549657, 0.0 ] ] ] } },
{ "type": "Feature", "properties": { }, "geometry": { "type": "Polygon", "coordinates": [ [ [ -46.985439998999901, -22.95000006, 0.0 ], [ -46.985581038, -22.949965085, 0.0 ], [ -46.985544269999913, -22.949822589, 0.0 ], [ -46.985391945999901, -22.949852639, 0.0 ], [ -46.985439998999901, -22.95000006, 0.0 ] ] ] } },
{ "type": "Feature", "properties": { }, "geometry": { "type": "Polygon", "coordinates": [ [ [ -46.985481874999898, -22.9495023499999, 0.0 ], [ -46.98532531099989, -22.9495077629999, 0.0 ], [ -46.985391945999901, -22.949852639, 0.0 ], [ -46.985544269999913, -22.949822589, 0.0 ], [ -46.985481874999898, -22.9495023499999, 0.0 ] ] ] } },
{ "type": "Feature", "properties": { }, "geometry": { "type": "Polygon", "coordinates": [ [ [ -46.98532531099989, -22.9495077629999, 0.0 ], [ -46.985482218, -22.9495019619999, 0.0 ], [ -46.985427563, -22.949155709, 0.0 ], [ -46.985263829, -22.949177875, 0.0 ], [ -46.98532531099989, -22.9495077629999, 0.0 ] ] ] } },
{ "type": "Feature", "properties": { }, "geometry": { "type": "Polygon", "coordinates": [ [ [ -46.98532041, -22.948347897999898, 0.0 ], [ -46.985194803, -22.948362087, 0.0 ], [ -46.985263829, -22.949177875, 0.0 ], [ -46.985427563, -22.949155709, 0.0 ], [ -46.98532041, -22.948347897999898, 0.0 ] ] ] } },
{ "type": "Feature", "properties": { }, "geometry": { "type": "Polygon", "coordinates": [ [ [ -46.985194803, -22.948362087, 0.0 ], [ -46.98532041, -22.948347897999898, 0.0 ], [ -46.985030203999898, -22.94607317, 0.0 ], [ -46.984875504999899, -22.946089792999899, 0.0 ], [ -46.985194803, -22.948362087, 0.0 ] ] ] } },
{ "type": "Feature", "properties": { }, "geometry": { "type": "Polygon", "coordinates": [ [ [ -46.984875504999899, -22.946089792999899, 0.0 ], [ -46.985030203999898, -22.94607317, 0.0 ], [ -46.984982661999901, -22.945584875, 0.0 ], [ -46.984817252, -22.945588988999901, 0.0 ], [ -46.984875504999899, -22.946089792999899, 0.0 ] ] ] } },
{ "type": "Feature", "properties": { }, "geometry": { "type": "Polygon", "coordinates": [ [ [ -46.984806101999901, -22.945256886, 0.0 ], [ -46.984817252, -22.945588988999901, 0.0 ], [ -46.984982661999901, -22.945584875, 0.0 ], [ -46.984981133000012, -22.945264087999899, 0.0 ], [ -46.984806101999901, -22.945256886, 0.0 ] ] ] } },
{ "type": "Feature", "properties": { }, "geometry": { "type": "Polygon", "coordinates": [ [ [ -46.984850792, -22.944934706, 0.0 ], [ -46.984806101999901, -22.945256886, 0.0 ], [ -46.984981133000012, -22.945264087999899, 0.0 ], [ -46.985005457999897, -22.944951588, 0.0 ], [ -46.984850792, -22.944934706, 0.0 ] ] ] } },
{ "type": "Feature", "properties": { }, "geometry": { "type": "Polygon", "coordinates": [ [ [ -46.985014492999902, -22.9443341469999, 0.0 ], [ -46.984904909, -22.944680651999899, 0.0 ], [ -46.984850792, -22.944934706, 0.0 ], [ -46.985005457999897, -22.944951588, 0.0 ], [ -46.985047259999902, -22.9447178849999, 0.0 ], [ -46.985143095, -22.9443758809999, 0.0 ], [ -46.985014492999902, -22.9443341469999, 0.0 ] ] ] } },
{ "type": "Feature", "properties": { }, "geometry": { "type": "Polygon", "coordinates": [ [ [ -46.9859107629999, -22.942914311, 0.0 ], [ -46.985646865, -22.943202202, 0.0 ], [ -46.985398179999898, -22.943541697999901, 0.0 ], [ -46.98517916, -22.943930764999902, 0.0 ], [ -46.985014492999902, -22.9443341469999, 0.0 ], [ -46.985143095, -22.9443758809999, 0.0 ], [ -46.985308857999897, -22.943976850999899, 0.0 ], [ -46.98552117, -22.94360627, 0.0 ], [ -46.985755927999897, -22.943288923999901, 0.0 ], [ -46.9860187089999, -22.943005356, 0.0 ], [ -46.9859107629999, -22.942914311, 0.0 ] ] ] } },
{ "type": "Feature", "properties": { }, "geometry": { "type": "Polygon", "coordinates": [ [ [ -46.9859107629999, -22.9429143099999, 0.0 ], [ -46.9860187089999, -22.943005356, 0.0 ], [ -46.986302185999897, -22.942751701, 0.0 ], [ -46.986740175, -22.942431809, 0.0 ], [ -46.9873049139999, -22.942100771, 0.0 ], [ -46.987771881999898, -22.941887845999901, 0.0 ], [ -46.98771333, -22.941763978, 0.0 ], [ -46.987231513, -22.941983883, 0.0 ], [ -46.986657895999898, -22.942320107999901, 0.0 ], [ -46.98620757, -22.942648719, 0.0 ], [ -46.9859107629999, -22.9429143099999, 0.0 ] ] ] } },
{ "type": "Feature", "properties": { }, "geometry": { "type": "Polygon", "coordinates": [ [ [ -46.990219883999899, -22.940779489, 0.0 ], [ -46.990144562999902, -22.940813727, 0.0 ], [ -46.98771333, -22.941763976999901, 0.0 ], [ -46.987771881999898, -22.941887845999901, 0.0 ], [ -46.990197109999897, -22.940921054999901, 0.0 ], [ -46.990276466999902, -22.940884309, 0.0 ], [ -46.990219883999899, -22.940779489, 0.0 ] ] ] } },
{ "type": "Feature", "properties": { }, "geometry": { "type": "Polygon", "coordinates": [ [ [ -46.990686313, -22.940675396, 0.0 ], [ -46.990551996, -22.940471455, 0.0 ], [ -46.990167653, -22.940682732, 0.0 ], [ -46.990276466999902, -22.940884309, 0.0 ], [ -46.990686313, -22.940675396, 0.0 ] ] ] } },
{ "type": "Feature", "properties": { }, "geometry": { "type": "Polygon", "coordinates": [ [ [ -46.991010726, -22.940480179, 0.0 ], [ -46.990949986, -22.94039852, 0.0 ], [ -46.990633093, -22.940594589, 0.0 ], [ -46.990686313, -22.940675396, 0.0 ], [ -46.991010726, -22.940480179, 0.0 ] ] ] } },
{ "type": "Feature", "properties": { }, "geometry": { "type": "Polygon", "coordinates": [ [ [ -46.991400827999897, -22.940043303, 0.0 ], [ -46.990949986, -22.94039852, 0.0 ], [ -46.991010726, -22.940480179, 0.0 ], [ -46.991484277, -22.940131393999899, 0.0 ], [ -46.991400827999897, -22.940043303, 0.0 ] ] ] } },
{ "type": "Feature", "properties": { }, "geometry": { "type": "Polygon", "coordinates": [ [ [ -46.99161774800001, -22.939830765999901, 0.0 ], [ -46.991400827999897, -22.940043303, 0.0 ], [ -46.991484277, -22.940131393999899, 0.0 ], [ -46.991720302, -22.939920566, 0.0 ], [ -46.99161774800001, -22.939830765999901, 0.0 ] ] ] } },
{ "type": "Feature", "properties": { }, "geometry": { "type": "Polygon", "coordinates": [ [ [ -46.991725179999897, -22.9396502009999, 0.0 ], [ -46.99161774800001, -22.939830765999901, 0.0 ], [ -46.991720302, -22.939920566, 0.0 ], [ -46.991873342000012, -22.939767141999901, 0.0 ], [ -46.991725179999897, -22.9396502009999, 0.0 ] ] ] } },
{ "type": "Feature", "properties": { }, "geometry": { "type": "Polygon", "coordinates": [ [ [ -46.992085059, -22.939317285999898, 0.0 ], [ -46.991725179999897, -22.9396502009999, 0.0 ], [ -46.991873342000012, -22.939767141999901, 0.0 ], [ -46.992194849, -22.939392037999902, 0.0 ], [ -46.992085059, -22.939317285999898, 0.0 ] ] ] } },
{ "type": "Feature", "properties": { }, "geometry": { "type": "Polygon", "coordinates": [ [ [ -46.992607479999897, -22.938691074, 0.0 ], [ -46.992407525999987, -22.938933243, 0.0 ], [ -46.992085059, -22.939317285999898, 0.0 ], [ -46.992194849, -22.939392037999902, 0.0 ], [ -46.992701859, -22.938754801, 0.0 ], [ -46.992607479999897, -22.938691074, 0.0 ] ] ] } },
{ "type": "Feature", "properties": { }, "geometry": { "type": "Polygon", "coordinates": [ [ [ -46.992607479999897, -22.938691074, 0.0 ], [ -46.992701859, -22.938754801, 0.0 ], [ -46.993143823, -22.938221618999901, 0.0 ], [ -46.993051599, -22.938148124999898, 0.0 ], [ -46.992607479999897, -22.938691074, 0.0 ] ] ] } },
{ "type": "Feature", "properties": { }, "geometry": { "type": "Polygon", "coordinates": [ [ [ -46.993051599, -22.938148124999898, 0.0 ], [ -46.993143823, -22.938221618999901, 0.0 ], [ -46.993580901, -22.937799007, 0.0 ], [ -46.993865295, -22.9375792189999, 0.0 ], [ -46.994197574999902, -22.937370773999898, 0.0 ], [ -46.994593268, -22.9371770609999, 0.0 ], [ -46.995200071999911, -22.93696096, 0.0 ], [ -46.995160374, -22.936849686, 0.0 ], [ -46.99453478600001, -22.937074438, 0.0 ], [ -46.994151025, -22.937262731, 0.0 ], [ -46.99394847500001, -22.937384123, 0.0 ], [ -46.993500933999897, -22.937712593, 0.0 ], [ -46.993051599, -22.938148124999898, 0.0 ] ] ] } },
{ "type": "Feature", "properties": { }, "geometry": { "type": "Polygon", "coordinates": [ [ [ -46.995348517, -22.936919353999901, 0.0 ], [ -46.995848679999909, -22.9367950349999, 0.0 ], [ -46.995820098, -22.936680872999901, 0.0 ], [ -46.995278962, -22.936816106, 0.0 ], [ -46.995348517, -22.936919353999901, 0.0 ] ] ] } },
{ "type": "Feature", "properties": { }, "geometry": { "type": "Polygon", "coordinates": [ [ [ -46.996009578, -22.936618471, 0.0 ], [ -46.995820098, -22.936680872999901, 0.0 ], [ -46.995848679999909, -22.9367950349999, 0.0 ], [ -46.996047652999913, -22.936749012, 0.0 ], [ -46.996009578, -22.936618471, 0.0 ] ] ] } },
{ "type": "Feature", "properties": { }, "geometry": { "type": "Polygon", "coordinates": [ [ [ -46.996545311000013, -22.936447821999899, 0.0 ], [ -46.996009578, -22.936618471, 0.0 ], [ -46.996047652999913, -22.936749012, 0.0 ], [ -46.996601801999901, -22.936582233, 0.0 ], [ -46.996545311000013, -22.936447821999899, 0.0 ] ] ] } },
{ "type": "Feature", "properties": { }, "geometry": { "type": "Polygon", "coordinates": [ [ [ -46.996781948, -22.936402292, 0.0 ], [ -46.996545311000013, -22.936447821999899, 0.0 ], [ -46.996601801999901, -22.936582233, 0.0 ], [ -46.996826233, -22.936497501999899, 0.0 ], [ -46.996781948, -22.936402292, 0.0 ] ] ] } },
{ "type": "Feature", "properties": { }, "geometry": { "type": "Polygon", "coordinates": [ [ [ -46.997294919, -22.936130571, 0.0 ], [ -46.996781948, -22.936402292, 0.0 ], [ -46.996826233, -22.936497501999899, 0.0 ], [ -46.997369542999891, -22.936246792999899, 0.0 ], [ -46.997294919, -22.936130571, 0.0 ] ] ] } },
{ "type": "Feature", "properties": { }, "geometry": { "type": "Polygon", "coordinates": [ [ [ -46.997556164999899, -22.935975626, 0.0 ], [ -46.997294919, -22.936130571, 0.0 ], [ -46.997369542999891, -22.936246792999899, 0.0 ], [ -46.997638601999903, -22.936081722, 0.0 ], [ -46.997556164999899, -22.935975626, 0.0 ] ] ] } },
{ "type": "Feature", "properties": { }, "geometry": { "type": "Polygon", "coordinates": [ [ [ -46.99755616600001, -22.935975625999902, 0.0 ], [ -46.997638601999903, -22.936081722, 0.0 ], [ -46.997942633, -22.935853848, 0.0 ], [ -46.997858526, -22.935766295999901, 0.0 ], [ -46.99755616600001, -22.935975625999902, 0.0 ] ] ] } },
{ "type": "Feature", "properties": { }, "geometry": { "type": "Polygon", "coordinates": [ [ [ -46.998506369, -22.935072232, 0.0 ], [ -46.99855095, -22.935217215999899, 0.0 ], [ -46.998824772, -22.934824459, 0.0 ], [ -46.999656821, -22.933466177, 0.0 ], [ -46.999546977, -22.933408014999898, 0.0 ], [ -46.998715196000013, -22.934765856, 0.0 ], [ -46.998506369, -22.935072232, 0.0 ] ] ] } },
{ "type": "Feature", "properties": { }, "geometry": { "type": "Polygon", "coordinates": [ [ [ -46.99855095, -22.935217215999899, 0.0 ], [ -46.998506369, -22.935072232, 0.0 ], [ -46.998179897999897, -22.935463988, 0.0 ], [ -46.997858526, -22.935766295999901, 0.0 ], [ -46.997942633, -22.935853848, 0.0 ], [ -46.998275299999897, -22.935540975, 0.0 ], [ -46.99855095, -22.935217215999899, 0.0 ] ] ] } },
{ "type": "Feature", "properties": { }, "geometry": { "type": "Polygon", "coordinates": [ [ [ -46.999727645, -22.933171806999901, 0.0 ], [ -46.999546977, -22.933408014999898, 0.0 ], [ -46.999656821, -22.933466177, 0.0 ], [ -46.999810099999898, -22.933219703, 0.0 ], [ -46.999727645, -22.933171806999901, 0.0 ] ] ] } },
{ "type": "Feature", "properties": { }, "geometry": { "type": "Polygon", "coordinates": [ [ [ -46.999810099999898, -22.933219703, 0.0 ], [ -47.000023537999901, -22.9329175149999, 0.0 ], [ -47.000215093, -22.93268288, 0.0 ], [ -47.0004424259999, -22.9324606939999, 0.0 ], [ -47.0008020289999, -22.932182369, 0.0 ], [ -47.001195978999903, -22.931957928, 0.0 ], [ -47.001592376, -22.93179803, 0.0 ], [ -47.001980332, -22.9316939889999, 0.0 ], [ -47.002395095999901, -22.931634774, 0.0 ], [ -47.002386778, -22.931544956, 0.0 ], [ -47.001960652, -22.9316057039999, 0.0 ], [ -47.0015577899999, -22.931713767, 0.0 ], [ -47.001151912999902, -22.93187755, 0.0 ], [ -47.000746609, -22.932108263, 0.0 ], [ -47.000376516, -22.932394363, 0.0 ], [ -47.000056344, -22.932724348, 0.0 ], [ -46.999727645, -22.933171806999901, 0.0 ], [ -46.999810099999898, -22.933219703, 0.0 ] ] ] } },
{ "type": "Feature", "properties": { }, "geometry": { "type": "Polygon", "coordinates": [ [ [ -47.00493075, -22.9315727369999, 0.0 ], [ -47.004328444999899, -22.931591785, 0.0 ], [ -47.002787177999899, -22.931530928, 0.0 ], [ -47.002386778, -22.931544956, 0.0 ], [ -47.002395095999901, -22.931634774, 0.0 ], [ -47.002777551, -22.931619424, 0.0 ], [ -47.004327282, -22.931675115999901, 0.0 ], [ -47.00493782199991, -22.931653605999909, 0.0 ], [ -47.00493075, -22.9315727369999, 0.0 ] ] ] } },
{ "type": "Feature", "properties": { }, "geometry": { "type": "Polygon", "coordinates": [ [ [ -47.00493782199991, -22.931653605999909, 0.0 ], [ -47.006449188, -22.931543393, 0.0 ], [ -47.006441335, -22.931462586, 0.0 ], [ -47.00493075, -22.9315727369999, 0.0 ], [ -47.00493782199991, -22.931653605999909, 0.0 ] ] ] } },
{ "type": "Feature", "properties": { }, "geometry": { "type": "Polygon", "coordinates": [ [ [ -47.007228389, -22.931313695, 0.0 ], [ -47.0072555469999, -22.931446559999898, 0.0 ], [ -47.008950379999902, -22.9311138969999, 0.0 ], [ -47.008922793, -22.930981110999902, 0.0 ], [ -47.007228389, -22.931313695, 0.0 ] ] ] } },
{ "type": "Feature", "properties": { }, "geometry": { "type": "Polygon", "coordinates": [ [ [ -47.010274463, -22.930789301999901, 0.0 ], [ -47.009470689999901, -22.9308805269999, 0.0 ], [ -47.008922793, -22.930981110999902, 0.0 ], [ -47.008950379999902, -22.9311138969999, 0.0 ], [ -47.009498441999909, -22.931024571, 0.0 ], [ -47.010289727, -22.9309509519999, 0.0 ], [ -47.010274463, -22.930789301999901, 0.0 ] ] ] } },
{ "type": "Feature", "properties": { }, "geometry": { "type": "Polygon", "coordinates": [ [ [ -47.00722839, -22.931313697999901, 0.0 ], [ -47.006441335, -22.931462586, 0.0 ], [ -47.006449188, -22.931543393, 0.0 ], [ -47.0072555469999, -22.931446559999898, 0.0 ], [ -47.00722839, -22.931313697999901, 0.0 ] ] ] } },
{ "type": "Feature", "properties": { }, "geometry": { "type": "Polygon", "coordinates": [ [ [ -47.010800138, -22.930795308, 0.0 ], [ -47.010274463, -22.930789300999901, 0.0 ], [ -47.010289727, -22.9309509519999, 0.0 ], [ -47.0108056609999, -22.930912389, 0.0 ], [ -47.010800138, -22.930795308, 0.0 ] ] ] } },
{ "type": "Feature", "properties": { }, "geometry": { "type": "Polygon", "coordinates": [ [ [ -47.011255475, -22.930785215, 0.0 ], [ -47.010800138, -22.930795308, 0.0 ], [ -47.0108056609999, -22.930912389, 0.0 ], [ -47.011252280999898, -22.930906879, 0.0 ], [ -47.011255475, -22.930785215, 0.0 ] ] ] } },
{ "type": "Feature", "properties": { }, "geometry": { "type": "Polygon", "coordinates": [ [ [ -47.012034297, -22.930858789999899, 0.0 ], [ -47.011700396, -22.9308143219999, 0.0 ], [ -47.011255475, -22.930785215, 0.0 ], [ -47.011252280999898, -22.930906879, 0.0 ], [ -47.011684745, -22.930927478999902, 0.0 ], [ -47.012013652999897, -22.930965264999902, 0.0 ], [ -47.012034297, -22.930858789999899, 0.0 ] ] ] } },
{ "type": "Feature", "properties": { }, "geometry": { "type": "Polygon", "coordinates": [ [ [ -47.013215902, -22.931091081, 0.0 ], [ -47.012034297, -22.930858789999899, 0.0 ], [ -47.012013652999897, -22.930965264999902, 0.0 ], [ -47.013192779999898, -22.9311925159999, 0.0 ], [ -47.013215902, -22.931091081, 0.0 ] ] ] } },
{ "type": "Feature", "properties": { }, "geometry": { "type": "Polygon", "coordinates": [ [ [ -47.014430124999897, -22.931201094, 0.0 ], [ -47.014089041999988, -22.931188859, 0.0 ], [ -47.013215902999903, -22.931091081, 0.0 ], [ -47.013192779999898, -22.9311925159999, 0.0 ], [ -47.014049013, -22.931374430999899, 0.0 ], [ -47.014405779999898, -22.931425335, 0.0 ], [ -47.014430124999897, -22.931201094, 0.0 ] ] ] } },
{ "type": "Feature", "properties": { }, "geometry": { "type": "Polygon", "coordinates": [ [ [ -47.014759319999897, -22.9311913089999, 0.0 ], [ -47.014430124999897, -22.931201094, 0.0 ], [ -47.014405779999898, -22.931425335, 0.0 ], [ -47.014717421999897, -22.931449845, 0.0 ], [ -47.014759319999897, -22.9311913089999, 0.0 ] ] ] } },
{ "type": "Feature", "properties": { }, "geometry": { "type": "Polygon", "coordinates": [ [ [ -47.01493398, -22.931220247999899, 0.0 ], [ -47.014759319999897, -22.9311913089999, 0.0 ], [ -47.014717421999897, -22.931449845, 0.0 ], [ -47.014907637, -22.9314714829999, 0.0 ], [ -47.01493398, -22.931220247999899, 0.0 ] ] ] } },
{ "type": "Feature", "properties": { }, "geometry": { "type": "Polygon", "coordinates": [ [ [ -47.015125802, -22.9312700149999, 0.0 ], [ -47.01493398, -22.931220247999899, 0.0 ], [ -47.014907637, -22.9314714829999, 0.0 ], [ -47.015115395, -22.931486157999899, 0.0 ], [ -47.015125802, -22.9312700149999, 0.0 ] ] ] } },
{ "type": "Feature", "properties": { }, "geometry": { "type": "Polygon", "coordinates": [ [ [ -47.015509081999909, -22.931307612999898, 0.0 ], [ -47.015125802, -22.9312700149999, 0.0 ], [ -47.015115395, -22.931486157999899, 0.0 ], [ -47.015517367, -22.931487747999899, 0.0 ], [ -47.015509081999909, -22.931307612999898, 0.0 ] ] ] } },
{ "type": "Feature", "properties": { }, "geometry": { "type": "Polygon", "coordinates": [ [ [ -47.01661968, -22.9313022659999, 0.0 ], [ -47.016617716, -22.931482554999899, 0.0 ], [ -47.017661167, -22.931502837, 0.0 ], [ -47.017664722999911, -22.931340600999899, 0.0 ], [ -47.01661968, -22.9313022659999, 0.0 ] ] ] } },
{ "type": "Feature", "properties": { }, "geometry": { "type": "Polygon", "coordinates": [ [ [ -47.018234108999899, -22.931295559, 0.0 ], [ -47.017664722999911, -22.931340600999899, 0.0 ], [ -47.017661167, -22.931502837, 0.0 ], [ -47.018230791999898, -22.931511896, 0.0 ], [ -47.018234108999899, -22.931295559, 0.0 ] ] ] } },
{ "type": "Feature", "properties": { }, "geometry": { "type": "Polygon", "coordinates": [ [ [ -47.018438714, -22.931253172, 0.0 ], [ -47.018234108999899, -22.931295559, 0.0 ], [ -47.018230791999898, -22.931511896, 0.0 ], [ -47.018434705999887, -22.931514578999899, 0.0 ], [ -47.018438714, -22.931253172, 0.0 ] ] ] } },
{ "type": "Feature", "properties": { }, "geometry": { "type": "Polygon", "coordinates": [ [ [ -47.018627921, -22.931233122, 0.0 ], [ -47.018438714, -22.931253172, 0.0 ], [ -47.018434705999887, -22.931514578999899, 0.0 ], [ -47.018623567, -22.931517062999902, 0.0 ], [ -47.018627921, -22.931233122, 0.0 ] ] ] } },
{ "type": "Feature", "properties": { }, "geometry": { "type": "Polygon", "coordinates": [ [ [ -47.018829833, -22.931159142999899, 0.0 ], [ -47.018627921, -22.931233122, 0.0 ], [ -47.018623567, -22.931517062999902, 0.0 ], [ -47.018825268999898, -22.931519716, 0.0 ], [ -47.018829833, -22.931159142999899, 0.0 ] ] ] } },
{ "type": "Feature", "properties": { }, "geometry": { "type": "Polygon", "coordinates": [ [ [ -47.019110016, -22.93123431, 0.0 ], [ -47.018829834, -22.931159142999899, 0.0 ], [ -47.018825268999898, -22.931519716, 0.0 ], [ -47.019106365, -22.931522768, 0.0 ], [ -47.019110016, -22.93123431, 0.0 ] ] ] } },
{ "type": "Feature", "properties": { }, "geometry": { "type": "Polygon", "coordinates": [ [ [ -47.019407957999903, -22.931255576999899, 0.0 ], [ -47.01911001699991, -22.93123431, 0.0 ], [ -47.019106365, -22.931522768, 0.0 ], [ -47.019404533999897, -22.931526006999899, 0.0 ], [ -47.019407957999903, -22.931255576999899, 0.0 ] ] ] } },
{ "type": "Feature", "properties": { }, "geometry": { "type": "Polygon", "coordinates": [ [ [ -47.019948885, -22.931263519, 0.0 ], [ -47.019407957999903, -22.931255576999899, 0.0 ], [ -47.019404533999897, -22.931526006999899, 0.0 ], [ -47.019969466, -22.931506175, 0.0 ], [ -47.019948885, -22.931263519, 0.0 ] ] ] } },
{ "type": "Feature", "properties": { }, "geometry": { "type": "Polygon", "coordinates": [ [ [ -47.019948881999902, -22.931263482, 0.0 ], [ -47.019969466, -22.931506175, 0.0 ], [ -47.020529864, -22.931427020999902, 0.0 ], [ -47.0204768259999, -22.931188625999901, 0.0 ], [ -47.019948881999902, -22.931263482, 0.0 ] ] ] } },
{ "type": "Feature", "properties": { }, "geometry": { "type": "Polygon", "coordinates": [ [ [ -47.021133125999903, -22.931006066999899, 0.0 ], [ -47.0204768259999, -22.931188625999901, 0.0 ], [ -47.020529864, -22.931427020999902, 0.0 ], [ -47.021228547, -22.931247314, 0.0 ], [ -47.021133125999903, -22.931006066999899, 0.0 ] ] ] } },
{ "type": "Feature", "properties": { }, "geometry": { "type": "Polygon", "coordinates": [ [ [ -47.022062943, -22.9306302799999, 0.0 ], [ -47.021367762, -22.9309229949999, 0.0 ], [ -47.021133125999903, -22.931006066999899, 0.0 ], [ -47.021228547, -22.931247314, 0.0 ], [ -47.021467904, -22.931164968999902, 0.0 ], [ -47.022174951, -22.93087515, 0.0 ], [ -47.022062943, -22.9306302799999, 0.0 ] ] ] } },
{ "type": "Feature", "properties": { }, "geometry": { "type": "Polygon", "coordinates": [ [ [ -47.022455682, -22.930478272999899, 0.0 ], [ -47.022062943, -22.9306302799999, 0.0 ], [ -47.022174951, -22.93087515, 0.0 ], [ -47.022553419, -22.930737899, 0.0 ], [ -47.022455682, -22.930478272999899, 0.0 ] ] ] } },
{ "type": "Feature", "properties": { }, "geometry": { "type": "Polygon", "coordinates": [ [ [ -47.022773168, -22.930361439, 0.0 ], [ -47.022455682, -22.930478272999899, 0.0 ], [ -47.022553419, -22.930737899, 0.0 ], [ -47.022861474, -22.9306427769999, 0.0 ], [ -47.022773168, -22.930361439, 0.0 ] ] ] } },
{ "type": "Feature", "properties": { }, "geometry": { "type": "Polygon", "coordinates": [ [ [ -47.023771665000012, -22.930182271, 0.0 ], [ -47.0231028379999, -22.930286512, 0.0 ], [ -47.022773168, -22.930361439, 0.0 ], [ -47.022861474, -22.9306427769999, 0.0 ], [ -47.023156199, -22.930565296999902, 0.0 ], [ -47.023824412, -22.930439099999901, 0.0 ], [ -47.023771665000012, -22.930182271, 0.0 ] ] ] } },
{ "type": "Feature", "properties": { }, "geometry": { "type": "Polygon", "coordinates": [ [ [ -47.024194829, -22.929988491, 0.0 ], [ -47.023771666, -22.930182271, 0.0 ], [ -47.023824412, -22.930439099999901, 0.0 ], [ -47.024270745, -22.930360532999899, 0.0 ], [ -47.024194829, -22.929988491, 0.0 ] ] ] } },
{ "type": "Feature", "properties": { }, "geometry": { "type": "Polygon", "coordinates": [ [ [ -47.024724835, -22.929877942, 0.0 ], [ -47.024194829999907, -22.92998849, 0.0 ], [ -47.024270745, -22.930360532999899, 0.0 ], [ -47.024793748, -22.9302694319999, 0.0 ], [ -47.024724835, -22.929877942, 0.0 ] ] ] } },
{ "type": "Feature", "properties": { }, "geometry": { "type": "Polygon", "coordinates": [ [ [ -47.025357594, -22.929892073, 0.0 ], [ -47.025085796, -22.929873578999899, 0.0 ], [ -47.024724835, -22.929877942, 0.0 ], [ -47.024793748, -22.9302694319999, 0.0 ], [ -47.025111496, -22.930229778, 0.0 ], [ -47.025372569, -22.930216317, 0.0 ], [ -47.025357594, -22.929892073, 0.0 ] ] ] } },
{ "type": "Feature", "properties": { }, "geometry": { "type": "Polygon", "coordinates": [ [ [ -47.025498685999899, -22.92987923, 0.0 ], [ -47.025357594, -22.929892073, 0.0 ], [ -47.025372569, -22.930216317, 0.0 ], [ -47.025491443999989, -22.930212717, 0.0 ], [ -47.025498685999899, -22.92987923, 0.0 ] ] ] } },
{ "type": "Feature", "properties": { }, "geometry": { "type": "Polygon", "coordinates": [ [ [ -47.025920888, -22.929806266999901, 0.0 ], [ -47.025498685999899, -22.92987923, 0.0 ], [ -47.025491443999989, -22.930212717, 0.0 ], [ -47.025870571, -22.930231935999899, 0.0 ], [ -47.025920888, -22.929806266999901, 0.0 ] ] ] } },
{ "type": "Feature", "properties": { }, "geometry": { "type": "Polygon", "coordinates": [ [ [ -47.026125914, -22.930260607, 0.0 ], [ -47.026204274999898, -22.929834017, 0.0 ], [ -47.025920889000012, -22.929806266999901, 0.0 ], [ -47.025870571, -22.930231935999899, 0.0 ], [ -47.026125914, -22.930260607, 0.0 ] ] ] } },
{ "type": "Feature", "properties": { }, "geometry": { "type": "Polygon", "coordinates": [ [ [ -47.028214873, -22.930554469, 0.0 ], [ -47.0269131, -22.930152924, 0.0 ], [ -47.026808204999988, -22.9304149559999, 0.0 ], [ -47.028103482999903, -22.93085265, 0.0 ], [ -47.028214873, -22.930554469, 0.0 ] ] ] } },
{ "type": "Feature", "properties": { }, "geometry": { "type": "Polygon", "coordinates": [ [ [ -47.02839597900001, -22.930625968999909, 0.0 ], [ -47.028214874, -22.930554469, 0.0 ], [ -47.028103482999903, -22.93085265, 0.0 ], [ -47.028292317, -22.930912302, 0.0 ], [ -47.02839597900001, -22.930625968999909, 0.0 ] ] ] } },
{ "type": "Feature", "properties": { }, "geometry": { "type": "Polygon", "coordinates": [ [ [ -47.029220390000013, -22.930801530999901, 0.0 ], [ -47.028721490999899, -22.930720645999909, 0.0 ], [ -47.02839597900001, -22.930625968999909, 0.0 ], [ -47.028292317, -22.930912302, 0.0 ], [ -47.0286407, -22.93099705, 0.0 ], [ -47.029207508999903, -22.931062695, 0.0 ], [ -47.029220390000013, -22.930801530999901, 0.0 ] ] ] } },
{ "type": "Feature", "properties": { }, "geometry": { "type": "Polygon", "coordinates": [ [ [ -47.029207508999903, -22.931062695, 0.0 ], [ -47.029663329, -22.931050158999899, 0.0 ], [ -47.029639716, -22.930789639999901, 0.0 ], [ -47.029220390000013, -22.930801530999901, 0.0 ], [ -47.029207508999903, -22.931062695, 0.0 ] ] ] } },
{ "type": "Feature", "properties": { }, "geometry": { "type": "Polygon", "coordinates": [ [ [ -47.030075102999902, -22.9307124709999, 0.0 ], [ -47.029639717, -22.93078964, 0.0 ], [ -47.029663329, -22.931050158999899, 0.0 ], [ -47.0301343, -22.9309911, 0.0 ], [ -47.030075102999902, -22.9307124709999, 0.0 ] ] ] } },
{ "type": "Feature", "properties": { }, "geometry": { "type": "Polygon", "coordinates": [ [ [ -47.030351123999893, -22.930646945, 0.0 ], [ -47.0304312499999, -22.930925777, 0.0 ], [ -47.030721303, -22.930833275999898, 0.0 ], [ -47.030609689, -22.930563955, 0.0 ], [ -47.030351123999893, -22.930646945, 0.0 ] ] ] } },
{ "type": "Feature", "properties": { }, "geometry": { "type": "Polygon", "coordinates": [ [ [ -47.030696905, -22.930461863999898, 0.0 ], [ -47.030609689, -22.930563955, 0.0 ], [ -47.030721303, -22.930833275999898, 0.0 ], [ -47.030847843999886, -22.930784458999899, 0.0 ], [ -47.030696905, -22.930461863999898, 0.0 ] ] ] } },
{ "type": "Feature", "properties": { }, "geometry": { "type": "Polygon", "coordinates": [ [ [ -47.030847843999886, -22.930784458999899, 0.0 ], [ -47.031297459, -22.930583956, 0.0 ], [ -47.031115301999897, -22.930275498, 0.0 ], [ -47.03069690599991, -22.930461863999898, 0.0 ], [ -47.030847843999886, -22.930784458999899, 0.0 ] ] ] } },
{ "type": "Feature", "properties": { }, "geometry": { "type": "Polygon", "coordinates": [ [ [ -47.031491565, -22.930068033999898, 0.0 ], [ -47.031115301999897, -22.930275498, 0.0 ], [ -47.031297459, -22.930583956, 0.0 ], [ -47.031703067, -22.930349063999898, 0.0 ], [ -47.031491565, -22.930068033999898, 0.0 ] ] ] } },
{ "type": "Feature", "properties": { }, "geometry": { "type": "Polygon", "coordinates": [ [ [ -47.031724493999903, -22.929926824, 0.0 ], [ -47.031491565, -22.930068033999898, 0.0 ], [ -47.031703067, -22.930349063999898, 0.0 ], [ -47.031944826, -22.93017917, 0.0 ], [ -47.031724493999903, -22.929926824, 0.0 ] ] ] } },
{ "type": "Feature", "properties": { }, "geometry": { "type": "Polygon", "coordinates": [ [ [ -47.032063551, -22.929656506, 0.0 ], [ -47.031724493999903, -22.929926824, 0.0 ], [ -47.031944826, -22.93017917, 0.0 ], [ -47.032302716999901, -22.9298811909999, 0.0 ], [ -47.032063551, -22.929656506, 0.0 ] ] ] } },
{ "type": "Feature", "properties": { }, "geometry": { "type": "Polygon", "coordinates": [ [ [ -47.032343963, -22.9293400409999, 0.0 ], [ -47.032063551, -22.929656506, 0.0 ], [ -47.032302716999901, -22.9298811909999, 0.0 ], [ -47.032625655999901, -22.9295330429999, 0.0 ], [ -47.032343963, -22.9293400409999, 0.0 ] ] ] } },
{ "type": "Feature", "properties": { }, "geometry": { "type": "Polygon", "coordinates": [ [ [ -47.032475544, -22.929113496, 0.0 ], [ -47.032343963, -22.9293400409999, 0.0 ], [ -47.032625655999901, -22.9295330429999, 0.0 ], [ -47.032797875, -22.929290489, 0.0 ], [ -47.032475544, -22.929113496, 0.0 ] ] ] } },
{ "type": "Feature", "properties": { }, "geometry": { "type": "Polygon", "coordinates": [ [ [ -47.03294442100001, -22.929033117, 0.0 ], [ -47.03262663999989, -22.928896413, 0.0 ], [ -47.032475544, -22.929113496, 0.0 ], [ -47.032797875, -22.929290489, 0.0 ], [ -47.03294442100001, -22.929033117, 0.0 ] ] ] } },
{ "type": "Feature", "properties": { }, "geometry": { "type": "Polygon", "coordinates": [ [ [ -47.032842903, -22.928266728, 0.0 ], [ -47.032727006, -22.9286521289999, 0.0 ], [ -47.03262663999989, -22.928896413, 0.0 ], [ -47.03294442100001, -22.929033117, 0.0 ], [ -47.033063586, -22.928765305999899, 0.0 ], [ -47.0332013619999, -22.92835108, 0.0 ], [ -47.032842903, -22.928266728, 0.0 ] ] ] } },
{ "type": "Feature", "properties": { }, "geometry": { "type": "Polygon", "coordinates": [ [ [ -47.033247245000013, -22.92816863, 0.0 ], [ -47.032961080999897, -22.928114906999902, 0.0 ], [ -47.032842903, -22.928266728, 0.0 ], [ -47.0332013619999, -22.92835108, 0.0 ], [ -47.033247245000013, -22.92816863, 0.0 ] ] ] } },
{ "type": "Feature", "properties": { }, "geometry": { "type": "Polygon", "coordinates": [ [ [ -47.033071342, -22.9276129359999, 0.0 ], [ -47.032961080999897, -22.928114906999902, 0.0 ], [ -47.033247245000013, -22.92816863, 0.0 ], [ -47.033340118, -22.927654614999891, 0.0 ], [ -47.033071342, -22.9276129359999, 0.0 ] ] ] } },
{ "type": "Feature", "properties": { }, "geometry": { "type": "Polygon", "coordinates": [ [ [ -47.033048591, -22.927411418, 0.0 ], [ -47.033071342, -22.9276129359999, 0.0 ], [ -47.033340118, -22.927654614999891, 0.0 ], [ -47.033367628, -22.927445728, 0.0 ], [ -47.033048591, -22.927411418, 0.0 ] ] ] } },
{ "type": "Feature", "properties": { }, "geometry": { "type": "Polygon", "coordinates": [ [ [ -47.033048591, -22.927411418, 0.0 ], [ -47.033367628, -22.927445728, 0.0 ], [ -47.033384059999889, -22.927314634, 0.0 ], [ -47.033016685, -22.927275124999898, 0.0 ], [ -47.033048591, -22.927411418, 0.0 ] ] ] } },
{ "type": "Feature", "properties": { }, "geometry": { "type": "Polygon", "coordinates": [ [ [ -47.033053885, -22.926708355, 0.0 ], [ -47.033016685, -22.927275124999898, 0.0 ], [ -47.033384059999889, -22.927314634, 0.0 ], [ -47.033476360999899, -22.926773203, 0.0 ], [ -47.033053885, -22.926708355, 0.0 ] ] ] } },
{ "type": "Feature", "properties": { }, "geometry": { "type": "Polygon", "coordinates": [ [ [ -47.033117440999902, -22.926491073, 0.0 ], [ -47.033053885, -22.926708355, 0.0 ], [ -47.033476360999899, -22.926773203, 0.0 ], [ -47.033518489999913, -22.926564320999901, 0.0 ], [ -47.033117440999902, -22.926491073, 0.0 ] ] ] } },
{ "type": "Feature", "properties": { }, "geometry": { "type": "Polygon", "coordinates": [ [ [ -47.033117440999902, -22.926491073, 0.0 ], [ -47.033518489999913, -22.926564320999901, 0.0 ], [ -47.033601075, -22.926224373, 0.0 ], [ -47.033293019000013, -22.92614021, 0.0 ], [ -47.033117440999902, -22.926491073, 0.0 ] ] ] } },
{ "type": "Feature", "properties": { }, "geometry": { "type": "Polygon", "coordinates": [ [ [ -47.033539877, -22.925637214, 0.0 ], [ -47.033404888, -22.925884241, 0.0 ], [ -47.033293019000013, -22.92614021, 0.0 ], [ -47.033601075, -22.926224373, 0.0 ], [ -47.033685733000013, -22.925987257, 0.0 ], [ -47.033794105, -22.925750775, 0.0 ], [ -47.033539877, -22.925637214, 0.0 ] ] ] } },
{ "type": "Feature", "properties": { }, "geometry": { "type": "Polygon", "coordinates": [ [ [ -47.034363479, -22.924820828999898, 0.0 ], [ -47.034126159, -22.925090399999899, 0.0 ], [ -47.034202254, -22.925146604999899, 0.0 ], [ -47.034443385, -22.924893422999901, 0.0 ], [ -47.034363479, -22.924820828999898, 0.0 ] ] ] } },
{ "type": "Feature", "properties": { }, "geometry": { "type": "Polygon", "coordinates": [ [ [ -47.035048163999903, -22.924443628, 0.0 ], [ -47.03496876, -22.924330153, 0.0 ], [ -47.034628079, -22.924577752999902, 0.0 ], [ -47.034363479, -22.924820828999898, 0.0 ], [ -47.034443385, -22.924893422999901, 0.0 ], [ -47.034712446999897, -22.9246666089999, 0.0 ], [ -47.035048163999903, -22.924443628, 0.0 ] ] ] } },
{ "type": "Feature", "properties": { }, "geometry": { "type": "Polygon", "coordinates": [ [ [ -47.035753445999902, -22.923971337, 0.0 ], [ -47.035338243, -22.92413134, 0.0 ], [ -47.03496876, -22.924330153, 0.0 ], [ -47.035048163999903, -22.924443628, 0.0 ], [ -47.035438122, -22.924241745, 0.0 ], [ -47.035802417, -22.92410826, 0.0 ], [ -47.035753445999902, -22.923971337, 0.0 ] ] ] } },
{ "type": "Feature", "properties": { }, "geometry": { "type": "Polygon", "coordinates": [ [ [ -47.036189811, -22.923841248, 0.0 ], [ -47.035753445999902, -22.923971337, 0.0 ], [ -47.035802417, -22.92410826, 0.0 ], [ -47.036224726999897, -22.924009453999901, 0.0 ], [ -47.036189811, -22.923841248, 0.0 ] ] ] } },
{ "type": "Feature", "properties": { }, "geometry": { "type": "Polygon", "coordinates": [ [ [ -47.036825248999897, -22.923718936999901, 0.0 ], [ -47.036526680999899, -22.9237641829999, 0.0 ], [ -47.036189811, -22.923841248, 0.0 ], [ -47.036224726999897, -22.924009453999901, 0.0 ], [ -47.036559352, -22.923962054999901, 0.0 ], [ -47.036835445, -22.923944116, 0.0 ], [ -47.036825248999897, -22.923718936999901, 0.0 ] ] ] } },
{ "type": "Feature", "properties": { }, "geometry": { "type": "Polygon", "coordinates": [ [ [ -47.037214169, -22.9237467889999, 0.0 ], [ -47.036825248999897, -22.923718936999901, 0.0 ], [ -47.036835445, -22.923944116, 0.0 ], [ -47.037198998999891, -22.923949142, 0.0 ], [ -47.037214169, -22.9237467889999, 0.0 ] ] ] } },
{ "type": "Feature", "properties": { }, "geometry": { "type": "Polygon", "coordinates": [ [ [ -47.037559393, -22.923812596999898, 0.0 ], [ -47.037214169, -22.9237467889999, 0.0 ], [ -47.037198998999891, -22.923949142, 0.0 ], [ -47.037514495, -22.923983402, 0.0 ], [ -47.037559393, -22.923812596999898, 0.0 ] ] ] } },
{ "type": "Feature", "properties": { }, "geometry": { "type": "Polygon", "coordinates": [ [ [ -47.038025459, -22.923971000999899, 0.0 ], [ -47.037559393, -22.923812596999898, 0.0 ], [ -47.037514495, -22.923983402, 0.0 ], [ -47.037973833, -22.924102298, 0.0 ], [ -47.038025459, -22.923971000999899, 0.0 ] ] ] } },
{ "type": "Feature", "properties": { }, "geometry": { "type": "Polygon", "coordinates": [ [ [ -47.03833940499991, -22.9240867359999, 0.0 ], [ -47.038025459, -22.923971000999899, 0.0 ], [ -47.037973833, -22.924102298, 0.0 ], [ -47.038272518, -22.924216993999899, 0.0 ], [ -47.03833940499991, -22.9240867359999, 0.0 ] ] ] } },
{ "type": "Feature", "properties": { }, "geometry": { "type": "Polygon", "coordinates": [ [ [ -47.038272518, -22.924216993999899, 0.0 ], [ -47.038599145, -22.924373187, 0.0 ], [ -47.038676188, -22.924247835, 0.0 ], [ -47.03833940499991, -22.9240867359999, 0.0 ], [ -47.038272518, -22.924216993999899, 0.0 ] ] ] } },
{ "type": "Feature", "properties": { }, "geometry": { "type": "Polygon", "coordinates": [ [ [ -47.039402767999903, -22.924638138, 0.0 ], [ -47.038676188, -22.924247835, 0.0 ], [ -47.038599145, -22.924373187, 0.0 ], [ -47.0393312859999, -22.924756046, 0.0 ], [ -47.039402767999903, -22.924638138, 0.0 ] ] ] } },
{ "type": "Feature", "properties": { }, "geometry": { "type": "Polygon", "coordinates": [ [ [ -47.042614947999901, -22.925269177, 0.0 ], [ -47.042278184999901, -22.925332301, 0.0 ], [ -47.041862965, -22.925359525, 0.0 ], [ -47.041597247, -22.925358657, 0.0 ], [ -47.041163169999891, -22.925314345999901, 0.0 ], [ -47.040833098, -22.925249058, 0.0 ], [ -47.040388817, -22.925114627, 0.0 ], [ -47.040105909, -22.9249996399999, 0.0 ], [ -47.039402767999903, -22.924638138, 0.0 ], [ -47.0393312859999, -22.924756046, 0.0 ], [ -47.040040024999897, -22.925125039, 0.0 ], [ -47.040329654999901, -22.925244592, 0.0 ], [ -47.040792962, -22.925387713, 0.0 ], [ -47.0411375629999, -22.925457820999899, 0.0 ], [ -47.041595328, -22.925506405, 0.0 ], [ -47.042079123, -22.925502093, 0.0 ], [ -47.042302697, -22.925482014999901, 0.0 ], [ -47.042649646, -22.925419025999901, 0.0 ], [ -47.042614947999901, -22.925269177, 0.0 ] ] ] } },
{ "type": "Feature", "properties": { }, "geometry": { "type": "Polygon", "coordinates": [ [ [ -47.043051829, -22.925305581, 0.0 ], [ -47.043451843, -22.925150890999902, 0.0 ], [ -47.043854309, -22.924932291999902, 0.0 ], [ -47.043775679, -22.924818354, 0.0 ], [ -47.043377346999897, -22.9250238609999, 0.0 ], [ -47.042918014, -22.92518591, 0.0 ], [ -47.043051829, -22.925305581, 0.0 ] ] ] } },
{ "type": "Feature", "properties": { }, "geometry": { "type": "Polygon", "coordinates": [ [ [ -47.044431765, -22.924457541, 0.0 ], [ -47.043873893999901, -22.924766761, 0.0 ], [ -47.043775679, -22.924818354, 0.0 ], [ -47.043854309, -22.924932291999902, 0.0 ], [ -47.044490905, -22.924540205, 0.0 ], [ -47.044431765, -22.924457541, 0.0 ] ] ] } },
{ "type": "Feature", "properties": { }, "geometry": { "type": "Polygon", "coordinates": [ [ [ -47.044521002, -22.92439195, 0.0 ], [ -47.044431765, -22.924457541, 0.0 ], [ -47.044490905, -22.924540205, 0.0 ], [ -47.044585518, -22.924482128, 0.0 ], [ -47.044521002, -22.92439195, 0.0 ] ] ] } },
{ "type": "Feature", "properties": { }, "geometry": { "type": "Polygon", "coordinates": [ [ [ -47.04500601, -22.9241063979999, 0.0 ], [ -47.044521002, -22.92439195, 0.0 ], [ -47.044585518, -22.924482128, 0.0 ], [ -47.045064935, -22.924189192, 0.0 ], [ -47.04500601, -22.9241063979999, 0.0 ] ] ] } },
{ "type": "Feature", "properties": { }, "geometry": { "type": "Polygon", "coordinates": [ [ [ -47.047325714, -22.922791333, 0.0 ], [ -47.04725483499989, -22.9226942519999, 0.0 ], [ -47.046719147, -22.9230401149999, 0.0 ], [ -47.04678404, -22.923130060999899, 0.0 ], [ -47.047325714, -22.922791333, 0.0 ] ] ] } },
{ "type": "Feature", "properties": { }, "geometry": { "type": "Polygon", "coordinates": [ [ [ -47.046719147, -22.9230401149999, 0.0 ], [ -47.046218176, -22.923353426999899, 0.0 ], [ -47.04500601, -22.9241063979999, 0.0 ], [ -47.045064935, -22.924189192, 0.0 ], [ -47.04678404, -22.923130060999899, 0.0 ], [ -47.046719147, -22.9230401149999, 0.0 ] ] ] } },
{ "type": "Feature", "properties": { }, "geometry": { "type": "Polygon", "coordinates": [ [ [ -47.047392089, -22.9225973859999, 0.0 ], [ -47.047254836, -22.9226942509999, 0.0 ], [ -47.047325714, -22.922791333, 0.0 ], [ -47.047468421, -22.922701935, 0.0 ], [ -47.047392089, -22.9225973859999, 0.0 ] ] ] } },
{ "type": "Feature", "properties": { }, "geometry": { "type": "Polygon", "coordinates": [ [ [ -47.047392089, -22.9225973859999, 0.0 ], [ -47.047468421, -22.922701935, 0.0 ], [ -47.047714832999901, -22.922549217, 0.0 ], [ -47.048187856000013, -22.922189534, 0.0 ], [ -47.048476633, -22.921911430999899, 0.0 ], [ -47.048344925, -22.921804433, 0.0 ], [ -47.047940984, -22.922199272999901, 0.0 ], [ -47.047630722, -22.922439992, 0.0 ], [ -47.047392089, -22.9225973859999, 0.0 ] ] ] } },
{ "type": "Feature", "properties": { }, "geometry": { "type": "Polygon", "coordinates": [ [ [ -47.048344925, -22.921804433, 0.0 ], [ -47.048476633, -22.921911430999899, 0.0 ], [ -47.048743362, -22.921595805, 0.0 ], [ -47.048600345999901, -22.92151013, 0.0 ], [ -47.048344925, -22.921804433, 0.0 ] ] ] } },
{ "type": "Feature", "properties": { }, "geometry": { "type": "Polygon", "coordinates": [ [ [ -47.048818115, -22.9211403209999, 0.0 ], [ -47.048600345999901, -22.92151013, 0.0 ], [ -47.048743362, -22.921595805, 0.0 ], [ -47.048976895, -22.921208882, 0.0 ], [ -47.048818115, -22.9211403209999, 0.0 ] ] ] } },
{ "type": "Feature", "properties": { }, "geometry": { "type": "Polygon", "coordinates": [ [ [ -47.048937366, -22.920804525999898, 0.0 ], [ -47.048818115, -22.9211403209999, 0.0 ], [ -47.048976895, -22.921208882, 0.0 ], [ -47.0491293709999, -22.920869403, 0.0 ], [ -47.048937366, -22.920804525999898, 0.0 ] ] ] } },
{ "type": "Feature", "properties": { }, "geometry": { "type": "Polygon", "coordinates": [ [ [ -47.048989445, -22.920455806, 0.0 ], [ -47.048937366, -22.920804525999898, 0.0 ], [ -47.0491293709999, -22.920869403, 0.0 ], [ -47.049249986999897, -22.9205297849999, 0.0 ], [ -47.048989445, -22.920455806, 0.0 ] ] ] } },
{ "type": "Feature", "properties": { }, "geometry": { "type": "Polygon", "coordinates": [ [ [ -47.049037580999887, -22.920165574, 0.0 ], [ -47.048989445, -22.920455806, 0.0 ], [ -47.049249986999897, -22.9205297849999, 0.0 ], [ -47.049319886000013, -22.920203951, 0.0 ], [ -47.049357778999898, -22.919920529, 0.0 ], [ -47.049061990999988, -22.919897429999899, 0.0 ], [ -47.049037580999887, -22.920165574, 0.0 ] ] ] } },
{ "type": "Feature", "properties": { }, "geometry": { "type": "Polygon", "coordinates": [ [ [ -47.049109659999893, -22.919646129999901, 0.0 ], [ -47.049061990999988, -22.919897429999899, 0.0 ], [ -47.049357778999898, -22.919920529, 0.0 ], [ -47.04938115600001, -22.919667834999899, 0.0 ], [ -47.049109659999893, -22.919646129999901, 0.0 ] ] ] } },
{ "type": "Feature", "properties": { }, "geometry": { "type": "Polygon", "coordinates": [ [ [ -47.04936939, -22.918600605999899, 0.0 ], [ -47.04950788, -22.918659626, 0.0 ], [ -47.049617274999903, -22.918270162999899, 0.0 ], [ -47.049814635, -22.917845321999899, 0.0 ], [ -47.049602232000012, -22.917744959999901, 0.0 ], [ -47.049538950999903, -22.917895375999901, 0.0 ], [ -47.049435294, -22.9182262419999, 0.0 ], [ -47.04936939, -22.918600605999899, 0.0 ] ] ] } },
{ "type": "Feature", "properties": { }, "geometry": { "type": "Polygon", "coordinates": [ [ [ -47.049623394, -22.917665881999898, 0.0 ], [ -47.049602232000012, -22.917744958999901, 0.0 ], [ -47.049814635, -22.917845321999899, 0.0 ], [ -47.04985394900001, -22.917772945, 0.0 ], [ -47.049623394, -22.917665881999898, 0.0 ] ] ] } },
{ "type": "Feature", "properties": { }, "geometry": { "type": "Polygon", "coordinates": [ [ [ -47.049799702, -22.917496085, 0.0 ], [ -47.049623394, -22.917665881999898, 0.0 ], [ -47.04985394900001, -22.917772945, 0.0 ], [ -47.049967473, -22.9175875019999, 0.0 ], [ -47.049799702, -22.917496085, 0.0 ] ] ] } },
{ "type": "Feature", "properties": { }, "geometry": { "type": "Polygon", "coordinates": [ [ [ -47.0506470609999, -22.916423409999901, 0.0 ], [ -47.050401652999902, -22.916729765, 0.0 ], [ -47.049799702, -22.917496085, 0.0 ], [ -47.049967473, -22.9175875019999, 0.0 ], [ -47.05075218, -22.916488628, 0.0 ], [ -47.0506470609999, -22.916423409999901, 0.0 ] ] ] } },
{ "type": "Feature", "properties": { }, "geometry": { "type": "Polygon", "coordinates": [ [ [ -47.051530907, -22.915048428, 0.0 ], [ -47.051361589, -22.915264013, 0.0 ], [ -47.051131438, -22.915607295, 0.0 ], [ -47.0506470609999, -22.916423409999901, 0.0 ], [ -47.05075218, -22.916488628, 0.0 ], [ -47.051313923999899, -22.9157101169999, 0.0 ], [ -47.05156202900001, -22.915402067999899, 0.0 ], [ -47.051728844, -22.915221919, 0.0 ], [ -47.051530907, -22.915048428, 0.0 ] ] ] } },
{ "type": "Feature", "properties": { }, "geometry": { "type": "Polygon", "coordinates": [ [ [ -47.0518765039999, -22.914529049, 0.0 ], [ -47.051699890999913, -22.914764137999899, 0.0 ], [ -47.051530907, -22.915048428, 0.0 ], [ -47.051728844, -22.915221919, 0.0 ], [ -47.051960454, -22.915006069999901, 0.0 ], [ -47.052154380999987, -22.91485419, 0.0 ], [ -47.0518765039999, -22.914529049, 0.0 ] ] ] } },
{ "type": "Feature", "properties": { }, "geometry": { "type": "Polygon", "coordinates": [ [ [ -47.052264341999901, -22.914395161, 0.0 ], [ -47.05187650499991, -22.914529049, 0.0 ], [ -47.052154380999987, -22.91485419, 0.0 ], [ -47.05244251499991, -22.914658781, 0.0 ], [ -47.052264341999901, -22.914395161, 0.0 ] ] ] } },
{ "type": "Feature", "properties": { }, "geometry": { "type": "Polygon", "coordinates": [ [ [ -47.052264342999891, -22.914395161, 0.0 ], [ -47.05244251499991, -22.914658781, 0.0 ], [ -47.052549671, -22.914596633, 0.0 ], [ -47.052446382, -22.914443809, 0.0 ], [ -47.052264342999891, -22.914395161, 0.0 ] ] ] } },
{ "type": "Feature", "properties": { }, "geometry": { "type": "Polygon", "coordinates": [ [ [ -47.052644514, -22.914372525, 0.0 ], [ -47.052446382, -22.914443809, 0.0 ], [ -47.052549671, -22.914596633, 0.0 ], [ -47.052721053, -22.914508398, 0.0 ], [ -47.052644514, -22.914372525, 0.0 ] ] ] } },
{ "type": "Feature", "properties": { }, "geometry": { "type": "Polygon", "coordinates": [ [ [ -47.052829529, -22.9143068929999, 0.0 ], [ -47.052644514, -22.914372525, 0.0 ], [ -47.052721053, -22.914508398, 0.0 ], [ -47.052893325999896, -22.914428524, 0.0 ], [ -47.052829529, -22.9143068929999, 0.0 ] ] ] } },
{ "type": "Feature", "properties": { }, "geometry": { "type": "Polygon", "coordinates": [ [ [ -47.053020573, -22.9142415489999, 0.0 ], [ -47.052829529, -22.9143068929999, 0.0 ], [ -47.052893325999896, -22.914428524, 0.0 ], [ -47.053072414, -22.914358268999901, 0.0 ], [ -47.053020573, -22.9142415489999, 0.0 ] ] ] } },
{ "type": "Feature", "properties": { }, "geometry": { "type": "Polygon", "coordinates": [ [ [ -47.053179507, -22.914141996, 0.0 ], [ -47.053020573, -22.9142415479999, 0.0 ], [ -47.053072414, -22.914358268999901, 0.0 ], [ -47.053242973, -22.914298072999902, 0.0 ], [ -47.053179507, -22.914141996, 0.0 ] ] ] } },
{ "type": "Feature", "properties": { }, "geometry": { "type": "Polygon", "coordinates": [ [ [ -47.053388559, -22.9141117849999, 0.0 ], [ -47.053179508, -22.914141996, 0.0 ], [ -47.053242973, -22.914298072999902, 0.0 ], [ -47.053431616999902, -22.914240997, 0.0 ], [ -47.053388559, -22.9141117849999, 0.0 ] ] ] } },
{ "type": "Feature", "properties": { }, "geometry": { "type": "Polygon", "coordinates": [ [ [ -47.053572664999898, -22.914058698999899, 0.0 ], [ -47.053388559, -22.9141117849999, 0.0 ], [ -47.053431616999902, -22.914240997, 0.0 ], [ -47.0536082899999, -22.914199117, 0.0 ], [ -47.053572664999898, -22.914058698999899, 0.0 ] ] ] } },
{ "type": "Feature", "properties": { }, "geometry": { "type": "Polygon", "coordinates": [ [ [ -47.053780376, -22.91402829, 0.0 ], [ -47.053572664999898, -22.914058698999899, 0.0 ], [ -47.0536082899999, -22.914199117, 0.0 ], [ -47.053802859, -22.914161905, 0.0 ], [ -47.053780376, -22.91402829, 0.0 ] ] ] } },
{ "type": "Feature", "properties": { }, "geometry": { "type": "Polygon", "coordinates": [ [ [ -47.05397232, -22.914014899999898, 0.0 ], [ -47.053780376, -22.91402829, 0.0 ], [ -47.053802859, -22.914161905, 0.0 ], [ -47.053985462, -22.914140526, 0.0 ], [ -47.05397232, -22.914014899999898, 0.0 ] ] ] } },
{ "type": "Feature", "properties": { }, "geometry": { "type": "Polygon", "coordinates": [ [ [ -47.054399569999902, -22.914004712, 0.0 ], [ -47.05420795500001, -22.914008881, 0.0 ], [ -47.054214136, -22.914125939, 0.0 ], [ -47.054405512999899, -22.914117267999899, 0.0 ], [ -47.054399569999902, -22.914004712, 0.0 ] ] ] } },
{ "type": "Feature", "properties": { }, "geometry": { "type": "Polygon", "coordinates": [ [ [ -47.054405512999899, -22.914117267999899, 0.0 ], [ -47.054603196999892, -22.9141083109999, 0.0 ], [ -47.054597253999901, -22.913995755, 0.0 ], [ -47.054399569999902, -22.914004712, 0.0 ], [ -47.054405512999899, -22.914117267999899, 0.0 ] ] ] } },
{ "type": "Feature", "properties": { }, "geometry": { "type": "Polygon", "coordinates": [ [ [ -47.054789265999901, -22.9139825419999, 0.0 ], [ -47.054597253999901, -22.913995755, 0.0 ], [ -47.054603196999892, -22.9141083109999, 0.0 ], [ -47.054795446999897, -22.914099599999901, 0.0 ], [ -47.054789265999901, -22.9139825419999, 0.0 ] ] ] } },
{ "type": "Feature", "properties": { }, "geometry": { "type": "Polygon", "coordinates": [ [ [ -47.054994994, -22.913988674999899, 0.0 ], [ -47.054789265999901, -22.9139825419999, 0.0 ], [ -47.054795446999897, -22.914099599999901, 0.0 ], [ -47.054993382, -22.9140968479999, 0.0 ], [ -47.054994994, -22.913988674999899, 0.0 ] ] ] } },
{ "type": "Feature", "properties": { }, "geometry": { "type": "Polygon", "coordinates": [ [ [ -47.055189033, -22.913995664, 0.0 ], [ -47.054994994, -22.913988674999899, 0.0 ], [ -47.054993382, -22.9140968479999, 0.0 ], [ -47.055187487999902, -22.9140993299999, 0.0 ], [ -47.055189033, -22.913995664, 0.0 ] ] ] } },
{ "type": "Feature", "properties": { }, "geometry": { "type": "Polygon", "coordinates": [ [ [ -47.055384579, -22.913989147999899, 0.0 ], [ -47.055189033, -22.913995664, 0.0 ], [ -47.055187487999902, -22.9140993299999, 0.0 ], [ -47.0553829, -22.914101828, 0.0 ], [ -47.055384579, -22.913989147999899, 0.0 ] ] ] } },
{ "type": "Feature", "properties": { }, "geometry": { "type": "Polygon", "coordinates": [ [ [ -47.055577523999887, -22.9139978339999, 0.0 ], [ -47.055384445, -22.913998161999899, 0.0 ], [ -47.0553829, -22.914101828, 0.0 ], [ -47.055574272999898, -22.914105976, 0.0 ], [ -47.055577523999887, -22.9139978339999, 0.0 ] ] ] } },
{ "type": "Feature", "properties": { }, "geometry": { "type": "Polygon", "coordinates": [ [ [ -47.055574272999898, -22.914105976, 0.0 ], [ -47.055771361999987, -22.914111061, 0.0 ], [ -47.055774613, -22.914002918999891, 0.0 ], [ -47.055577523999887, -22.9139978339999, 0.0 ], [ -47.055574272999898, -22.914105976, 0.0 ] ] ] } },
{ "type": "Feature", "properties": { }, "geometry": { "type": "Polygon", "coordinates": [ [ [ -47.055964753999902, -22.914012865, 0.0 ], [ -47.055774613, -22.914002918999891, 0.0 ], [ -47.055771361999987, -22.914111061, 0.0 ], [ -47.055964842, -22.914112033, 0.0 ], [ -47.055964753999902, -22.914012865, 0.0 ] ] ] } },
{ "type": "Feature", "properties": { }, "geometry": { "type": "Polygon", "coordinates": [ [ [ -47.056157, -22.914021734, 0.0 ], [ -47.055964753999902, -22.914012865, 0.0 ], [ -47.055964842, -22.914112033, 0.0 ], [ -47.056157079999899, -22.914111886999901, 0.0 ], [ -47.056157, -22.914021734, 0.0 ] ] ] } },
{ "type": "Feature", "properties": { }, "geometry": { "type": "Polygon", "coordinates": [ [ [ -47.056157, -22.914021734, 0.0 ], [ -47.056157079999899, -22.914111886999901, 0.0 ], [ -47.056349732999898, -22.914106558, 0.0 ], [ -47.056347294999988, -22.914034471, 0.0 ], [ -47.056157, -22.914021734, 0.0 ] ] ] } },
{ "type": "Feature", "properties": { }, "geometry": { "type": "Polygon", "coordinates": [ [ [ -47.056540761, -22.914031372999901, 0.0 ], [ -47.056347294999988, -22.914034471, 0.0 ], [ -47.056349732999898, -22.914106558, 0.0 ], [ -47.056547169999902, -22.9140942, 0.0 ], [ -47.056540761, -22.914031372999901, 0.0 ] ] ] } },
{ "type": "Feature", "properties": { }, "geometry": { "type": "Polygon", "coordinates": [ [ [ -47.056547169999902, -22.9140942, 0.0 ], [ -47.056734075999898, -22.914077839999901, 0.0 ], [ -47.056727668, -22.914015013, 0.0 ], [ -47.056540761, -22.914031372999901, 0.0 ], [ -47.056547169999902, -22.9140942, 0.0 ] ] ] } },
{ "type": "Feature", "properties": { }, "geometry": { "type": "Polygon", "coordinates": [ [ [ -47.056854918999903, -22.913988829999901, 0.0 ], [ -47.056727668, -22.914015013, 0.0 ], [ -47.056734075999898, -22.914077839999901, 0.0 ], [ -47.056866251, -22.914060185, 0.0 ], [ -47.056854918999903, -22.913988829999901, 0.0 ] ] ] } },
{ "type": "Feature", "properties": { }, "geometry": { "type": "Polygon", "coordinates": [ [ [ -47.057013631, -22.913697424, 0.0 ], [ -47.056854918999903, -22.913988829999901, 0.0 ], [ -47.056866251, -22.914060185, 0.0 ], [ -47.057084205, -22.914024520999899, 0.0 ], [ -47.057013631, -22.913697424, 0.0 ] ] ] } },
{ "type": "Feature", "properties": { }, "geometry": { "type": "Polygon", "coordinates": [ [ [ -47.057616531, -22.913904175, 0.0 ], [ -47.057571571, -22.913792514, 0.0 ], [ -47.057380564, -22.9138231599999, 0.0 ], [ -47.057418405, -22.913953767, 0.0 ], [ -47.057616531, -22.913904175, 0.0 ] ] ] } },
{ "type": "Feature", "properties": { }, "geometry": { "type": "Polygon", "coordinates": [ [ [ -47.057937951, -22.913709008, 0.0 ], [ -47.057572316999902, -22.913794365999902, 0.0 ], [ -47.057616531, -22.913904175, 0.0 ], [ -47.057971826, -22.913778917999899, 0.0 ], [ -47.057937951, -22.913709008, 0.0 ] ] ] } },
{ "type": "Feature", "properties": { }, "geometry": { "type": "Polygon", "coordinates": [ [ [ -47.057971826, -22.913778917999899, 0.0 ], [ -47.058242370999913, -22.913666421999899, 0.0 ], [ -47.058597038999899, -22.913482646, 0.0 ], [ -47.058889257, -22.913296333999899, 0.0 ], [ -47.05920056, -22.913057636, 0.0 ], [ -47.059139984999902, -22.912999032, 0.0 ], [ -47.058837534, -22.913232363, 0.0 ], [ -47.05855316, -22.913415114, 0.0 ], [ -47.0582081599999, -22.913595454, 0.0 ], [ -47.057937951, -22.913709008, 0.0 ], [ -47.057971826, -22.913778917999899, 0.0 ] ] ] } },
{ "type": "Feature", "properties": { }, "geometry": { "type": "Polygon", "coordinates": [ [ [ -47.059139984999902, -22.912999032, 0.0 ], [ -47.05920056, -22.913057636, 0.0 ], [ -47.059388049999903, -22.912884244999901, 0.0 ], [ -47.059346809, -22.912850832999901, 0.0 ], [ -47.059139984999902, -22.912999032, 0.0 ] ] ] } },
{ "type": "Feature", "properties": { }, "geometry": { "type": "Polygon", "coordinates": [ [ [ -47.075888017999901, -22.90598224, 0.0 ], [ -47.075933435, -22.906119647, 0.0 ], [ -47.076398717, -22.905838209, 0.0 ], [ -47.076327681999892, -22.905740733, 0.0 ], [ -47.075888017999901, -22.90598224, 0.0 ] ] ] } },
{ "type": "Feature", "properties": { }, "geometry": { "type": "Polygon", "coordinates": [ [ [ -47.077056818, -22.905278891, 0.0 ], [ -47.076328738, -22.905740571, 0.0 ], [ -47.076398717, -22.905838209, 0.0 ], [ -47.077134396, -22.905388087, 0.0 ], [ -47.077056818, -22.905278891, 0.0 ] ] ] } },
{ "type": "Feature", "properties": { }, "geometry": { "type": "Polygon", "coordinates": [ [ [ -47.077251277999892, -22.905144132, 0.0 ], [ -47.077056818, -22.905278891, 0.0 ], [ -47.077134396, -22.905388087, 0.0 ], [ -47.077336881, -22.905264624, 0.0 ], [ -47.077251277999892, -22.905144132, 0.0 ] ] ] } },
{ "type": "Feature", "properties": { }, "geometry": { "type": "Polygon", "coordinates": [ [ [ -47.077499363, -22.905165553, 0.0 ], [ -47.07742981, -22.9050676529999, 0.0 ], [ -47.077286054, -22.905193082, 0.0 ], [ -47.077336881, -22.905264624, 0.0 ], [ -47.077499363, -22.905165553, 0.0 ] ] ] } },
{ "type": "Feature", "properties": { }, "geometry": { "type": "Polygon", "coordinates": [ [ [ -47.078291885999903, -22.904499067, 0.0 ], [ -47.077429810999902, -22.9050676529999, 0.0 ], [ -47.077499363, -22.905165553, 0.0 ], [ -47.07838262300001, -22.904627220999899, 0.0 ], [ -47.078291885999903, -22.904499067, 0.0 ] ] ] } },
{ "type": "Feature", "properties": { }, "geometry": { "type": "Polygon", "coordinates": [ [ [ -47.07838472, -22.904367179999898, 0.0 ], [ -47.078291885999903, -22.904499067, 0.0 ], [ -47.07838262300001, -22.904627220999899, 0.0 ], [ -47.07851282, -22.904548104, 0.0 ], [ -47.07838472, -22.904367179999898, 0.0 ] ] ] } },
{ "type": "Feature", "properties": { }, "geometry": { "type": "Polygon", "coordinates": [ [ [ -47.079714033999899, -22.903515953, 0.0 ], [ -47.07838472, -22.904367179999898, 0.0 ], [ -47.07851282, -22.904548104, 0.0 ], [ -47.0798609349999, -22.903723188, 0.0 ], [ -47.079714033999899, -22.903515953, 0.0 ] ] ] } },
{ "type": "Feature", "properties": { }, "geometry": { "type": "Polygon", "coordinates": [ [ [ -47.079928798, -22.903390685, 0.0 ], [ -47.079714033999899, -22.903515953, 0.0 ], [ -47.0798609349999, -22.903723188, 0.0 ], [ -47.080073028, -22.903594152, 0.0 ], [ -47.079928798, -22.903390685, 0.0 ] ] ] } },
{ "type": "Feature", "properties": { }, "geometry": { "type": "Polygon", "coordinates": [ [ [ -47.08017039700001, -22.9033191689999, 0.0 ], [ -47.079928798, -22.903390683999898, 0.0 ], [ -47.080073028, -22.903594152, 0.0 ], [ -47.080277265999896, -22.903469866, 0.0 ], [ -47.08017039700001, -22.9033191689999, 0.0 ] ] ] } },
{ "type": "Feature", "properties": { }, "geometry": { "type": "Polygon", "coordinates": [ [ [ -47.080366695999899, -22.903415434, 0.0 ], [ -47.080270512999988, -22.903279806999901, 0.0 ], [ -47.08017039700001, -22.9033191689999, 0.0 ], [ -47.080277265999896, -22.903469866, 0.0 ], [ -47.080366695999899, -22.903415434, 0.0 ] ] ] } },
{ "type": "Feature", "properties": { }, "geometry": { "type": "Polygon", "coordinates": [ [ [ -47.080270512999988, -22.903279806999901, 0.0 ], [ -47.080366695999899, -22.903415434, 0.0 ], [ -47.081431954, -22.902770705, 0.0 ], [ -47.08133578, -22.9026350729999, 0.0 ], [ -47.080270512999988, -22.903279806999901, 0.0 ] ] ] } },
{ "type": "Feature", "properties": { }, "geometry": { "type": "Polygon", "coordinates": [ [ [ -47.081955252999897, -22.9024522499999, 0.0 ], [ -47.081890545, -22.9023665029999, 0.0 ], [ -47.08133578, -22.902635072, 0.0 ], [ -47.081431954, -22.902770705, 0.0 ], [ -47.081955252999897, -22.9024522499999, 0.0 ] ] ] } },
{ "type": "Feature", "properties": { }, "geometry": { "type": "Polygon", "coordinates": [ [ [ -47.081955252999897, -22.9024522499999, 0.0 ], [ -47.082344024999898, -22.902215753999901, 0.0 ], [ -47.0822826, -22.902129088, 0.0 ], [ -47.081893828, -22.902365583999899, 0.0 ], [ -47.081955252999897, -22.9024522499999, 0.0 ] ] ] } },
{ "type": "Feature", "properties": { }, "geometry": { "type": "Polygon", "coordinates": [ [ [ -47.082282601, -22.902129088, 0.0 ], [ -47.082344024999898, -22.902215753999901, 0.0 ], [ -47.082806908999899, -22.9019348419999, 0.0 ], [ -47.08271912, -22.901810288, 0.0 ], [ -47.082282601, -22.902129088, 0.0 ] ] ] } },
{ "type": "Feature", "properties": { }, "geometry": { "type": "Polygon", "coordinates": [ [ [ -47.083912849999898, -22.901263217999901, 0.0 ], [ -47.083874212, -22.901119851, 0.0 ], [ -47.08271912, -22.901810288, 0.0 ], [ -47.082806908999899, -22.9019348419999, 0.0 ], [ -47.083912849999898, -22.901263217999901, 0.0 ] ] ] } },
{ "type": "Feature", "properties": { }, "geometry": { "type": "Polygon", "coordinates": [ [ [ -47.083874212, -22.901119851, 0.0 ], [ -47.083912849999898, -22.901263217999901, 0.0 ], [ -47.084638159999898, -22.900834537, 0.0 ], [ -47.085171054999897, -22.900569597, 0.0 ], [ -47.0851018279999, -22.90044039, 0.0 ], [ -47.084554662999913, -22.900714975, 0.0 ], [ -47.083874212, -22.901119851, 0.0 ] ] ] } },
{ "type": "Feature", "properties": { }, "geometry": { "type": "Polygon", "coordinates": [ [ [ -47.085863585, -22.900054171, 0.0 ], [ -47.085177904000012, -22.900304752999901, 0.0 ], [ -47.085290398, -22.9005147149999, 0.0 ], [ -47.085942687999903, -22.9002481469999, 0.0 ], [ -47.085863585, -22.900054171, 0.0 ] ] ] } },
{ "type": "Feature", "properties": { }, "geometry": { "type": "Polygon", "coordinates": [ [ [ -47.086067218, -22.9002049929999, 0.0 ], [ -47.085991817, -22.900009756, 0.0 ], [ -47.085863585, -22.900054171, 0.0 ], [ -47.085942687999903, -22.9002481469999, 0.0 ], [ -47.086067218, -22.9002049929999, 0.0 ] ] ] } },
{ "type": "Feature", "properties": { }, "geometry": { "type": "Polygon", "coordinates": [ [ [ -47.087349651, -22.899691732, 0.0 ], [ -47.086736673, -22.899800335999899, 0.0 ], [ -47.085991817, -22.900009756, 0.0 ], [ -47.086067218, -22.9002049929999, 0.0 ], [ -47.086794552, -22.8999980369999, 0.0 ], [ -47.087382965, -22.899892221, 0.0 ], [ -47.087349651, -22.899691732, 0.0 ] ] ] } },
{ "type": "Feature", "properties": { }, "geometry": { "type": "Polygon", "coordinates": [ [ [ -47.089355736999892, -22.89962651, 0.0 ], [ -47.088339022, -22.899678125, 0.0 ], [ -47.087365198, -22.899785294, 0.0 ], [ -47.087382965, -22.899892221, 0.0 ], [ -47.088349461, -22.899788095999899, 0.0 ], [ -47.089357735, -22.899739189999899, 0.0 ], [ -47.089355736999892, -22.89962651, 0.0 ] ] ] } },
{ "type": "Feature", "properties": { }, "geometry": { "type": "Polygon", "coordinates": [ [ [ -47.089357735, -22.899739189999899, 0.0 ], [ -47.089536978999902, -22.899736462, 0.0 ], [ -47.0895361, -22.899686883, 0.0 ], [ -47.08935685599991, -22.8996896109999, 0.0 ], [ -47.089357735, -22.899739189999899, 0.0 ] ] ] } },
{ "type": "Feature", "properties": { }, "geometry": { "type": "Polygon", "coordinates": [ [ [ -47.090775558, -22.8996002129999, 0.0 ], [ -47.089534981, -22.8996237819999, 0.0 ], [ -47.089536978999902, -22.899736462, 0.0 ], [ -47.090777768, -22.899717398999901, 0.0 ], [ -47.090775558, -22.8996002129999, 0.0 ] ] ] } },
{ "type": "Feature", "properties": { }, "geometry": { "type": "Polygon", "coordinates": [ [ [ -47.091207951999898, -22.8995633719999, 0.0 ], [ -47.090775558, -22.8996002129999, 0.0 ], [ -47.090777768, -22.899717398999901, 0.0 ], [ -47.091210896, -22.8997121049999, 0.0 ], [ -47.091207951999898, -22.8995633719999, 0.0 ] ] ] } },
{ "type": "Feature", "properties": { }, "geometry": { "type": "Polygon", "coordinates": [ [ [ -47.091533365, -22.899517268, 0.0 ], [ -47.091207953, -22.8995633719999, 0.0 ], [ -47.091210896, -22.8997121049999, 0.0 ], [ -47.091537111, -22.899706563999899, 0.0 ], [ -47.091533365, -22.899517268, 0.0 ] ] ] } },
{ "type": "Feature", "properties": { }, "geometry": { "type": "Polygon", "coordinates": [ [ [ -47.091915641999897, -22.8994611799999, 0.0 ], [ -47.091533365, -22.899517267, 0.0 ], [ -47.091537111, -22.899706563999899, 0.0 ], [ -47.09192037, -22.899700053999901, 0.0 ], [ -47.091915641999897, -22.8994611799999, 0.0 ] ] ] } },
{ "type": "Feature", "properties": { }, "geometry": { "type": "Polygon", "coordinates": [ [ [ -47.092427782999899, -22.8994612659999, 0.0 ], [ -47.091915642999901, -22.8994611799999, 0.0 ], [ -47.09192037, -22.899700053999901, 0.0 ], [ -47.09243253599989, -22.899691123, 0.0 ], [ -47.092427782999899, -22.8994612659999, 0.0 ] ] ] } },
{ "type": "Feature", "properties": { }, "geometry": { "type": "Polygon", "coordinates": [ [ [ -47.092708933, -22.899447258999899, 0.0 ], [ -47.092427782999899, -22.8994612659999, 0.0 ], [ -47.09243253599989, -22.899691123, 0.0 ], [ -47.092713871999898, -22.89968613, 0.0 ], [ -47.092708933, -22.899447258999899, 0.0 ] ] ] } },
{ "type": "Feature", "properties": { }, "geometry": { "type": "Polygon", "coordinates": [ [ [ -47.093195002, -22.899396032, 0.0 ], [ -47.092708933, -22.899447258999899, 0.0 ], [ -47.092713871999898, -22.89968613, 0.0 ], [ -47.093202254999902, -22.8996754369999, 0.0 ], [ -47.093195002, -22.899396032, 0.0 ] ] ] } },
{ "type": "Feature", "properties": { }, "geometry": { "type": "Polygon", "coordinates": [ [ [ -47.093252892999907, -22.899674309, 0.0 ], [ -47.09326583, -22.899395623, 0.0 ], [ -47.093195002999899, -22.899396032, 0.0 ], [ -47.093202254999902, -22.8996754369999, 0.0 ], [ -47.093252892999907, -22.899674309, 0.0 ] ] ] } },
{ "type": "Feature", "properties": { }, "geometry": { "type": "Polygon", "coordinates": [ [ [ -47.093815988, -22.899402913, 0.0 ], [ -47.09326583, -22.899395623, 0.0 ], [ -47.093252892999907, -22.899674309, 0.0 ], [ -47.093842048999903, -22.899646516, 0.0 ], [ -47.094249471, -22.899595694, 0.0 ], [ -47.09420792200001, -22.899378189999901, 0.0 ], [ -47.093815988, -22.899402913, 0.0 ] ] ] } },
{ "type": "Feature", "properties": { }, "geometry": { "type": "Polygon", "coordinates": [ [ [ -47.094207927, -22.899378189999901, 0.0 ], [ -47.094249471, -22.899595694, 0.0 ], [ -47.094571636, -22.899537108999901, 0.0 ], [ -47.09452558, -22.899343409, 0.0 ], [ -47.094207927, -22.899378189999901, 0.0 ] ] ] } },
{ "type": "Feature", "properties": { }, "geometry": { "type": "Polygon", "coordinates": [ [ [ -47.09485196100001, -22.8992564549999, 0.0 ], [ -47.09452558, -22.899343409, 0.0 ], [ -47.094571636, -22.899537108999901, 0.0 ], [ -47.094918647, -22.8994543969999, 0.0 ], [ -47.09485196100001, -22.8992564549999, 0.0 ] ] ] } },
{ "type": "Feature", "properties": { }, "geometry": { "type": "Polygon", "coordinates": [ [ [ -47.095138299, -22.899145355, 0.0 ], [ -47.09485196100001, -22.8992564549999, 0.0 ], [ -47.094918647, -22.8994543969999, 0.0 ], [ -47.095213229, -22.899369247, 0.0 ], [ -47.095138299, -22.899145355, 0.0 ] ] ] } },
{ "type": "Feature", "properties": { }, "geometry": { "type": "Polygon", "coordinates": [ [ [ -47.095472484, -22.899074147, 0.0 ], [ -47.095138299, -22.899145355, 0.0 ], [ -47.095213229, -22.899369247, 0.0 ], [ -47.095548462999901, -22.899249903999898, 0.0 ], [ -47.095472484, -22.899074147, 0.0 ] ] ] } },
{ "type": "Feature", "properties": { }, "geometry": { "type": "Polygon", "coordinates": [ [ [ -47.095830699, -22.8989810099999, 0.0 ], [ -47.095472484, -22.899074147, 0.0 ], [ -47.095548462999901, -22.899249903999898, 0.0 ], [ -47.095894649999899, -22.899112531999901, 0.0 ], [ -47.095830699, -22.8989810099999, 0.0 ] ] ] } },
{ "type": "Feature", "properties": { }, "geometry": { "type": "Polygon", "coordinates": [ [ [ -47.096166004999901, -22.898850615, 0.0 ], [ -47.095830699, -22.8989810099999, 0.0 ], [ -47.095894649999899, -22.899112531999901, 0.0 ], [ -47.09622612, -22.898973849, 0.0 ], [ -47.096166004999901, -22.898850615, 0.0 ] ] ] } },
{ "type": "Feature", "properties": { }, "geometry": { "type": "Polygon", "coordinates": [ [ [ -47.096507346999907, -22.898699426999901, 0.0 ], [ -47.096166004999901, -22.898850614, 0.0 ], [ -47.09622612, -22.898973849, 0.0 ], [ -47.09657046, -22.898831296, 0.0 ], [ -47.096507346999907, -22.898699426999901, 0.0 ] ] ] } },
{ "type": "Feature", "properties": { }, "geometry": { "type": "Polygon", "coordinates": [ [ [ -47.096781208, -22.898532697, 0.0 ], [ -47.096507346999907, -22.898699426999901, 0.0 ], [ -47.09657046, -22.898831296, 0.0 ], [ -47.096865824999988, -22.8987099739999, 0.0 ], [ -47.096781208, -22.898532697, 0.0 ] ] ] } },
{ "type": "Feature", "properties": { }, "geometry": { "type": "Polygon", "coordinates": [ [ [ -47.097099988, -22.898298446, 0.0 ], [ -47.096781208, -22.898532697, 0.0 ], [ -47.096865824999988, -22.8987099739999, 0.0 ], [ -47.097226115000012, -22.8985622239999, 0.0 ], [ -47.097099988, -22.898298446, 0.0 ] ] ] } },
{ "type": "Feature", "properties": { }, "geometry": { "type": "Polygon", "coordinates": [ [ [ -47.097258021, -22.89816467, 0.0 ], [ -47.097099989, -22.898298445, 0.0 ], [ -47.097226115000012, -22.8985622239999, 0.0 ], [ -47.097411355, -22.898486306999899, 0.0 ], [ -47.097258021, -22.89816467, 0.0 ] ] ] } },
{ "type": "Feature", "properties": { }, "geometry": { "type": "Polygon", "coordinates": [ [ [ -47.097258021, -22.89816467, 0.0 ], [ -47.097411355, -22.898486306999899, 0.0 ], [ -47.097531645999901, -22.89843831, 0.0 ], [ -47.097387282999897, -22.898113129, 0.0 ], [ -47.097258021, -22.89816467, 0.0 ] ] ] } },
{ "type": "Feature", "properties": { }, "geometry": { "type": "Polygon", "coordinates": [ [ [ -47.103059618, -22.8981804639999, 0.0 ], [ -47.102815456, -22.898104155999899, 0.0 ], [ -47.10282552, -22.89821232, 0.0 ], [ -47.103029077, -22.898270802, 0.0 ], [ -47.103059618, -22.8981804639999, 0.0 ] ] ] } },
{ "type": "Feature", "properties": { }, "geometry": { "type": "Polygon", "coordinates": [ [ [ -47.103302455999902, -22.898249629999899, 0.0 ], [ -47.103059618, -22.8981804639999, 0.0 ], [ -47.103029077, -22.898270802, 0.0 ], [ -47.103268676, -22.898343736, 0.0 ], [ -47.103302455999902, -22.898249629999899, 0.0 ] ] ] } },
{ "type": "Feature", "properties": { }, "geometry": { "type": "Polygon", "coordinates": [ [ [ -47.105085185, -22.898811319999901, 0.0 ], [ -47.103302455999902, -22.898249629999899, 0.0 ], [ -47.103268676, -22.898343736, 0.0 ], [ -47.105047026, -22.898913569999898, 0.0 ], [ -47.105085185, -22.898811319999901, 0.0 ] ] ] } },
{ "type": "Feature", "properties": { }, "geometry": { "type": "Polygon", "coordinates": [ [ [ -47.105085185, -22.898811319999901, 0.0 ], [ -47.105047026, -22.898913569999898, 0.0 ], [ -47.105118945999898, -22.8989366079999, 0.0 ], [ -47.105157104999897, -22.898834357999899, 0.0 ], [ -47.105085185, -22.898811319999901, 0.0 ] ] ] } },
{ "type": "Feature", "properties": { }, "geometry": { "type": "Polygon", "coordinates": [ [ [ -47.107434574, -22.899542878, 0.0 ], [ -47.107007102999901, -22.899422402, 0.0 ], [ -47.105157104999897, -22.898834357999899, 0.0 ], [ -47.105118945999898, -22.8989366079999, 0.0 ], [ -47.106971481999913, -22.8995331849999, 0.0 ], [ -47.107399557999898, -22.899655504, 0.0 ], [ -47.107434574, -22.899542878, 0.0 ] ] ] } },
{ "type": "Feature", "properties": { }, "geometry": { "type": "Polygon", "coordinates": [ [ [ -47.107399557999898, -22.899655504, 0.0 ], [ -47.107865210999897, -22.899763606, 0.0 ], [ -47.108424725, -22.899870473, 0.0 ], [ -47.109101639999913, -22.899955136, 0.0 ], [ -47.109444841000013, -22.899972863999899, 0.0 ], [ -47.10945063, -22.8998557809999, 0.0 ], [ -47.109112996, -22.899838370999898, 0.0 ], [ -47.108446711999903, -22.899755042, 0.0 ], [ -47.107892461999903, -22.899649146999899, 0.0 ], [ -47.107434574, -22.899542878, 0.0 ], [ -47.107399557999898, -22.899655504, 0.0 ] ] ] } },
{ "type": "Feature", "properties": { }, "geometry": { "type": "Polygon", "coordinates": [ [ [ -47.109444841000013, -22.899972863999899, 0.0 ], [ -47.109746318, -22.899982258, 0.0 ], [ -47.109749071, -22.899901155999899, 0.0 ], [ -47.109448848999897, -22.899891806, 0.0 ], [ -47.109444841000013, -22.899972863999899, 0.0 ] ] ] } },
{ "type": "Feature", "properties": { }, "geometry": { "type": "Polygon", "coordinates": [ [ [ -47.112280691, -22.899822496, 0.0 ], [ -47.112276562, -22.900002802, 0.0 ], [ -47.114832087, -22.89999161, 0.0 ], [ -47.115285881, -22.899971950999898, 0.0 ], [ -47.115847511, -22.899922187, 0.0 ], [ -47.11657760899989, -22.899811407, 0.0 ], [ -47.117262486, -22.89966133, 0.0 ], [ -47.118232814999892, -22.899378439, 0.0 ], [ -47.118661147999902, -22.899230582, 0.0 ], [ -47.119152992999901, -22.8990311539999, 0.0 ], [ -47.119075338, -22.898865811, 0.0 ], [ -47.118587938, -22.899063424999898, 0.0 ], [ -47.118167461000013, -22.899208571, 0.0 ], [ -47.117211789, -22.899487190999899, 0.0 ], [ -47.116538208, -22.899634811999899, 0.0 ], [ -47.115821922999899, -22.899743375999901, 0.0 ], [ -47.115272464, -22.899792042999898, 0.0 ], [ -47.114826082, -22.899811369, 0.0 ], [ -47.112280691, -22.899822496, 0.0 ] ] ] } },
{ "type": "Feature", "properties": { }, "geometry": { "type": "Polygon", "coordinates": [ [ [ -47.120837808, -22.898145976, 0.0 ], [ -47.120742719, -22.897882320999901, 0.0 ], [ -47.119909860999897, -22.898416684, 0.0 ], [ -47.119543775999901, -22.898625328, 0.0 ], [ -47.119075338, -22.898865811, 0.0 ], [ -47.119152992999901, -22.8990311539999, 0.0 ], [ -47.119215927000013, -22.8990057839999, 0.0 ], [ -47.120031105, -22.89861267, 0.0 ], [ -47.120837808, -22.898145976, 0.0 ] ] ] } },
{ "type": "Feature", "properties": { }, "geometry": { "type": "Polygon", "coordinates": [ [ [ -46.885549512999901, -23.178574704, 0.0 ], [ -46.886162795999986, -23.17823365, 0.0 ], [ -46.886043716, -23.178057988, 0.0 ], [ -46.885344569, -23.178449246, 0.0 ], [ -46.885549512999901, -23.178574704, 0.0 ] ] ] } },
{ "type": "Feature", "properties": { }, "geometry": { "type": "Polygon", "coordinates": [ [ [ -46.98095576, -23.024033374999899, 0.0 ], [ -46.980991699, -23.023991435, 0.0 ], [ -46.9809743, -23.023979104, 0.0 ], [ -46.980938755999887, -23.024020580999899, 0.0 ], [ -46.98095576, -23.024033374999899, 0.0 ] ] ] } },
{ "type": "Feature", "properties": { }, "geometry": { "type": "Polygon", "coordinates": [ [ [ -46.980879575999893, -23.023911969, 0.0 ], [ -46.980991699, -23.023991435, 0.0 ], [ -46.981371977, -23.023487841, 0.0 ], [ -46.981254433999887, -23.023415394, 0.0 ], [ -46.980879575999893, -23.023911969, 0.0 ] ] ] } },
{ "type": "Feature", "properties": { }, "geometry": { "type": "Polygon", "coordinates": [ [ [ -47.059497355, -22.912696702999899, 0.0 ], [ -47.059519717999898, -22.912748916999899, 0.0 ], [ -47.059690167, -22.9125562239999, 0.0 ], [ -47.05965207, -22.91252732, 0.0 ], [ -47.059497355, -22.912696702999899, 0.0 ] ] ] } },
{ "type": "Feature", "properties": { }, "geometry": { "type": "Polygon", "coordinates": [ [ [ -47.059519717999898, -22.912748916999899, 0.0 ], [ -47.059497355, -22.912696702999899, 0.0 ], [ -47.059349233, -22.912850105, 0.0 ], [ -47.059388049999903, -22.912884244999901, 0.0 ], [ -47.059519717999898, -22.912748916999899, 0.0 ] ] ] } },
{ "type": "Feature", "properties": { }, "geometry": { "type": "Polygon", "coordinates": [ [ [ -47.059796291999888, -22.912345804, 0.0 ], [ -47.059715605999898, -22.912456404, 0.0 ], [ -47.059754477999903, -22.912482146999899, 0.0 ], [ -47.059838251, -22.912373591999899, 0.0 ], [ -47.059796291999888, -22.912345804, 0.0 ] ] ] } },
{ "type": "Feature", "properties": { }, "geometry": { "type": "Polygon", "coordinates": [ [ [ -47.059715605999898, -22.912456404, 0.0 ], [ -47.05965207, -22.91252732, 0.0 ], [ -47.059690167, -22.9125562239999, 0.0 ], [ -47.059754477999903, -22.912482146999899, 0.0 ], [ -47.059715605999898, -22.912456404, 0.0 ] ] ] } },
{ "type": "Feature", "properties": { }, "geometry": { "type": "Polygon", "coordinates": [ [ [ -47.059900771999899, -22.9122052489999, 0.0 ], [ -47.059796291999888, -22.912345804, 0.0 ], [ -47.059838251, -22.912373591999899, 0.0 ], [ -47.059944469, -22.912233256, 0.0 ], [ -47.059900771999899, -22.9122052489999, 0.0 ] ] ] } },
{ "type": "Feature", "properties": { }, "geometry": { "type": "Polygon", "coordinates": [ [ [ -47.060014817, -22.912055876, 0.0 ], [ -47.059900771999899, -22.9122052489999, 0.0 ], [ -47.059944469, -22.912233256, 0.0 ], [ -47.060056833, -22.912082805999901, 0.0 ], [ -47.060014817, -22.912055876, 0.0 ] ] ] } },
{ "type": "Feature", "properties": { }, "geometry": { "type": "Polygon", "coordinates": [ [ [ -47.060143003999897, -22.911882545, 0.0 ], [ -47.060014737, -22.912055825, 0.0 ], [ -47.060056833, -22.912082805999901, 0.0 ], [ -47.060184148, -22.911908097, 0.0 ], [ -47.060143003999897, -22.911882545, 0.0 ] ] ] } },
{ "type": "Feature", "properties": { }, "geometry": { "type": "Polygon", "coordinates": [ [ [ -47.060245247, -22.911743713, 0.0 ], [ -47.060143003999897, -22.911882544, 0.0 ], [ -47.060184148, -22.911908097, 0.0 ], [ -47.060285054, -22.911768845, 0.0 ], [ -47.060245247, -22.911743713, 0.0 ] ] ] } },
{ "type": "Feature", "properties": { }, "geometry": { "type": "Polygon", "coordinates": [ [ [ -47.060384389, -22.911633825, 0.0 ], [ -47.060344663, -22.911608742999899, 0.0 ], [ -47.060245247, -22.911743713, 0.0 ], [ -47.060285054, -22.911768845, 0.0 ], [ -47.060384389, -22.911633825, 0.0 ] ] ] } },
{ "type": "Feature", "properties": { }, "geometry": { "type": "Polygon", "coordinates": [ [ [ -47.060454707, -22.911459513999901, 0.0 ], [ -47.060344663, -22.911608742999899, 0.0 ], [ -47.060384389, -22.911633825, 0.0 ], [ -47.060494526999904, -22.911486656, 0.0 ], [ -47.060454707, -22.911459513999901, 0.0 ] ] ] } },
{ "type": "Feature", "properties": { }, "geometry": { "type": "Polygon", "coordinates": [ [ [ -47.060581373999987, -22.9113057019999, 0.0 ], [ -47.060454707, -22.911459513999901, 0.0 ], [ -47.060494526999904, -22.911486656, 0.0 ], [ -47.060618846999901, -22.911332435, 0.0 ], [ -47.060581373999987, -22.9113057019999, 0.0 ] ] ] } },
{ "type": "Feature", "properties": { }, "geometry": { "type": "Polygon", "coordinates": [ [ [ -47.060687763, -22.9111727219999, 0.0 ], [ -47.060581373999987, -22.9113057019999, 0.0 ], [ -47.060618846999901, -22.911332435, 0.0 ], [ -47.060727954, -22.911201504, 0.0 ], [ -47.060687763, -22.9111727219999, 0.0 ] ] ] } },
{ "type": "Feature", "properties": { }, "geometry": { "type": "Polygon", "coordinates": [ [ [ -47.060805671, -22.911042204, 0.0 ], [ -47.060687763, -22.9111727219999, 0.0 ], [ -47.060727954, -22.911201504, 0.0 ], [ -47.060843238, -22.911074282999891, 0.0 ], [ -47.060805671, -22.911042204, 0.0 ] ] ] } },
{ "type": "Feature", "properties": { }, "geometry": { "type": "Polygon", "coordinates": [ [ [ -47.060954958, -22.910903214, 0.0 ], [ -47.060805671, -22.911042204, 0.0 ], [ -47.060843238, -22.911074282999891, 0.0 ], [ -47.060987726999898, -22.910934052999899, 0.0 ], [ -47.060954958, -22.910903214, 0.0 ] ] ] } },
{ "type": "Feature", "properties": { }, "geometry": { "type": "Polygon", "coordinates": [ [ [ -47.061108186999903, -22.910769856999899, 0.0 ], [ -47.060954958, -22.910903214, 0.0 ], [ -47.060987726999898, -22.910934052999899, 0.0 ], [ -47.061137626999901, -22.910801336999899, 0.0 ], [ -47.061108186999903, -22.910769856999899, 0.0 ] ] ] } },
{ "type": "Feature", "properties": { }, "geometry": { "type": "Polygon", "coordinates": [ [ [ -47.061237692, -22.910672003999899, 0.0 ], [ -47.061108186999903, -22.910769856999899, 0.0 ], [ -47.061137626999901, -22.910801336999899, 0.0 ], [ -47.061263928, -22.910702435999902, 0.0 ], [ -47.061237692, -22.910672003999899, 0.0 ] ] ] } },
{ "type": "Feature", "properties": { }, "geometry": { "type": "Polygon", "coordinates": [ [ [ -47.061237697, -22.910672, 0.0 ], [ -47.061263928, -22.910702435999902, 0.0 ], [ -47.061432097, -22.910586409, 0.0 ], [ -47.061410252, -22.910557766, 0.0 ], [ -47.061237697, -22.910672, 0.0 ] ] ] } },
{ "type": "Feature", "properties": { }, "geometry": { "type": "Polygon", "coordinates": [ [ [ -47.061545356, -22.910477001999901, 0.0 ], [ -47.061410252, -22.910557766, 0.0 ], [ -47.061432097, -22.910586409, 0.0 ], [ -47.061564453999907, -22.910503129, 0.0 ], [ -47.061545356, -22.910477001999901, 0.0 ] ] ] } },
{ "type": "Feature", "properties": { }, "geometry": { "type": "Polygon", "coordinates": [ [ [ -47.061737985, -22.910362875, 0.0 ], [ -47.061571225, -22.910460284, 0.0 ], [ -47.061545356, -22.910477001999901, 0.0 ], [ -47.061564453999907, -22.910503129, 0.0 ], [ -47.061758574, -22.910397655999901, 0.0 ], [ -47.061737985, -22.910362875, 0.0 ] ] ] } },
{ "type": "Feature", "properties": { }, "geometry": { "type": "Polygon", "coordinates": [ [ [ -47.06188574, -22.910275808999899, 0.0 ], [ -47.061737985, -22.910362875, 0.0 ], [ -47.061758574, -22.910397655999901, 0.0 ], [ -47.061909873999987, -22.910324271, 0.0 ], [ -47.06188574, -22.910275808999899, 0.0 ] ] ] } },
{ "type": "Feature", "properties": { }, "geometry": { "type": "Polygon", "coordinates": [ [ [ -47.062100185, -22.910178749, 0.0 ], [ -47.06188574, -22.910275808999899, 0.0 ], [ -47.061909873999987, -22.910324271, 0.0 ], [ -47.062124855, -22.910237186, 0.0 ], [ -47.062100185, -22.910178749, 0.0 ] ] ] } },
{ "type": "Feature", "properties": { }, "geometry": { "type": "Polygon", "coordinates": [ [ [ -47.067168697999897, -22.908898242, 0.0 ], [ -47.067154387999899, -22.90885328, 0.0 ], [ -47.066331901999902, -22.909074092, 0.0 ], [ -47.066347903999898, -22.909126113, 0.0 ], [ -47.067168697999897, -22.908898242, 0.0 ] ] ] } },
{ "type": "Feature", "properties": { }, "geometry": { "type": "Polygon", "coordinates": [ [ [ -47.067154387999899, -22.90885328, 0.0 ], [ -47.067168697999897, -22.908898242, 0.0 ], [ -47.067848446, -22.908701850999901, 0.0 ], [ -47.067836403999912, -22.908667557999902, 0.0 ], [ -47.067154387999899, -22.90885328, 0.0 ] ] ] } },
{ "type": "Feature", "properties": { }, "geometry": { "type": "Polygon", "coordinates": [ [ [ -47.075445972, -22.906233722, 0.0 ], [ -47.075128982, -22.906388861, 0.0 ], [ -47.07518867200001, -22.906512270999901, 0.0 ], [ -47.075519046999908, -22.9063559689999, 0.0 ], [ -47.075445972, -22.906233722, 0.0 ] ] ] } },
{ "type": "Feature", "properties": { }, "geometry": { "type": "Polygon", "coordinates": [ [ [ -47.075933435, -22.906119647, 0.0 ], [ -47.075888017999901, -22.90598224, 0.0 ], [ -47.075445972, -22.906233722, 0.0 ], [ -47.075519046999908, -22.9063559689999, 0.0 ], [ -47.075933435, -22.906119647, 0.0 ] ] ] } },
{ "type": "Feature", "properties": { }, "geometry": { "type": "Polygon", "coordinates": [ [ [ -47.0851018279999, -22.90044039, 0.0 ], [ -47.085171054999897, -22.900569597, 0.0 ], [ -47.085290398, -22.9005147149999, 0.0 ], [ -47.085221170999901, -22.9003855079999, 0.0 ], [ -47.0851018279999, -22.90044039, 0.0 ] ] ] } },
{ "type": "Feature", "properties": { }, "geometry": { "type": "Polygon", "coordinates": [ [ [ -47.098273924, -22.897907442999902, 0.0 ], [ -47.097702259, -22.898121212, 0.0 ], [ -47.097788623, -22.89835111, 0.0 ], [ -47.098360321, -22.898184618999899, 0.0 ], [ -47.098273924, -22.897907442999902, 0.0 ] ] ] } },
{ "type": "Feature", "properties": { }, "geometry": { "type": "Polygon", "coordinates": [ [ [ -47.098273925, -22.897907442999902, 0.0 ], [ -47.098360321, -22.898184618999899, 0.0 ], [ -47.099089744, -22.898017332999899, 0.0 ], [ -47.09902511, -22.897735113, 0.0 ], [ -47.098273925, -22.897907442999902, 0.0 ] ] ] } },
{ "type": "Feature", "properties": { }, "geometry": { "type": "Polygon", "coordinates": [ [ [ -47.099025110999897, -22.8977351129999, 0.0 ], [ -47.099089744, -22.898017332999899, 0.0 ], [ -47.099459956, -22.897967571, 0.0 ], [ -47.099436356999902, -22.897634707, 0.0 ], [ -47.099025110999897, -22.8977351129999, 0.0 ] ] ] } },
{ "type": "Feature", "properties": { }, "geometry": { "type": "Polygon", "coordinates": [ [ [ -47.10002267999991, -22.897633229, 0.0 ], [ -47.099436356999902, -22.897634707, 0.0 ], [ -47.099459956, -22.897967571, 0.0 ], [ -47.100033536999902, -22.8979125349999, 0.0 ], [ -47.10002267999991, -22.897633229, 0.0 ] ] ] } },
{ "type": "Feature", "properties": { }, "geometry": { "type": "Polygon", "coordinates": [ [ [ -47.100022681, -22.897633229, 0.0 ], [ -47.100033536999902, -22.8979125349999, 0.0 ], [ -47.10059231, -22.897893891, 0.0 ], [ -47.100580051999899, -22.897578546, 0.0 ], [ -47.100022681, -22.897633229, 0.0 ] ] ] } },
{ "type": "Feature", "properties": { }, "geometry": { "type": "Polygon", "coordinates": [ [ [ -47.101542686, -22.897681153999901, 0.0 ], [ -47.101022534, -22.897610147, 0.0 ], [ -47.100580051999899, -22.897578546, 0.0 ], [ -47.10059231, -22.897893891, 0.0 ], [ -47.100998019, -22.897904683, 0.0 ], [ -47.101503081, -22.897949125, 0.0 ], [ -47.101542686, -22.897681153999901, 0.0 ] ] ] } },
{ "type": "Feature", "properties": { }, "geometry": { "type": "Polygon", "coordinates": [ [ [ -46.9940509159999, -22.967911597999901, 0.0 ], [ -46.993850210999902, -22.96776592, 0.0 ], [ -46.993682613, -22.968182767, 0.0 ], [ -46.993907573999898, -22.968261652, 0.0 ], [ -46.9940509159999, -22.967911597999901, 0.0 ] ] ] } },
{ "type": "Feature", "properties": { }, "geometry": { "type": "Polygon", "coordinates": [ [ [ -46.994096403999897, -22.9668699009999, 0.0 ], [ -46.994064914, -22.967177450999891, 0.0 ], [ -46.994248135, -22.967200940999891, 0.0 ], [ -46.994286058999897, -22.966877570999898, 0.0 ], [ -46.994096403999897, -22.9668699009999, 0.0 ] ] ] } },
{ "type": "Feature", "properties": { }, "geometry": { "type": "Polygon", "coordinates": [ [ [ -46.994253342, -22.9661584249999, 0.0 ], [ -46.99408026, -22.966183767999901, 0.0 ], [ -46.994105655999903, -22.966482239, 0.0 ], [ -46.994096403999897, -22.9668699009999, 0.0 ], [ -46.994286058999897, -22.966877570999898, 0.0 ], [ -46.994287034, -22.9664736349999, 0.0 ], [ -46.994253342, -22.9661584249999, 0.0 ] ] ] } },
{ "type": "Feature", "properties": { }, "geometry": { "type": "Polygon", "coordinates": [ [ [ -47.068333099, -22.908540622, 0.0 ], [ -47.068480899999898, -22.908487124, 0.0 ], [ -47.068464949, -22.908449342, 0.0 ], [ -47.068312239, -22.908489135, 0.0 ], [ -47.068333099, -22.908540622, 0.0 ] ] ] } },
{ "type": "Feature", "properties": { }, "geometry": { "type": "Polygon", "coordinates": [ [ [ -47.074940316, -22.906466065, 0.0 ], [ -47.074995116, -22.906591406, 0.0 ], [ -47.07518867200001, -22.906512270999901, 0.0 ], [ -47.075128982, -22.906388861, 0.0 ], [ -47.074940316, -22.906466065, 0.0 ] ] ] } },
{ "type": "Feature", "properties": { }, "geometry": { "type": "Polygon", "coordinates": [ [ [ -47.068480899999898, -22.908487124, 0.0 ], [ -47.0686476609999, -22.908423458, 0.0 ], [ -47.070703196, -22.907858658999899, 0.0 ], [ -47.072508216, -22.907304748999898, 0.0 ], [ -47.074336839, -22.90681167, 0.0 ], [ -47.074995116, -22.906591406, 0.0 ], [ -47.074958583, -22.906507845, 0.0 ], [ -47.07430779, -22.906725605, 0.0 ], [ -47.072682906, -22.907160517, 0.0 ], [ -47.070673948, -22.907772671, 0.0 ], [ -47.06861961300001, -22.90833713, 0.0 ], [ -47.068445451999892, -22.9084031629999, 0.0 ], [ -47.068480899999898, -22.908487124, 0.0 ] ] ] } },
{ "type": "Feature", "properties": { }, "geometry": { "type": "Polygon", "coordinates": [ [ [ -47.062475978999913, -22.910033815999899, 0.0 ], [ -47.062263198, -22.910080939999901, 0.0 ], [ -47.062078777, -22.9101280359999, 0.0 ], [ -47.062124855, -22.910237186, 0.0 ], [ -47.062504003999891, -22.910115432999898, 0.0 ], [ -47.062475978999913, -22.910033815999899, 0.0 ] ] ] } },
{ "type": "Feature", "properties": { }, "geometry": { "type": "Polygon", "coordinates": [ [ [ -47.062847549, -22.909932076, 0.0 ], [ -47.062475978999913, -22.910033815999899, 0.0 ], [ -47.062504003999891, -22.910115432999898, 0.0 ], [ -47.062873291999907, -22.910009631, 0.0 ], [ -47.062847549, -22.909932076, 0.0 ] ] ] } },
{ "type": "Feature", "properties": { }, "geometry": { "type": "Polygon", "coordinates": [ [ [ -47.062847549, -22.909932076, 0.0 ], [ -47.062873291999907, -22.910009631, 0.0 ], [ -47.063731765999897, -22.909771195, 0.0 ], [ -47.063706886, -22.9096934, 0.0 ], [ -47.062847549, -22.909932076, 0.0 ] ] ] } },
{ "type": "Feature", "properties": { }, "geometry": { "type": "Polygon", "coordinates": [ [ [ -47.066318566999897, -22.909030741, 0.0 ], [ -47.065963246, -22.909126724, 0.0 ], [ -47.065980024999902, -22.909201762, 0.0 ], [ -47.066347903999898, -22.909126113, 0.0 ], [ -47.066318566999897, -22.909030741, 0.0 ] ] ] } },
{ "type": "Feature", "properties": { }, "geometry": { "type": "Polygon", "coordinates": [ [ [ -47.063704120999901, -22.909684755999901, 0.0 ], [ -47.063731765999897, -22.909771195, 0.0 ], [ -47.065544554, -22.9092733539999, 0.0 ], [ -47.065980024999902, -22.909201762, 0.0 ], [ -47.06596028500001, -22.909113481999899, 0.0 ], [ -47.065517164000013, -22.909186845, 0.0 ], [ -47.063704120999901, -22.909684755999901, 0.0 ] ] ] } },
{ "type": "Feature", "properties": { }, "geometry": { "type": "Polygon", "coordinates": [ [ [ -47.068316001, -22.908498419, 0.0 ], [ -47.068162419, -22.908532593, 0.0 ], [ -47.068186458, -22.908591640999902, 0.0 ], [ -47.068333099, -22.908540622, 0.0 ], [ -47.068316001, -22.908498419, 0.0 ] ] ] } },
{ "type": "Feature", "properties": { }, "geometry": { "type": "Polygon", "coordinates": [ [ [ -47.068178558999897, -22.90857224, 0.0 ], [ -47.067985751, -22.908629330999901, 0.0 ], [ -47.067836405, -22.908667557999902, 0.0 ], [ -47.067848446, -22.908701850999901, 0.0 ], [ -47.068186458, -22.908591640999902, 0.0 ], [ -47.068178558999897, -22.90857224, 0.0 ] ] ] } },
{ "type": "Feature", "properties": { }, "geometry": { "type": "Polygon", "coordinates": [ [ [ -47.097570560999898, -22.8980491239999, 0.0 ], [ -47.097695307, -22.898381199, 0.0 ], [ -47.097788623, -22.89835111, 0.0 ], [ -47.097663876, -22.898019034999901, 0.0 ], [ -47.097570560999898, -22.8980491239999, 0.0 ] ] ] } },
{ "type": "Feature", "properties": { }, "geometry": { "type": "Polygon", "coordinates": [ [ [ -46.945932716999899, -23.059788249999901, 0.0 ], [ -46.945981024999988, -23.0597435829999, 0.0 ], [ -46.945808891999903, -23.059584168, 0.0 ], [ -46.945729792999892, -23.0596589109999, 0.0 ], [ -46.945932716999899, -23.059788249999901, 0.0 ] ] ] } },
{ "type": "Feature", "properties": { }, "geometry": { "type": "Polygon", "coordinates": [ [ [ -46.902857159999897, -23.156306182, 0.0 ], [ -46.903043523, -23.156298986, 0.0 ], [ -46.902881381, -23.155686284999899, 0.0 ], [ -46.90271077700001, -23.155724199, 0.0 ], [ -46.902857159999897, -23.156306182, 0.0 ] ] ] } },
{ "type": "Feature", "properties": { }, "geometry": { "type": "Polygon", "coordinates": [ [ [ -47.054157964, -22.9140099859999, 0.0 ], [ -47.054155726, -22.914128585999901, 0.0 ], [ -47.054214136, -22.914125939, 0.0 ], [ -47.05420795500001, -22.914008881, 0.0 ], [ -47.054157964, -22.9140099859999, 0.0 ] ] ] } },
{ "type": "Feature", "properties": { }, "geometry": { "type": "Polygon", "coordinates": [ [ [ -46.872851813, -23.194762091, 0.0 ], [ -46.872865643, -23.194617926, 0.0 ], [ -46.872697839, -23.194517528999899, 0.0 ], [ -46.872622618, -23.1946249639999, 0.0 ], [ -46.872851813, -23.194762091, 0.0 ] ] ] } },
{ "type": "Feature", "properties": { }, "geometry": { "type": "Polygon", "coordinates": [ [ [ -46.886104804, -23.178267252, 0.0 ], [ -46.886139750999988, -23.1783188049999, 0.0 ], [ -46.886282310999903, -23.178244181, 0.0 ], [ -46.886243480999987, -23.1781869, 0.0 ], [ -46.886104804, -23.178267252, 0.0 ] ] ] } },
{ "type": "Feature", "properties": { }, "geometry": { "type": "Polygon", "coordinates": [ [ [ -46.886667358, -23.178020374, 0.0 ], [ -46.8866283959999, -23.177963168999899, 0.0 ], [ -46.886243480999987, -23.1781869, 0.0 ], [ -46.886282310999903, -23.178244181, 0.0 ], [ -46.886667358, -23.178020374, 0.0 ] ] ] } },
{ "type": "Feature", "properties": { }, "geometry": { "type": "Polygon", "coordinates": [ [ [ -46.8866283959999, -23.177963168999899, 0.0 ], [ -46.886667358, -23.178020374, 0.0 ], [ -46.887378629999908, -23.177605317, 0.0 ], [ -46.887339427, -23.177548252999902, 0.0 ], [ -46.8866283959999, -23.177963168999899, 0.0 ] ] ] } },
{ "type": "Feature", "properties": { }, "geometry": { "type": "Polygon", "coordinates": [ [ [ -46.887339427, -23.177548252999902, 0.0 ], [ -46.887378629999908, -23.177605317, 0.0 ], [ -46.887815886999903, -23.177344456, 0.0 ], [ -46.887779518999899, -23.177291066999899, 0.0 ], [ -46.887339427, -23.177548252999902, 0.0 ] ] ] } },
{ "type": "Feature", "properties": { }, "geometry": { "type": "Polygon", "coordinates": [ [ [ -46.887779518999899, -23.177291066999899, 0.0 ], [ -46.887815886999903, -23.177344456, 0.0 ], [ -46.888324546, -23.177059482, 0.0 ], [ -46.888283043999898, -23.176998431, 0.0 ], [ -46.887779518999899, -23.177291066999899, 0.0 ] ] ] } },
{ "type": "Feature", "properties": { }, "geometry": { "type": "Polygon", "coordinates": [ [ [ -46.890829380999897, -23.175716657, 0.0 ], [ -46.890745324, -23.175579393, 0.0 ], [ -46.88970663, -23.176165937, 0.0 ], [ -46.888283043999898, -23.176998431, 0.0 ], [ -46.888324546, -23.177059482999901, 0.0 ], [ -46.889777879999897, -23.176268427, 0.0 ], [ -46.890829380999897, -23.175716657, 0.0 ] ] ] } },
{ "type": "Feature", "properties": { }, "geometry": { "type": "Polygon", "coordinates": [ [ [ -46.890745324, -23.175579393, 0.0 ], [ -46.890829380999897, -23.175716657, 0.0 ], [ -46.891467771999913, -23.175392617999901, 0.0 ], [ -46.891401617, -23.175262012999902, 0.0 ], [ -46.890745324, -23.175579393, 0.0 ] ] ] } },
{ "type": "Feature", "properties": { }, "geometry": { "type": "Polygon", "coordinates": [ [ [ -46.892153279, -23.175066045999898, 0.0 ], [ -46.892115958, -23.174977919, 0.0 ], [ -46.891401617, -23.175262012999902, 0.0 ], [ -46.891467771999913, -23.175392617999901, 0.0 ], [ -46.892153279, -23.175066045999898, 0.0 ] ] ] } },
{ "type": "Feature", "properties": { }, "geometry": { "type": "Polygon", "coordinates": [ [ [ -46.892115958, -23.174977919, 0.0 ], [ -46.892153279, -23.175066045999898, 0.0 ], [ -46.892425454, -23.174984996, 0.0 ], [ -46.892385531999899, -23.1748833259999, 0.0 ], [ -46.892115958, -23.174977919, 0.0 ] ] ] } },
{ "type": "Feature", "properties": { }, "geometry": { "type": "Polygon", "coordinates": [ [ [ -46.892536019, -23.1749433519999, 0.0 ], [ -46.892498743, -23.174845594, 0.0 ], [ -46.892385531999899, -23.1748833259999, 0.0 ], [ -46.892425454, -23.1749849949999, 0.0 ], [ -46.892536019, -23.1749433519999, 0.0 ] ] ] } },
{ "type": "Feature", "properties": { }, "geometry": { "type": "Polygon", "coordinates": [ [ [ -46.892952582, -23.175001207, 0.0 ], [ -46.892858491, -23.174730946999901, 0.0 ], [ -46.892498743, -23.174845594, 0.0 ], [ -46.892536019, -23.1749433519999, 0.0 ], [ -46.892952582, -23.175001207, 0.0 ] ] ] } },
{ "type": "Feature", "properties": { }, "geometry": { "type": "Polygon", "coordinates": [ [ [ -46.895213549999887, -23.174525679999899, 0.0 ], [ -46.896657016999903, -23.1742382209999, 0.0 ], [ -46.896309357, -23.173664082999899, 0.0 ], [ -46.895843700999897, -23.173856950999909, 0.0 ], [ -46.8950649229999, -23.174091732, 0.0 ], [ -46.895213549999887, -23.174525679999899, 0.0 ] ] ] } },
{ "type": "Feature", "properties": { }, "geometry": { "type": "Polygon", "coordinates": [ [ [ -46.892952587, -23.175001216999899, 0.0 ], [ -46.893550445, -23.174872466999901, 0.0 ], [ -46.8933766869999, -23.174576733, 0.0 ], [ -46.892858491, -23.174730946999901, 0.0 ], [ -46.892952587, -23.175001216999899, 0.0 ] ] ] } },
{ "type": "Feature", "properties": { }, "geometry": { "type": "Polygon", "coordinates": [ [ [ -46.896657018, -23.1742382209999, 0.0 ], [ -46.897507722999897, -23.173709179, 0.0 ], [ -46.897042827999897, -23.173199129999901, 0.0 ], [ -46.896736044, -23.173420456, 0.0 ], [ -46.896309357, -23.173664082999899, 0.0 ], [ -46.896657018, -23.1742382209999, 0.0 ] ] ] } },
{ "type": "Feature", "properties": { }, "geometry": { "type": "Polygon", "coordinates": [ [ [ -46.897507722999897, -23.173709178, 0.0 ], [ -46.898274828, -23.172928171999899, 0.0 ], [ -46.897693548999897, -23.172533116999901, 0.0 ], [ -46.897346968, -23.172928575999901, 0.0 ], [ -46.897042827999897, -23.173199129999901, 0.0 ], [ -46.897507722999897, -23.173709178, 0.0 ] ] ] } },
{ "type": "Feature", "properties": { }, "geometry": { "type": "Polygon", "coordinates": [ [ [ -46.898123843, -23.171940675, 0.0 ], [ -46.898487055, -23.172168163, 0.0 ], [ -46.899372141999898, -23.171409864999909, 0.0 ], [ -46.898783347999903, -23.171040267, 0.0 ], [ -46.898123843, -23.171940675, 0.0 ] ] ] } },
{ "type": "Feature", "properties": { }, "geometry": { "type": "Polygon", "coordinates": [ [ [ -46.898783347999903, -23.171040267, 0.0 ], [ -46.899372144, -23.171409863999909, 0.0 ], [ -46.900137635, -23.170369186999899, 0.0 ], [ -46.899548889999913, -23.169999526, 0.0 ], [ -46.898783347999903, -23.171040267, 0.0 ] ] ] } },
{ "type": "Feature", "properties": { }, "geometry": { "type": "Polygon", "coordinates": [ [ [ -46.899548889999913, -23.169999526, 0.0 ], [ -46.900137636, -23.170369185, 0.0 ], [ -46.901104077999904, -23.168287958999901, 0.0 ], [ -46.900902784, -23.168160916, 0.0 ], [ -46.899548889999913, -23.169999526, 0.0 ] ] ] } },
{ "type": "Feature", "properties": { }, "geometry": { "type": "Polygon", "coordinates": [ [ [ -46.900902784, -23.168160916, 0.0 ], [ -46.901104077999904, -23.168287958999901, 0.0 ], [ -46.901364812999901, -23.167934957999901, 0.0 ], [ -46.901163591999897, -23.167807819, 0.0 ], [ -46.900902784, -23.168160916, 0.0 ] ] ] } },
{ "type": "Feature", "properties": { }, "geometry": { "type": "Polygon", "coordinates": [ [ [ -46.901163591999897, -23.167807819, 0.0 ], [ -46.901364812999901, -23.167934957999901, 0.0 ], [ -46.901701230999898, -23.167532015, 0.0 ], [ -46.901964759999899, -23.167164306999901, 0.0 ], [ -46.901678451, -23.167028663999901, 0.0 ], [ -46.901458848999901, -23.167392015999901, 0.0 ], [ -46.901163591999897, -23.167807819, 0.0 ] ] ] } },
{ "type": "Feature", "properties": { }, "geometry": { "type": "Polygon", "coordinates": [ [ [ -46.902088717999987, -23.166887754999909, 0.0 ], [ -46.901813638, -23.166772045, 0.0 ], [ -46.901678451, -23.167028663999901, 0.0 ], [ -46.901964759999899, -23.167164306999901, 0.0 ], [ -46.902088717999987, -23.166887754999909, 0.0 ] ] ] } },
{ "type": "Feature", "properties": { }, "geometry": { "type": "Polygon", "coordinates": [ [ [ -46.901813638, -23.166772045, 0.0 ], [ -46.902088717999987, -23.166887754, 0.0 ], [ -46.902403463, -23.165838920999899, 0.0 ], [ -46.902249624, -23.165781934999899, 0.0 ], [ -46.901813638, -23.166772045, 0.0 ] ] ] } },
{ "type": "Feature", "properties": { }, "geometry": { "type": "Polygon", "coordinates": [ [ [ -46.902665243999898, -23.165113576, 0.0 ], [ -46.902556651999902, -23.165073349999901, 0.0 ], [ -46.902249624, -23.165781934999899, 0.0 ], [ -46.902403463, -23.165838920999899, 0.0 ], [ -46.902665243999898, -23.165113576, 0.0 ] ] ] } },
{ "type": "Feature", "properties": { }, "geometry": { "type": "MultiPolygon", "coordinates": [ [ [ [ -46.902782679, -23.1648425509999, 0.0 ], [ -46.902680157, -23.1647883159999, 0.0 ], [ -46.902556651999902, -23.165073349999901, 0.0 ], [ -46.902665244999987, -23.165113575, 0.0 ], [ -46.902782679, -23.1648425509999, 0.0 ] ] ], [ [ [ -46.902680157, -23.1647883159999, 0.0 ], [ -46.902680276999902, -23.164788251, 0.0 ], [ -46.902680196999903, -23.164788222, 0.0 ], [ -46.902680157, -23.1647883159999, 0.0 ] ] ] ] } },
{ "type": "Feature", "properties": { }, "geometry": { "type": "Polygon", "coordinates": [ [ [ -46.902782679, -23.1648425509999, 0.0 ], [ -46.90284082999991, -23.164755784, 0.0 ], [ -46.90271391200001, -23.164709382999899, 0.0 ], [ -46.902680157, -23.1647883159999, 0.0 ], [ -46.902782679, -23.1648425509999, 0.0 ] ] ] } },
{ "type": "Feature", "properties": { }, "geometry": { "type": "Polygon", "coordinates": [ [ [ -46.902896104, -23.164601859999902, 0.0 ], [ -46.902778157999897, -23.164558993, 0.0 ], [ -46.90271391200001, -23.164709382999899, 0.0 ], [ -46.90284082999991, -23.164755784, 0.0 ], [ -46.902896104, -23.164601859999902, 0.0 ] ] ] } },
{ "type": "Feature", "properties": { }, "geometry": { "type": "Polygon", "coordinates": [ [ [ -46.903167659, -23.1640454509999, 0.0 ], [ -46.903017729999902, -23.163991585, 0.0 ], [ -46.902778157999897, -23.164558993, 0.0 ], [ -46.902896104, -23.164601859, 0.0 ], [ -46.903167659, -23.1640454509999, 0.0 ] ] ] } },
{ "type": "Feature", "properties": { }, "geometry": { "type": "Polygon", "coordinates": [ [ [ -46.903017729999902, -23.163991585, 0.0 ], [ -46.903167659, -23.1640454509999, 0.0 ], [ -46.903292136999887, -23.163714104999901, 0.0 ], [ -46.903156038, -23.163664660999899, 0.0 ], [ -46.903017729999902, -23.163991585, 0.0 ] ] ] } },
{ "type": "Feature", "properties": { }, "geometry": { "type": "Polygon", "coordinates": [ [ [ -46.903156038, -23.163664660999899, 0.0 ], [ -46.903292136999887, -23.163714104999901, 0.0 ], [ -46.903437343999897, -23.1632347789999, 0.0 ], [ -46.903351019000013, -23.163203773, 0.0 ], [ -46.903156038, -23.163664660999899, 0.0 ] ] ] } },
{ "type": "Feature", "properties": { }, "geometry": { "type": "Polygon", "coordinates": [ [ [ -46.903351019000013, -23.163203773, 0.0 ], [ -46.903437343999897, -23.1632347789999, 0.0 ], [ -46.903515221, -23.16296225, 0.0 ], [ -46.903460676, -23.162942722, 0.0 ], [ -46.903351019000013, -23.163203773, 0.0 ] ] ] } },
{ "type": "Feature", "properties": { }, "geometry": { "type": "Polygon", "coordinates": [ [ [ -46.903619729, -23.16268773, 0.0 ], [ -46.903574276, -23.162671455999899, 0.0 ], [ -46.903460676, -23.162942722, 0.0 ], [ -46.903515221, -23.16296225, 0.0 ], [ -46.903619729, -23.16268773, 0.0 ] ] ] } },
{ "type": "Feature", "properties": { }, "geometry": { "type": "Polygon", "coordinates": [ [ [ -46.903574276, -23.162671455999899, 0.0 ], [ -46.903619729, -23.16268773, 0.0 ], [ -46.903837026, -23.162145272, 0.0 ], [ -46.903938266, -23.16184119, 0.0 ], [ -46.904019642, -23.161501282, 0.0 ], [ -46.904071192999901, -23.161194120999902, 0.0 ], [ -46.904095469, -23.160911814, 0.0 ], [ -46.904101990999898, -23.160547252, 0.0 ], [ -46.904069867, -23.160147169, 0.0 ], [ -46.904002243, -23.160155615999901, 0.0 ], [ -46.904036924, -23.160551665, 0.0 ], [ -46.904032786, -23.160916776, 0.0 ], [ -46.904010829, -23.1611913139999, 0.0 ], [ -46.903960452, -23.161502511, 0.0 ], [ -46.903857758, -23.1619146849999, 0.0 ], [ -46.903574276, -23.162671455999899, 0.0 ] ] ] } },
{ "type": "Feature", "properties": { }, "geometry": { "type": "Polygon", "coordinates": [ [ [ -46.903816690000014, -23.1592803089999, 0.0 ], [ -46.903931702, -23.159761654, 0.0 ], [ -46.904002243, -23.160155615999901, 0.0 ], [ -46.904069867, -23.160147169, 0.0 ], [ -46.90399854, -23.159748943, 0.0 ], [ -46.903883063, -23.1592656629999, 0.0 ], [ -46.903816690000014, -23.1592803089999, 0.0 ] ] ] } },
{ "type": "Feature", "properties": { }, "geometry": { "type": "Polygon", "coordinates": [ [ [ -46.903559664999896, -23.1579940999999, 0.0 ], [ -46.903483894, -23.158011158, 0.0 ], [ -46.903816690000014, -23.1592803089999, 0.0 ], [ -46.903883063, -23.1592656629999, 0.0 ], [ -46.903559664999896, -23.1579940999999, 0.0 ] ] ] } },
{ "type": "Feature", "properties": { }, "geometry": { "type": "Polygon", "coordinates": [ [ [ -46.903483894, -23.158011158, 0.0 ], [ -46.903559664999896, -23.1579940999999, 0.0 ], [ -46.903527636, -23.157834352999899, 0.0 ], [ -46.903442394, -23.157853542999899, 0.0 ], [ -46.903483894, -23.158011158, 0.0 ] ] ] } },
{ "type": "Feature", "properties": { }, "geometry": { "type": "Polygon", "coordinates": [ [ [ -46.903527636, -23.157834352999899, 0.0 ], [ -46.903514121999898, -23.157558282, 0.0 ], [ -46.903538399999903, -23.157375418, 0.0 ], [ -46.903588796, -23.157197966, 0.0 ], [ -46.903674785, -23.157010476, 0.0 ], [ -46.90324823799989, -23.157105133, 0.0 ], [ -46.903442394, -23.157853542999899, 0.0 ], [ -46.903527636, -23.157834352999899, 0.0 ] ] ] } },
{ "type": "Feature", "properties": { }, "geometry": { "type": "Polygon", "coordinates": [ [ [ -46.903939732, -23.156465431999901, 0.0 ], [ -46.903127294999898, -23.156637390999901, 0.0 ], [ -46.90324823799989, -23.157105133, 0.0 ], [ -46.903674785, -23.157010476, 0.0 ], [ -46.903939732, -23.156465431999901, 0.0 ] ] ] } },
{ "type": "Feature", "properties": { }, "geometry": { "type": "Polygon", "coordinates": [ [ [ -46.903960405, -23.156409475, 0.0 ], [ -46.903944506999899, -23.1563029389999, 0.0 ], [ -46.903913361, -23.156265399999899, 0.0 ], [ -46.903836790999897, -23.156268356999899, 0.0 ], [ -46.903075814, -23.156429424999899, 0.0 ], [ -46.903127294999898, -23.156637390999901, 0.0 ], [ -46.903939732, -23.156465431, 0.0 ], [ -46.903960405, -23.156409475, 0.0 ] ] ] } },
{ "type": "Feature", "properties": { }, "geometry": { "type": "Polygon", "coordinates": [ [ [ -46.902983877999901, -23.154661897, 0.0 ], [ -46.902646553999901, -23.154709151999899, 0.0 ], [ -46.902698874999899, -23.15497913, 0.0 ], [ -46.903022716, -23.1549139379999, 0.0 ], [ -46.902983877999901, -23.154661897, 0.0 ] ] ] } },
{ "type": "Feature", "properties": { }, "geometry": { "type": "Polygon", "coordinates": [ [ [ -46.902974882, -23.1541033039999, 0.0 ], [ -46.902594727999897, -23.154105752, 0.0 ], [ -46.902609288999891, -23.154405611999898, 0.0 ], [ -46.902646553999901, -23.154709151999899, 0.0 ], [ -46.902983877999901, -23.154661895999901, 0.0 ], [ -46.902968781, -23.1543848969999, 0.0 ], [ -46.902974882, -23.1541033039999, 0.0 ] ] ] } },
{ "type": "Feature", "properties": { }, "geometry": { "type": "Polygon", "coordinates": [ [ [ -46.902996811, -23.153907402, 0.0 ], [ -46.902597485999898, -23.153892336999899, 0.0 ], [ -46.902594727999897, -23.154105752, 0.0 ], [ -46.902974882, -23.1541033039999, 0.0 ], [ -46.902996811, -23.153907402, 0.0 ] ] ] } },
{ "type": "Feature", "properties": { }, "geometry": { "type": "Polygon", "coordinates": [ [ [ -46.902597485999898, -23.153892336999899, 0.0 ], [ -46.902996811, -23.153907402, 0.0 ], [ -46.902994008, -23.153617957999899, 0.0 ], [ -46.903039599999893, -23.153259057, 0.0 ], [ -46.902752060999909, -23.1531731389999, 0.0 ], [ -46.902644654, -23.153561758, 0.0 ], [ -46.902597485999898, -23.153892336999899, 0.0 ] ] ] } },
{ "type": "Feature", "properties": { }, "geometry": { "type": "Polygon", "coordinates": [ [ [ -46.902752060999909, -23.1531731389999, 0.0 ], [ -46.903039599999893, -23.153259057, 0.0 ], [ -46.903095897, -23.153135113, 0.0 ], [ -46.902802379, -23.153037495, 0.0 ], [ -46.902752060999909, -23.1531731389999, 0.0 ] ] ] } },
{ "type": "Feature", "properties": { }, "geometry": { "type": "Polygon", "coordinates": [ [ [ -46.903095897, -23.153135113, 0.0 ], [ -46.903087489, -23.152934749999901, 0.0 ], [ -46.902883018999901, -23.152852342, 0.0 ], [ -46.902802379, -23.153037495, 0.0 ], [ -46.903095897, -23.153135113, 0.0 ] ] ] } },
{ "type": "Feature", "properties": { }, "geometry": { "type": "Polygon", "coordinates": [ [ [ -46.902883018999901, -23.152852342, 0.0 ], [ -46.903087489, -23.152934749999901, 0.0 ], [ -46.903118225999897, -23.152852986, 0.0 ], [ -46.902924579999898, -23.152767786, 0.0 ], [ -46.902883018999901, -23.152852342, 0.0 ] ] ] } },
{ "type": "Feature", "properties": { }, "geometry": { "type": "Polygon", "coordinates": [ [ [ -46.902924579999898, -23.152767786, 0.0 ], [ -46.903118225999897, -23.152852986, 0.0 ], [ -46.903239337999892, -23.152566696, 0.0 ], [ -46.903089318000013, -23.152482558, 0.0 ], [ -46.902924579999898, -23.152767786, 0.0 ] ] ] } },
{ "type": "Feature", "properties": { }, "geometry": { "type": "Polygon", "coordinates": [ [ [ -46.903537868999898, -23.151992735, 0.0 ], [ -46.903475621, -23.151949300999899, 0.0 ], [ -46.903089318000013, -23.152482558, 0.0 ], [ -46.903239337999892, -23.152566696, 0.0 ], [ -46.903537868999898, -23.151992735, 0.0 ] ] ] } },
{ "type": "Feature", "properties": { }, "geometry": { "type": "Polygon", "coordinates": [ [ [ -46.903475621, -23.151949300999899, 0.0 ], [ -46.903537868999898, -23.151992735, 0.0 ], [ -46.903683943, -23.1517970969999, 0.0 ], [ -46.903634697, -23.151760233999902, 0.0 ], [ -46.903475621, -23.151949300999899, 0.0 ] ] ] } },
{ "type": "Feature", "properties": { }, "geometry": { "type": "Polygon", "coordinates": [ [ [ -46.903783007, -23.151674447999898, 0.0 ], [ -46.90373701, -23.151641046, 0.0 ], [ -46.903634697, -23.151760233999902, 0.0 ], [ -46.903683943, -23.1517970969999, 0.0 ], [ -46.903783007, -23.151674447999898, 0.0 ] ] ] } },
{ "type": "Feature", "properties": { }, "geometry": { "type": "Polygon", "coordinates": [ [ [ -46.90373701, -23.151641046, 0.0 ], [ -46.903783007, -23.151674447999898, 0.0 ], [ -46.904026288999901, -23.15134238, 0.0 ], [ -46.903994509, -23.151321492, 0.0 ], [ -46.90373701, -23.151641046, 0.0 ] ] ] } },
{ "type": "Feature", "properties": { }, "geometry": { "type": "Polygon", "coordinates": [ [ [ -46.903994509, -23.151321492, 0.0 ], [ -46.904026288999901, -23.15134238, 0.0 ], [ -46.904268314, -23.151012884, 0.0 ], [ -46.904235497999892, -23.150993411999899, 0.0 ], [ -46.903994509, -23.151321492, 0.0 ] ] ] } },
{ "type": "Feature", "properties": { }, "geometry": { "type": "Polygon", "coordinates": [ [ [ -46.904434839, -23.1508317, 0.0 ], [ -46.904367793999903, -23.150794875, 0.0 ], [ -46.904235497999892, -23.150993411999899, 0.0 ], [ -46.904268314, -23.151012884, 0.0 ], [ -46.904434839, -23.1508317, 0.0 ] ] ] } },
{ "type": "Feature", "properties": { }, "geometry": { "type": "Polygon", "coordinates": [ [ [ -46.904367793999903, -23.150794875, 0.0 ], [ -46.904434839, -23.1508317, 0.0 ], [ -46.904494742999901, -23.1507351, 0.0 ], [ -46.904427057, -23.150699292999899, 0.0 ], [ -46.904367793999903, -23.150794875, 0.0 ] ] ] } },
{ "type": "Feature", "properties": { }, "geometry": { "type": "Polygon", "coordinates": [ [ [ -46.90461914, -23.150476184999899, 0.0 ], [ -46.904779710999897, -23.1502560449999, 0.0 ], [ -46.90492669, -23.150040337999901, 0.0 ], [ -46.904811107999898, -23.149992305, 0.0 ], [ -46.904571763, -23.150452981999901, 0.0 ], [ -46.90461914, -23.150476184999899, 0.0 ] ] ] } },
{ "type": "Feature", "properties": { }, "geometry": { "type": "Polygon", "coordinates": [ [ [ -46.904811107999898, -23.149992305, 0.0 ], [ -46.90492669, -23.150040337999901, 0.0 ], [ -46.905261125, -23.1494817, 0.0 ], [ -46.905093683, -23.149419796, 0.0 ], [ -46.904811107999898, -23.149992305, 0.0 ] ] ] } },
{ "type": "Feature", "properties": { }, "geometry": { "type": "Polygon", "coordinates": [ [ [ -46.905406006, -23.149116894, 0.0 ], [ -46.905229173999899, -23.149065994, 0.0 ], [ -46.905093683, -23.149419796, 0.0 ], [ -46.905261125, -23.1494817, 0.0 ], [ -46.905406006, -23.149116894, 0.0 ] ] ] } },
{ "type": "Feature", "properties": { }, "geometry": { "type": "Polygon", "coordinates": [ [ [ -46.905229173999899, -23.149065994, 0.0 ], [ -46.905406006, -23.149116894, 0.0 ], [ -46.905467523, -23.1488924619999, 0.0 ], [ -46.905298451, -23.148849105, 0.0 ], [ -46.905229173999899, -23.149065994, 0.0 ] ] ] } },
{ "type": "Feature", "properties": { }, "geometry": { "type": "Polygon", "coordinates": [ [ [ -46.905489667, -23.1484956699999, 0.0 ], [ -46.905373813, -23.148480777, 0.0 ], [ -46.905298451, -23.148849105, 0.0 ], [ -46.905467523, -23.1488924619999, 0.0 ], [ -46.905486306999897, -23.1487510269999, 0.0 ], [ -46.905489667, -23.1484956699999, 0.0 ] ] ] } },
{ "type": "Feature", "properties": { }, "geometry": { "type": "Polygon", "coordinates": [ [ [ -46.905373813, -23.148480777, 0.0 ], [ -46.905489667, -23.1484956699999, 0.0 ], [ -46.905498613, -23.148082122999899, 0.0 ], [ -46.905483538999903, -23.1477403069999, 0.0 ], [ -46.905434812, -23.1477394039999, 0.0 ], [ -46.905418363, -23.148083673, 0.0 ], [ -46.905373813, -23.148480777, 0.0 ] ] ] } },
{ "type": "Feature", "properties": { }, "geometry": { "type": "Polygon", "coordinates": [ [ [ -46.905477675, -23.147298371, 0.0 ], [ -46.905419230999897, -23.1473003629999, 0.0 ], [ -46.905433624999887, -23.147661464999899, 0.0 ], [ -46.905492068999898, -23.147659471999901, 0.0 ], [ -46.905477675, -23.147298371, 0.0 ] ] ] } },
{ "type": "Feature", "properties": { }, "geometry": { "type": "Polygon", "coordinates": [ [ [ -46.905419230999897, -23.1473003629999, 0.0 ], [ -46.905477675, -23.147298371, 0.0 ], [ -46.905493957, -23.146975281, 0.0 ], [ -46.90540154, -23.146980659, 0.0 ], [ -46.905419230999897, -23.1473003629999, 0.0 ] ] ] } },
{ "type": "Feature", "properties": { }, "geometry": { "type": "Polygon", "coordinates": [ [ [ -46.90540154, -23.146980659, 0.0 ], [ -46.905493957, -23.146975281, 0.0 ], [ -46.905513869999901, -23.146521789999898, 0.0 ], [ -46.905387173, -23.146519865, 0.0 ], [ -46.90540154, -23.146980659, 0.0 ] ] ] } },
{ "type": "Feature", "properties": { }, "geometry": { "type": "Polygon", "coordinates": [ [ [ -46.905387173, -23.146519865, 0.0 ], [ -46.905513869999901, -23.146521789999898, 0.0 ], [ -46.90551905, -23.1459220909999, 0.0 ], [ -46.905427028, -23.145912553, 0.0 ], [ -46.905387173, -23.146519865, 0.0 ] ] ] } },
{ "type": "Feature", "properties": { }, "geometry": { "type": "Polygon", "coordinates": [ [ [ -46.905641249, -23.145160019, 0.0 ], [ -46.90557496, -23.145145076, 0.0 ], [ -46.905495123, -23.145486369, 0.0 ], [ -46.905427028, -23.145912553, 0.0 ], [ -46.90551905, -23.1459220909999, 0.0 ], [ -46.905573187999892, -23.145498559, 0.0 ], [ -46.905641249, -23.145160019, 0.0 ] ] ] } },
{ "type": "Feature", "properties": { }, "geometry": { "type": "Polygon", "coordinates": [ [ [ -46.90557496, -23.145145076, 0.0 ], [ -46.905641249, -23.145160019, 0.0 ], [ -46.905774962, -23.144688545999909, 0.0 ], [ -46.9057293669999, -23.144672628999899, 0.0 ], [ -46.90557496, -23.145145076, 0.0 ] ] ] } },
{ "type": "Feature", "properties": { }, "geometry": { "type": "Polygon", "coordinates": [ [ [ -46.905949342, -23.144386252999901, 0.0 ], [ -46.905868817999902, -23.144354066999899, 0.0 ], [ -46.9057293669999, -23.144672628999899, 0.0 ], [ -46.905774962, -23.144688545999909, 0.0 ], [ -46.905949342, -23.144386252999901, 0.0 ] ] ] } },
{ "type": "Feature", "properties": { }, "geometry": { "type": "Polygon", "coordinates": [ [ [ -46.906121272, -23.14417643, 0.0 ], [ -46.90598943, -23.14411674, 0.0 ], [ -46.905868817999902, -23.144354066999899, 0.0 ], [ -46.905949342, -23.144386252999901, 0.0 ], [ -46.906121272, -23.14417643, 0.0 ] ] ] } },
{ "type": "Feature", "properties": { }, "geometry": { "type": "Polygon", "coordinates": [ [ [ -46.906471439, -23.143833992999902, 0.0 ], [ -46.906239609, -23.1437008189999, 0.0 ], [ -46.90598943, -23.14411674, 0.0 ], [ -46.906121272, -23.14417643, 0.0 ], [ -46.906471439, -23.143833992999902, 0.0 ] ] ] } },
{ "type": "Feature", "properties": { }, "geometry": { "type": "Polygon", "coordinates": [ [ [ -46.906239609, -23.1437008189999, 0.0 ], [ -46.90647144, -23.143833992999902, 0.0 ], [ -46.906623028, -23.143642484999901, 0.0 ], [ -46.90637464, -23.143499797999901, 0.0 ], [ -46.906239609, -23.1437008189999, 0.0 ] ] ] } },
{ "type": "Feature", "properties": { }, "geometry": { "type": "Polygon", "coordinates": [ [ [ -46.90637464, -23.143499797999901, 0.0 ], [ -46.906623029, -23.143642484999901, 0.0 ], [ -46.906721534, -23.143487298, 0.0 ], [ -46.906477286, -23.143346989, 0.0 ], [ -46.90637464, -23.143499797999901, 0.0 ] ] ] } },
{ "type": "Feature", "properties": { }, "geometry": { "type": "Polygon", "coordinates": [ [ [ -46.906477286, -23.143346989, 0.0 ], [ -46.906721534, -23.143487298, 0.0 ], [ -46.906805397, -23.1433197449999, 0.0 ], [ -46.906581847999988, -23.143191326, 0.0 ], [ -46.906477286, -23.143346989, 0.0 ] ] ] } },
{ "type": "Feature", "properties": { }, "geometry": { "type": "Polygon", "coordinates": [ [ [ -46.906866196, -23.143144242999899, 0.0 ], [ -46.906684293, -23.143039237, 0.0 ], [ -46.906581847999988, -23.143191326, 0.0 ], [ -46.906805398, -23.1433197439999, 0.0 ], [ -46.906866196, -23.143144242999899, 0.0 ] ] ] } },
{ "type": "Feature", "properties": { }, "geometry": { "type": "Polygon", "coordinates": [ [ [ -46.906684293, -23.143039237, 0.0 ], [ -46.906866196, -23.143144242999899, 0.0 ], [ -46.907011216999898, -23.14277564, 0.0 ], [ -46.906903566, -23.142713833999899, 0.0 ], [ -46.906684293, -23.143039237, 0.0 ] ] ] } },
{ "type": "Feature", "properties": { }, "geometry": { "type": "Polygon", "coordinates": [ [ [ -46.907148847, -23.142562089, 0.0 ], [ -46.90704533600001, -23.142502659999899, 0.0 ], [ -46.906903566, -23.142713833999899, 0.0 ], [ -46.907011216999898, -23.14277564, 0.0 ], [ -46.907148847, -23.142562089, 0.0 ] ] ] } },
{ "type": "Feature", "properties": { }, "geometry": { "type": "Polygon", "coordinates": [ [ [ -46.90704533600001, -23.142502659999899, 0.0 ], [ -46.907144707, -23.142559712, 0.0 ], [ -46.907274378, -23.1423580159999, 0.0 ], [ -46.907179148, -23.142303340999899, 0.0 ], [ -46.90704533600001, -23.142502659999899, 0.0 ] ] ] } },
{ "type": "Feature", "properties": { }, "geometry": { "type": "Polygon", "coordinates": [ [ [ -46.907179148, -23.142303340999899, 0.0 ], [ -46.907274378, -23.1423580159999, 0.0 ], [ -46.907519943, -23.142022440999899, 0.0 ], [ -46.907412705999903, -23.141960023, 0.0 ], [ -46.907179148, -23.142303340999899, 0.0 ] ] ] } },
{ "type": "Feature", "properties": { }, "geometry": { "type": "Polygon", "coordinates": [ [ [ -46.907412705999903, -23.141960023, 0.0 ], [ -46.907519943, -23.142022440999899, 0.0 ], [ -46.907641395, -23.141859338, 0.0 ], [ -46.9075256, -23.141792575, 0.0 ], [ -46.907412705999903, -23.141960023, 0.0 ] ] ] } },
{ "type": "Feature", "properties": { }, "geometry": { "type": "Polygon", "coordinates": [ [ [ -46.9075256, -23.141792575, 0.0 ], [ -46.907641395, -23.141859338, 0.0 ], [ -46.907716692, -23.141705166999898, 0.0 ], [ -46.90762173000001, -23.141650097, 0.0 ], [ -46.9075256, -23.141792575, 0.0 ] ] ] } },
{ "type": "Feature", "properties": { }, "geometry": { "type": "Polygon", "coordinates": [ [ [ -46.90762173000001, -23.141650097, 0.0 ], [ -46.907716692, -23.141705166999898, 0.0 ], [ -46.907824325999989, -23.141554922999909, 0.0 ], [ -46.907725234999887, -23.141497458, 0.0 ], [ -46.90762173000001, -23.141650097, 0.0 ] ] ] } },
{ "type": "Feature", "properties": { }, "geometry": { "type": "Polygon", "coordinates": [ [ [ -46.907910441, -23.141360066999901, 0.0 ], [ -46.907844379, -23.141321756, 0.0 ], [ -46.907725234999887, -23.141497458, 0.0 ], [ -46.907824325999989, -23.141554922999909, 0.0 ], [ -46.907910441, -23.141360066999901, 0.0 ] ] ] } },
{ "type": "Feature", "properties": { }, "geometry": { "type": "Polygon", "coordinates": [ [ [ -46.907911758, -23.141360920999901, 0.0 ], [ -46.908347186999897, -23.140878287, 0.0 ], [ -46.908350441, -23.140875927, 0.0 ], [ -46.9082015279999, -23.140790141, 0.0 ], [ -46.907844379, -23.141321756, 0.0 ], [ -46.907911758, -23.141360920999901, 0.0 ] ] ] } },
{ "type": "Feature", "properties": { }, "geometry": { "type": "Polygon", "coordinates": [ [ [ -46.908773623999899, -23.1403840629999, 0.0 ], [ -46.908558527, -23.14026015, 0.0 ], [ -46.9082015279999, -23.140790141, 0.0 ], [ -46.908350442, -23.140875927, 0.0 ], [ -46.908773623999899, -23.1403840629999, 0.0 ] ] ] } },
{ "type": "Feature", "properties": { }, "geometry": { "type": "Polygon", "coordinates": [ [ [ -46.908558527, -23.14026015, 0.0 ], [ -46.908773623999899, -23.1403840629999, 0.0 ], [ -46.908950804, -23.140187952, 0.0 ], [ -46.9087017639999, -23.140046246999901, 0.0 ], [ -46.908558527, -23.14026015, 0.0 ] ] ] } },
{ "type": "Feature", "properties": { }, "geometry": { "type": "Polygon", "coordinates": [ [ [ -46.9087017639999, -23.140046246999901, 0.0 ], [ -46.908950805, -23.140187952, 0.0 ], [ -46.909100227999893, -23.1400493639999, 0.0 ], [ -46.908809682999987, -23.139884042, 0.0 ], [ -46.9087017639999, -23.140046246999901, 0.0 ] ] ] } },
{ "type": "Feature", "properties": { }, "geometry": { "type": "Polygon", "coordinates": [ [ [ -46.909277373, -23.139783112, 0.0 ], [ -46.909268696, -23.1397117029999, 0.0 ], [ -46.908986828, -23.1396177889999, 0.0 ], [ -46.908809682999987, -23.139884042, 0.0 ], [ -46.90910023, -23.1400493639999, 0.0 ], [ -46.909277373, -23.139783112, 0.0 ] ] ] } },
{ "type": "Feature", "properties": { }, "geometry": { "type": "Polygon", "coordinates": [ [ [ -46.909131407, -23.1394073979999, 0.0 ], [ -46.90924358199991, -23.139479250999901, 0.0 ], [ -46.909457629, -23.139233647, 0.0 ], [ -46.909326531, -23.139147503, 0.0 ], [ -46.909131407, -23.1394073979999, 0.0 ] ] ] } },
{ "type": "Feature", "properties": { }, "geometry": { "type": "Polygon", "coordinates": [ [ [ -46.910234096000011, -23.138595602, 0.0 ], [ -46.910045768, -23.138388747, 0.0 ], [ -46.909676125, -23.138732659, 0.0 ], [ -46.909326531, -23.139147503, 0.0 ], [ -46.909457629, -23.139233647, 0.0 ], [ -46.909848791999899, -23.138870917, 0.0 ], [ -46.910234096000011, -23.138595602, 0.0 ] ] ] } },
{ "type": "Feature", "properties": { }, "geometry": { "type": "Polygon", "coordinates": [ [ [ -46.910045768, -23.138388747, 0.0 ], [ -46.910234096000011, -23.138595601, 0.0 ], [ -46.910466572, -23.138387708, 0.0 ], [ -46.910775895, -23.138172658, 0.0 ], [ -46.911132414999898, -23.137988197, 0.0 ], [ -46.911334757, -23.137902381999901, 0.0 ], [ -46.911272819, -23.1377457749999, 0.0 ], [ -46.91085910399989, -23.137896457, 0.0 ], [ -46.910507590999892, -23.138066764, 0.0 ], [ -46.910314253, -23.13818737, 0.0 ], [ -46.910045768, -23.138388747, 0.0 ] ] ] } },
{ "type": "Feature", "properties": { }, "geometry": { "type": "Polygon", "coordinates": [ [ [ -46.912165894999902, -23.137702085999901, 0.0 ], [ -46.912083669, -23.13748996, 0.0 ], [ -46.911272819, -23.1377457749999, 0.0 ], [ -46.911334757, -23.137902381999901, 0.0 ], [ -46.912165894999902, -23.137702085999901, 0.0 ] ] ] } },
{ "type": "Feature", "properties": { }, "geometry": { "type": "Polygon", "coordinates": [ [ [ -46.912083669, -23.13748996, 0.0 ], [ -46.912123138000013, -23.13759178, 0.0 ], [ -46.91267613, -23.137403812999899, 0.0 ], [ -46.912977592999887, -23.137275775, 0.0 ], [ -46.912925624, -23.137178874, 0.0 ], [ -46.912634521, -23.137302723999898, 0.0 ], [ -46.912083669, -23.13748996, 0.0 ] ] ] } },
{ "type": "Feature", "properties": { }, "geometry": { "type": "Polygon", "coordinates": [ [ [ -46.912977592999887, -23.137275775, 0.0 ], [ -46.913326401999903, -23.137100018, 0.0 ], [ -46.913326403, -23.137100018, 0.0 ], [ -46.913258444, -23.137006503, 0.0 ], [ -46.912925624, -23.137178874, 0.0 ], [ -46.912977592999887, -23.137275775, 0.0 ] ] ] } },
{ "type": "Feature", "properties": { }, "geometry": { "type": "Polygon", "coordinates": [ [ [ -46.913258444, -23.137006503, 0.0 ], [ -46.913326401999903, -23.137100018, 0.0 ], [ -46.913621895999903, -23.1369886149999, 0.0 ], [ -46.913507931000012, -23.136847950999901, 0.0 ], [ -46.913258444, -23.137006503, 0.0 ] ] ] } },
{ "type": "Feature", "properties": { }, "geometry": { "type": "Polygon", "coordinates": [ [ [ -46.913767166, -23.136915798, 0.0 ], [ -46.913637713999897, -23.136757711, 0.0 ], [ -46.913507931000012, -23.136847950999901, 0.0 ], [ -46.913621895999903, -23.1369886149999, 0.0 ], [ -46.913767166, -23.136915798, 0.0 ] ] ] } },
{ "type": "Feature", "properties": { }, "geometry": { "type": "Polygon", "coordinates": [ [ [ -46.913637713999897, -23.136757711, 0.0 ], [ -46.913767166, -23.136915798, 0.0 ], [ -46.913981905, -23.13673282, 0.0 ], [ -46.913847100999902, -23.136596428999901, 0.0 ], [ -46.913637713999897, -23.136757711, 0.0 ] ] ] } },
{ "type": "Feature", "properties": { }, "geometry": { "type": "Polygon", "coordinates": [ [ [ -46.913847100999902, -23.136596428999901, 0.0 ], [ -46.913981905, -23.13673282, 0.0 ], [ -46.914333202, -23.136377234, 0.0 ], [ -46.914206239999899, -23.136265261999899, 0.0 ], [ -46.913847100999902, -23.136596428999901, 0.0 ] ] ] } },
{ "type": "Feature", "properties": { }, "geometry": { "type": "Polygon", "coordinates": [ [ [ -46.914206239999899, -23.136265261999899, 0.0 ], [ -46.914333202, -23.136377234, 0.0 ], [ -46.914924594, -23.135698019, 0.0 ], [ -46.914854326, -23.135635556, 0.0 ], [ -46.914206239999899, -23.136265261999899, 0.0 ] ] ] } },
{ "type": "Feature", "properties": { }, "geometry": { "type": "Polygon", "coordinates": [ [ [ -46.915193299, -23.135457057999901, 0.0 ], [ -46.915112066999903, -23.135385635, 0.0 ], [ -46.914854326, -23.135635556, 0.0 ], [ -46.914924594, -23.135698019, 0.0 ], [ -46.915193299, -23.135457057999901, 0.0 ] ] ] } },
{ "type": "Feature", "properties": { }, "geometry": { "type": "Polygon", "coordinates": [ [ [ -46.915112066999903, -23.135385635, 0.0 ], [ -46.915193299, -23.135457057999901, 0.0 ], [ -46.91555556, -23.13518878, 0.0 ], [ -46.915460976, -23.135085681, 0.0 ], [ -46.915112066999903, -23.135385635, 0.0 ] ] ] } },
{ "type": "Feature", "properties": { }, "geometry": { "type": "Polygon", "coordinates": [ [ [ -46.91572017, -23.135028766999898, 0.0 ], [ -46.91564685, -23.134944495, 0.0 ], [ -46.915460976, -23.135085681, 0.0 ], [ -46.91553349, -23.1351647239999, 0.0 ], [ -46.91572017, -23.135028766999898, 0.0 ] ] ] } },
{ "type": "Feature", "properties": { }, "geometry": { "type": "Polygon", "coordinates": [ [ [ -46.91564685, -23.134944495, 0.0 ], [ -46.91572017, -23.135028766999898, 0.0 ], [ -46.915800909, -23.134969343, 0.0 ], [ -46.9157304189999, -23.13488303, 0.0 ], [ -46.91564685, -23.134944495, 0.0 ] ] ] } },
{ "type": "Feature", "properties": { }, "geometry": { "type": "Polygon", "coordinates": [ [ [ -46.9157304189999, -23.13488303, 0.0 ], [ -46.91580091, -23.134969343, 0.0 ], [ -46.916092125, -23.134773352, 0.0 ], [ -46.916439647999901, -23.134572743, 0.0 ], [ -46.916379338999903, -23.134480066, 0.0 ], [ -46.916026746999897, -23.1346836459999, 0.0 ], [ -46.9157304189999, -23.13488303, 0.0 ] ] ] } },
{ "type": "Feature", "properties": { }, "geometry": { "type": "Polygon", "coordinates": [ [ [ -46.916379338999903, -23.134480066, 0.0 ], [ -46.916439647999901, -23.134572743, 0.0 ], [ -46.916816157, -23.134396728, 0.0 ], [ -46.916749062, -23.1342766009999, 0.0 ], [ -46.916379338999903, -23.134480066, 0.0 ] ] ] } },
{ "type": "Feature", "properties": { }, "geometry": { "type": "Polygon", "coordinates": [ [ [ -46.916749062, -23.1342766009999, 0.0 ], [ -46.916816157, -23.134396728, 0.0 ], [ -46.91730756, -23.134170078999901, 0.0 ], [ -46.917247635, -23.134056707, 0.0 ], [ -46.916749062, -23.1342766009999, 0.0 ] ] ] } },
{ "type": "Feature", "properties": { }, "geometry": { "type": "Polygon", "coordinates": [ [ [ -46.917247635, -23.134056707, 0.0 ], [ -46.91730756, -23.134170078999901, 0.0 ], [ -46.917536903, -23.134080346, 0.0 ], [ -46.917461118000013, -23.133954301, 0.0 ], [ -46.917247635, -23.134056707, 0.0 ] ] ] } },
{ "type": "Feature", "properties": { }, "geometry": { "type": "Polygon", "coordinates": [ [ [ -46.917678722999902, -23.134037110999898, 0.0 ], [ -46.917585906999904, -23.133888913, 0.0 ], [ -46.917461118000013, -23.133954301, 0.0 ], [ -46.917536903, -23.134080346, 0.0 ], [ -46.917678722999902, -23.134037110999898, 0.0 ] ] ] } },
{ "type": "Feature", "properties": { }, "geometry": { "type": "Polygon", "coordinates": [ [ [ -46.917585906999904, -23.133888913, 0.0 ], [ -46.917678722999902, -23.134037110999898, 0.0 ], [ -46.917848198999899, -23.133941821999901, 0.0 ], [ -46.917749844999904, -23.133796711999899, 0.0 ], [ -46.917585906999904, -23.133888913, 0.0 ] ] ] } },
{ "type": "Feature", "properties": { }, "geometry": { "type": "Polygon", "coordinates": [ [ [ -46.918306721, -23.133824306999902, 0.0 ], [ -46.918101228999888, -23.133572489, 0.0 ], [ -46.917749844999904, -23.133796711999899, 0.0 ], [ -46.917848198999899, -23.133941821999901, 0.0 ], [ -46.918306721, -23.133824306999902, 0.0 ] ] ] } },
{ "type": "Feature", "properties": { }, "geometry": { "type": "Polygon", "coordinates": [ [ [ -46.918101228999888, -23.133572489, 0.0 ], [ -46.918306721, -23.133824306999902, 0.0 ], [ -46.918606914, -23.133542814999899, 0.0 ], [ -46.918405632, -23.133340505, 0.0 ], [ -46.918101228999888, -23.133572489, 0.0 ] ] ] } },
{ "type": "Feature", "properties": { }, "geometry": { "type": "Polygon", "coordinates": [ [ [ -46.918405632, -23.133340505, 0.0 ], [ -46.918606914, -23.133542813999899, 0.0 ], [ -46.9187719399999, -23.133320973, 0.0 ], [ -46.918927939999897, -23.133067132999901, 0.0 ], [ -46.91878118599989, -23.132962681, 0.0 ], [ -46.918586596999901, -23.133173757999899, 0.0 ], [ -46.918405632, -23.133340505, 0.0 ] ] ] } },
{ "type": "Feature", "properties": { }, "geometry": { "type": "Polygon", "coordinates": [ [ [ -46.919157621999901, -23.132928319, 0.0 ], [ -46.918924774999901, -23.132780146999899, 0.0 ], [ -46.91878118599989, -23.132962681, 0.0 ], [ -46.918927939999897, -23.133067132999901, 0.0 ], [ -46.919157621999901, -23.132928319, 0.0 ] ] ] } },
{ "type": "Feature", "properties": { }, "geometry": { "type": "Polygon", "coordinates": [ [ [ -46.918924774999901, -23.132780146999899, 0.0 ], [ -46.919157625, -23.13292832, 0.0 ], [ -46.919384540999907, -23.132671023999901, 0.0 ], [ -46.9191276029999, -23.132507522, 0.0 ], [ -46.918924774999901, -23.132780146999899, 0.0 ] ] ] } },
{ "type": "Feature", "properties": { }, "geometry": { "type": "Polygon", "coordinates": [ [ [ -46.9191276029999, -23.132507522, 0.0 ], [ -46.919384540999907, -23.132671023, 0.0 ], [ -46.919430750999901, -23.132503484, 0.0 ], [ -46.919227634, -23.132373069, 0.0 ], [ -46.9191276029999, -23.132507522, 0.0 ] ] ] } },
{ "type": "Feature", "properties": { }, "geometry": { "type": "Polygon", "coordinates": [ [ [ -46.919555966, -23.132345877, 0.0 ], [ -46.919335522, -23.1322214109999, 0.0 ], [ -46.919227634, -23.132373069, 0.0 ], [ -46.919428366, -23.132500805, 0.0 ], [ -46.919555966, -23.132345877, 0.0 ] ] ] } },
{ "type": "Feature", "properties": { }, "geometry": { "type": "Polygon", "coordinates": [ [ [ -46.919335522, -23.1322214109999, 0.0 ], [ -46.919555966, -23.132345877, 0.0 ], [ -46.919664586999907, -23.131982395, 0.0 ], [ -46.919539807, -23.131911941999899, 0.0 ], [ -46.919335522, -23.1322214109999, 0.0 ] ] ] } },
{ "type": "Feature", "properties": { }, "geometry": { "type": "Polygon", "coordinates": [ [ [ -46.920172674, -23.131250464999901, 0.0 ], [ -46.920101011, -23.131189374, 0.0 ], [ -46.920031659, -23.131260487999899, 0.0 ], [ -46.919790871, -23.131543295, 0.0 ], [ -46.919539807, -23.131911941999899, 0.0 ], [ -46.919664586999907, -23.131982395, 0.0 ], [ -46.91989361, -23.131604546999899, 0.0 ], [ -46.920172674, -23.131250464999901, 0.0 ] ] ] } },
{ "type": "Feature", "properties": { }, "geometry": { "type": "Polygon", "coordinates": [ [ [ -46.920101011, -23.131189374, 0.0 ], [ -46.920172674, -23.131250464999901, 0.0 ], [ -46.920377179, -23.131079455999899, 0.0 ], [ -46.920605964999893, -23.130919825, 0.0 ], [ -46.920528546, -23.130827064, 0.0 ], [ -46.92030063899989, -23.131004348, 0.0 ], [ -46.920101011, -23.131189374, 0.0 ] ] ] } },
{ "type": "Feature", "properties": { }, "geometry": { "type": "Polygon", "coordinates": [ [ [ -46.920528546, -23.130827064, 0.0 ], [ -46.920605964999893, -23.130919825, 0.0 ], [ -46.920928201, -23.130688403, 0.0 ], [ -46.920870382, -23.130604906, 0.0 ], [ -46.920528546, -23.130827064, 0.0 ] ] ] } },
{ "type": "Feature", "properties": { }, "geometry": { "type": "Polygon", "coordinates": [ [ [ -46.920870382, -23.130604906, 0.0 ], [ -46.920928201, -23.130688403, 0.0 ], [ -46.921065621, -23.1306020019999, 0.0 ], [ -46.921017494, -23.13052362, 0.0 ], [ -46.920870382, -23.130604906, 0.0 ] ] ] } },
{ "type": "Feature", "properties": { }, "geometry": { "type": "Polygon", "coordinates": [ [ [ -46.921017494, -23.13052362, 0.0 ], [ -46.921065621, -23.1306020019999, 0.0 ], [ -46.921348335999902, -23.130474765, 0.0 ], [ -46.921780237999897, -23.130314595, 0.0 ], [ -46.921732988, -23.130215649, 0.0 ], [ -46.921305688, -23.130385673, 0.0 ], [ -46.921017494, -23.13052362, 0.0 ] ] ] } },
{ "type": "Feature", "properties": { }, "geometry": { "type": "Polygon", "coordinates": [ [ [ -46.921732988, -23.130215649, 0.0 ], [ -46.921780239, -23.130314594999891, 0.0 ], [ -46.922459118999903, -23.130025475, 0.0 ], [ -46.922423309999907, -23.129941641, 0.0 ], [ -46.921732988, -23.130215649, 0.0 ] ] ] } },
{ "type": "Feature", "properties": { }, "geometry": { "type": "Polygon", "coordinates": [ [ [ -46.922800523, -23.129914422999899, 0.0 ], [ -46.922753862, -23.129815239, 0.0 ], [ -46.922423309999907, -23.129941641, 0.0 ], [ -46.922459118999903, -23.130025475, 0.0 ], [ -46.922800523, -23.129914422999899, 0.0 ] ] ] } },
{ "type": "Feature", "properties": { }, "geometry": { "type": "Polygon", "coordinates": [ [ [ -46.922753862, -23.129815239, 0.0 ], [ -46.922800523, -23.129914422999899, 0.0 ], [ -46.923176336, -23.129829356, 0.0 ], [ -46.923099575, -23.1296735, 0.0 ], [ -46.922753862, -23.129815239, 0.0 ] ] ] } },
{ "type": "Feature", "properties": { }, "geometry": { "type": "Polygon", "coordinates": [ [ [ -46.92363219300001, -23.129758631999898, 0.0 ], [ -46.923473687999902, -23.129499806, 0.0 ], [ -46.923099575, -23.1296735, 0.0 ], [ -46.923176337, -23.129829355999899, 0.0 ], [ -46.92363219300001, -23.129758631999898, 0.0 ] ] ] } },
{ "type": "Feature", "properties": { }, "geometry": { "type": "Polygon", "coordinates": [ [ [ -46.923473687999902, -23.129499806, 0.0 ], [ -46.92363219300001, -23.129758631999898, 0.0 ], [ -46.924017331999899, -23.129450076, 0.0 ], [ -46.923866873999899, -23.129261497999899, 0.0 ], [ -46.923473687999902, -23.129499806, 0.0 ] ] ] } },
{ "type": "Feature", "properties": { }, "geometry": { "type": "Polygon", "coordinates": [ [ [ -46.924193354, -23.129321708, 0.0 ], [ -46.9240361929999, -23.129137649, 0.0 ], [ -46.923866873999899, -23.129261497999899, 0.0 ], [ -46.924017331999899, -23.129450076, 0.0 ], [ -46.924193354, -23.129321708, 0.0 ] ] ] } },
{ "type": "Feature", "properties": { }, "geometry": { "type": "Polygon", "coordinates": [ [ [ -46.924200719999902, -23.129315892, 0.0 ], [ -46.924407578999897, -23.129028709999901, 0.0 ], [ -46.924289635, -23.128921089, 0.0 ], [ -46.9240361929999, -23.129137649, 0.0 ], [ -46.924200719999902, -23.129315892, 0.0 ] ] ] } },
{ "type": "Feature", "properties": { }, "geometry": { "type": "Polygon", "coordinates": [ [ [ -46.924990414, -23.128261242999901, 0.0 ], [ -46.924890408999893, -23.128205159999901, 0.0 ], [ -46.924630689, -23.1285591299999, 0.0 ], [ -46.924289635, -23.128921089, 0.0 ], [ -46.924407578999897, -23.129028709999901, 0.0 ], [ -46.924705913, -23.1286851579999, 0.0 ], [ -46.924990414, -23.128261242999901, 0.0 ] ] ] } },
{ "type": "Feature", "properties": { }, "geometry": { "type": "Polygon", "coordinates": [ [ [ -46.924890408999893, -23.128205159999901, 0.0 ], [ -46.924990414, -23.128261242999901, 0.0 ], [ -46.925115939, -23.128034780999901, 0.0 ], [ -46.925020837, -23.127989011999901, 0.0 ], [ -46.924890408999893, -23.128205159999901, 0.0 ] ] ] } },
{ "type": "Feature", "properties": { }, "geometry": { "type": "Polygon", "coordinates": [ [ [ -46.925020837, -23.127989011999901, 0.0 ], [ -46.925115939, -23.128034780999901, 0.0 ], [ -46.925416261999899, -23.127367046, 0.0 ], [ -46.925335388, -23.127335639, 0.0 ], [ -46.925020837, -23.127989011999901, 0.0 ] ] ] } },
{ "type": "Feature", "properties": { }, "geometry": { "type": "Polygon", "coordinates": [ [ [ -46.925335388, -23.127335639, 0.0 ], [ -46.925416261999899, -23.127367046, 0.0 ], [ -46.925783962, -23.126677082, 0.0 ], [ -46.925640285, -23.12662103, 0.0 ], [ -46.925335388, -23.127335639, 0.0 ] ] ] } },
{ "type": "Feature", "properties": { }, "geometry": { "type": "Polygon", "coordinates": [ [ [ -46.926181453, -23.1259062399999, 0.0 ], [ -46.926074081, -23.125844034999901, 0.0 ], [ -46.925825702999902, -23.126248252, 0.0 ], [ -46.925640285, -23.12662103, 0.0 ], [ -46.925783962, -23.126677082, 0.0 ], [ -46.925953991, -23.126305128999899, 0.0 ], [ -46.926181453, -23.1259062399999, 0.0 ] ] ] } },
{ "type": "Feature", "properties": { }, "geometry": { "type": "Polygon", "coordinates": [ [ [ -46.926074081, -23.125844034999901, 0.0 ], [ -46.926181453, -23.1259062399999, 0.0 ], [ -46.926357874, -23.125610572, 0.0 ], [ -46.926289352, -23.125559927, 0.0 ], [ -46.926074081, -23.125844034999901, 0.0 ] ] ] } },
{ "type": "Feature", "properties": { }, "geometry": { "type": "Polygon", "coordinates": [ [ [ -46.926557177999896, -23.125423444, 0.0 ], [ -46.926479400999902, -23.125355204, 0.0 ], [ -46.926289352, -23.125559927, 0.0 ], [ -46.926357874, -23.125610572, 0.0 ], [ -46.926557177999896, -23.125423444, 0.0 ] ] ] } },
{ "type": "Feature", "properties": { }, "geometry": { "type": "Polygon", "coordinates": [ [ [ -46.926479400999902, -23.125355204, 0.0 ], [ -46.926557177999896, -23.125423444, 0.0 ], [ -46.926784336, -23.125159803, 0.0 ], [ -46.926742127999901, -23.125116111999901, 0.0 ], [ -46.926479400999902, -23.125355204, 0.0 ] ] ] } },
{ "type": "Feature", "properties": { }, "geometry": { "type": "Polygon", "coordinates": [ [ [ -46.926742127999901, -23.125116111999901, 0.0 ], [ -46.926784336, -23.125159803, 0.0 ], [ -46.927084664999903, -23.124959192999899, 0.0 ], [ -46.927035965, -23.124897212999901, 0.0 ], [ -46.926742127999901, -23.125116111999901, 0.0 ] ] ] } },
{ "type": "Feature", "properties": { }, "geometry": { "type": "Polygon", "coordinates": [ [ [ -46.927035965, -23.124897212999901, 0.0 ], [ -46.927084664999903, -23.124959192999899, 0.0 ], [ -46.927449904, -23.124789027, 0.0 ], [ -46.927393110999986, -23.12469447, 0.0 ], [ -46.927035965, -23.124897212999901, 0.0 ] ] ] } },
{ "type": "Feature", "properties": { }, "geometry": { "type": "Polygon", "coordinates": [ [ [ -46.927393110999986, -23.12469447, 0.0 ], [ -46.927449904, -23.124789027, 0.0 ], [ -46.92772613599989, -23.124673215, 0.0 ], [ -46.927670756999888, -23.124562830999899, 0.0 ], [ -46.927393110999986, -23.12469447, 0.0 ] ] ] } },
{ "type": "Feature", "properties": { }, "geometry": { "type": "Polygon", "coordinates": [ [ [ -46.927670756999888, -23.124562830999899, 0.0 ], [ -46.92772613599989, -23.124673215, 0.0 ], [ -46.927903758999904, -23.124565086999901, 0.0 ], [ -46.927865994999891, -23.1244819899999, 0.0 ], [ -46.927670756999888, -23.124562830999899, 0.0 ] ] ] } },
{ "type": "Feature", "properties": { }, "geometry": { "type": "Polygon", "coordinates": [ [ [ -46.928094358, -23.124500876, 0.0 ], [ -46.928068106, -23.124418756999901, 0.0 ], [ -46.927865994999891, -23.1244819899999, 0.0 ], [ -46.927903758999904, -23.124565086999901, 0.0 ], [ -46.928094358, -23.124500876, 0.0 ] ] ] } },
{ "type": "Feature", "properties": { }, "geometry": { "type": "Polygon", "coordinates": [ [ [ -46.928068106, -23.124418756999901, 0.0 ], [ -46.928094358, -23.124500875, 0.0 ], [ -46.928324044, -23.124443459, 0.0 ], [ -46.928302496, -23.124360178, 0.0 ], [ -46.928068106, -23.124418756999901, 0.0 ] ] ] } },
{ "type": "Feature", "properties": { }, "geometry": { "type": "Polygon", "coordinates": [ [ [ -46.9285612689999, -23.124399362, 0.0 ], [ -46.928541931, -23.1243110149999, 0.0 ], [ -46.928302496, -23.124360178, 0.0 ], [ -46.928324045, -23.124443459, 0.0 ], [ -46.9285612689999, -23.124399362, 0.0 ] ] ] } },
{ "type": "Feature", "properties": { }, "geometry": { "type": "Polygon", "coordinates": [ [ [ -46.928541931, -23.1243110149999, 0.0 ], [ -46.9285612689999, -23.124399362, 0.0 ], [ -46.929259784, -23.124299354999899, 0.0 ], [ -46.929244345, -23.124210354, 0.0 ], [ -46.928541931, -23.1243110149999, 0.0 ] ] ] } },
{ "type": "Feature", "properties": { }, "geometry": { "type": "Polygon", "coordinates": [ [ [ -46.929244345, -23.124210354, 0.0 ], [ -46.929259784, -23.124299354999899, 0.0 ], [ -46.929480345999913, -23.124449207999898, 0.0 ], [ -46.92943402799991, -23.124182205999901, 0.0 ], [ -46.929244345, -23.124210354, 0.0 ] ] ] } },
{ "type": "Feature", "properties": { }, "geometry": { "type": "Polygon", "coordinates": [ [ [ -46.929873809999897, -23.124427338, 0.0 ], [ -46.929821316999899, -23.124124734999899, 0.0 ], [ -46.92943402799991, -23.124182205999901, 0.0 ], [ -46.929480345999913, -23.124449209, 0.0 ], [ -46.929873809999897, -23.124427338, 0.0 ] ] ] } },
{ "type": "Feature", "properties": { }, "geometry": { "type": "Polygon", "coordinates": [ [ [ -46.930005650999902, -23.124097843, 0.0 ], [ -46.930043649, -23.124329555, 0.0 ], [ -46.930497505999902, -23.124283005999899, 0.0 ], [ -46.930450042, -23.124034462999902, 0.0 ], [ -46.930005650999902, -23.124097843, 0.0 ] ] ] } },
{ "type": "Feature", "properties": { }, "geometry": { "type": "Polygon", "coordinates": [ [ [ -46.930916668999899, -23.12427345, 0.0 ], [ -46.93082334199989, -23.123955967, 0.0 ], [ -46.930450042, -23.124034462999902, 0.0 ], [ -46.930497505999902, -23.124283005999899, 0.0 ], [ -46.930916668999899, -23.12427345, 0.0 ] ] ] } },
{ "type": "Feature", "properties": { }, "geometry": { "type": "Polygon", "coordinates": [ [ [ -46.93082334199989, -23.123955967, 0.0 ], [ -46.930916668999899, -23.124273451, 0.0 ], [ -46.931111539, -23.124233412, 0.0 ], [ -46.930995192999902, -23.123908225, 0.0 ], [ -46.93082334199989, -23.123955967, 0.0 ] ] ] } },
{ "type": "Feature", "properties": { }, "geometry": { "type": "Polygon", "coordinates": [ [ [ -46.9316463, -23.124045332, 0.0 ], [ -46.931476658, -23.1237307449999, 0.0 ], [ -46.930995192999902, -23.123908225, 0.0 ], [ -46.93111154, -23.124233412, 0.0 ], [ -46.9316463, -23.124045332, 0.0 ] ] ] } },
{ "type": "Feature", "properties": { }, "geometry": { "type": "Polygon", "coordinates": [ [ [ -46.931734082999988, -23.1238648839999, 0.0 ], [ -46.931778481, -23.123773618, 0.0 ], [ -46.93168448, -23.123626062, 0.0 ], [ -46.931556338, -23.123692853, 0.0 ], [ -46.931734082999988, -23.1238648839999, 0.0 ] ] ] } },
{ "type": "Feature", "properties": { }, "geometry": { "type": "Polygon", "coordinates": [ [ [ -46.932431677999901, -23.123267095, 0.0 ], [ -46.932324643, -23.123168505, 0.0 ], [ -46.932028418, -23.123409156, 0.0 ], [ -46.93168448, -23.123626062, 0.0 ], [ -46.931778481, -23.123773618, 0.0 ], [ -46.932134553, -23.1235293, 0.0 ], [ -46.932431677999901, -23.123267095, 0.0 ] ] ] } },
{ "type": "Feature", "properties": { }, "geometry": { "type": "Polygon", "coordinates": [ [ [ -46.932324643, -23.123168505, 0.0 ], [ -46.932431677999901, -23.123267095, 0.0 ], [ -46.932564762000013, -23.123145016, 0.0 ], [ -46.9324489259999, -23.123048465, 0.0 ], [ -46.932324643, -23.123168505, 0.0 ] ] ] } },
{ "type": "Feature", "properties": { }, "geometry": { "type": "Polygon", "coordinates": [ [ [ -46.9324489259999, -23.123048465, 0.0 ], [ -46.932564762000013, -23.123145016, 0.0 ], [ -46.932778504999902, -23.122867842, 0.0 ], [ -46.932672574, -23.122795670999899, 0.0 ], [ -46.9324489259999, -23.123048465, 0.0 ] ] ] } },
{ "type": "Feature", "properties": { }, "geometry": { "type": "Polygon", "coordinates": [ [ [ -46.932672574, -23.122795670999899, 0.0 ], [ -46.932778504999902, -23.122867842, 0.0 ], [ -46.93293079099989, -23.1227344919999, 0.0 ], [ -46.932782937, -23.122647174, 0.0 ], [ -46.932672574, -23.122795670999899, 0.0 ] ] ] } },
{ "type": "Feature", "properties": { }, "geometry": { "type": "Polygon", "coordinates": [ [ [ -46.932782937, -23.122647174, 0.0 ], [ -46.93293079099989, -23.1227344919999, 0.0 ], [ -46.933163459999903, -23.122402891, 0.0 ], [ -46.932990761, -23.122319305999898, 0.0 ], [ -46.932782937, -23.122647174, 0.0 ] ] ] } },
{ "type": "Feature", "properties": { }, "geometry": { "type": "Polygon", "coordinates": [ [ [ -46.932990761, -23.122319305999898, 0.0 ], [ -46.933163459999903, -23.122402891, 0.0 ], [ -46.933300911, -23.122231357, 0.0 ], [ -46.933090364, -23.122137133, 0.0 ], [ -46.932990761, -23.122319305999898, 0.0 ] ] ] } },
{ "type": "Feature", "properties": { }, "geometry": { "type": "Polygon", "coordinates": [ [ [ -46.933380272, -23.122072773, 0.0 ], [ -46.9331666369999, -23.121984695, 0.0 ], [ -46.933090364, -23.122137133, 0.0 ], [ -46.933300911, -23.122231357, 0.0 ], [ -46.933380272, -23.122072773, 0.0 ] ] ] } },
{ "type": "Feature", "properties": { }, "geometry": { "type": "Polygon", "coordinates": [ [ [ -46.9331666369999, -23.121984695, 0.0 ], [ -46.933380272, -23.122072773, 0.0 ], [ -46.933445935999899, -23.121858573999901, 0.0 ], [ -46.933255314999897, -23.121789673, 0.0 ], [ -46.9331666369999, -23.121984695, 0.0 ] ] ] } },
{ "type": "Feature", "properties": { }, "geometry": { "type": "Polygon", "coordinates": [ [ [ -46.933304948999897, -23.121669742999899, 0.0 ], [ -46.933460179, -23.121723295, 0.0 ], [ -46.933560628999899, -23.121591907, 0.0 ], [ -46.933357511999901, -23.1215284099999, 0.0 ], [ -46.933304948999897, -23.121669742999899, 0.0 ] ] ] } },
{ "type": "Feature", "properties": { }, "geometry": { "type": "Polygon", "coordinates": [ [ [ -46.933357511999901, -23.1215284099999, 0.0 ], [ -46.933560628999899, -23.1215919059999, 0.0 ], [ -46.933662459, -23.121369547, 0.0 ], [ -46.933440876, -23.121300278, 0.0 ], [ -46.933357511999901, -23.1215284099999, 0.0 ] ] ] } },
{ "type": "Feature", "properties": { }, "geometry": { "type": "Polygon", "coordinates": [ [ [ -46.933440876, -23.121300278, 0.0 ], [ -46.933662459, -23.121369547, 0.0 ], [ -46.933695139, -23.120766569, 0.0 ], [ -46.933634820999899, -23.12074867, 0.0 ], [ -46.933440876, -23.121300278, 0.0 ] ] ] } },
{ "type": "Feature", "properties": { }, "geometry": { "type": "Polygon", "coordinates": [ [ [ -46.933634820999899, -23.12074867, 0.0 ], [ -46.933695139, -23.120766569, 0.0 ], [ -46.933764740999898, -23.12063548, 0.0 ], [ -46.933680689, -23.120612290999901, 0.0 ], [ -46.933634820999899, -23.12074867, 0.0 ] ] ] } },
{ "type": "Feature", "properties": { }, "geometry": { "type": "Polygon", "coordinates": [ [ [ -46.933680689, -23.120612290999901, 0.0 ], [ -46.933764740999898, -23.12063548, 0.0 ], [ -46.933953024999902, -23.120377563, 0.0 ], [ -46.933782907, -23.120322331999901, 0.0 ], [ -46.933680689, -23.120612290999901, 0.0 ] ] ] } },
{ "type": "Feature", "properties": { }, "geometry": { "type": "Polygon", "coordinates": [ [ [ -46.934216155999898, -23.119692663, 0.0 ], [ -46.934093291999908, -23.11963779, 0.0 ], [ -46.933917563, -23.119996999, 0.0 ], [ -46.933782907, -23.120322331999901, 0.0 ], [ -46.933953024999902, -23.120377563, 0.0 ], [ -46.934065871, -23.120051832999899, 0.0 ], [ -46.934216155999898, -23.119692663, 0.0 ] ] ] } },
{ "type": "Feature", "properties": { }, "geometry": { "type": "Polygon", "coordinates": [ [ [ -46.934093291999908, -23.11963779, 0.0 ], [ -46.934216155999898, -23.119692663, 0.0 ], [ -46.93439581, -23.119385846999901, 0.0 ], [ -46.934271935, -23.119322954, 0.0 ], [ -46.934093291999908, -23.11963779, 0.0 ] ] ] } },
{ "type": "Feature", "properties": { }, "geometry": { "type": "Polygon", "coordinates": [ [ [ -46.934587609999888, -23.119094312999898, 0.0 ], [ -46.9344640529999, -23.119022055, 0.0 ], [ -46.934271935, -23.119322954, 0.0 ], [ -46.93439581, -23.119385846999901, 0.0 ], [ -46.934587609999888, -23.119094312999898, 0.0 ] ] ] } },
{ "type": "Feature", "properties": { }, "geometry": { "type": "Polygon", "coordinates": [ [ [ -46.9344640529999, -23.119022055, 0.0 ], [ -46.934587609999888, -23.119094312, 0.0 ], [ -46.935005703, -23.118536624999901, 0.0 ], [ -46.935384346000014, -23.117959628999898, 0.0 ], [ -46.935224674, -23.1178821889999, 0.0 ], [ -46.934865484999897, -23.118459126999898, 0.0 ], [ -46.9344640529999, -23.119022055, 0.0 ] ] ] } },
{ "type": "Feature", "properties": { }, "geometry": { "type": "Polygon", "coordinates": [ [ [ -46.935224674, -23.1178821889999, 0.0 ], [ -46.935384346000014, -23.117959628999898, 0.0 ], [ -46.935559500999901, -23.117525669, 0.0 ], [ -46.935670664, -23.117043504, 0.0 ], [ -46.935560771, -23.117023158999899, 0.0 ], [ -46.935419902, -23.117481588, 0.0 ], [ -46.935224674, -23.1178821889999, 0.0 ] ] ] } },
{ "type": "Feature", "properties": { }, "geometry": { "type": "Polygon", "coordinates": [ [ [ -46.935729036999909, -23.116679814999902, 0.0 ], [ -46.935622613, -23.116667911, 0.0 ], [ -46.935560771, -23.117023158999899, 0.0 ], [ -46.935670664, -23.117043504, 0.0 ], [ -46.935729036999909, -23.116679814999902, 0.0 ] ] ] } },
{ "type": "Feature", "properties": { }, "geometry": { "type": "Polygon", "coordinates": [ [ [ -46.935622613, -23.116667911, 0.0 ], [ -46.935729036999909, -23.116679814999902, 0.0 ], [ -46.935736018999897, -23.116283035, 0.0 ], [ -46.93565813, -23.116279897, 0.0 ], [ -46.935622613, -23.116667911, 0.0 ] ] ] } },
{ "type": "Feature", "properties": { }, "geometry": { "type": "Polygon", "coordinates": [ [ [ -46.935756751, -23.115938137999901, 0.0 ], [ -46.935679265, -23.115929803, 0.0 ], [ -46.93565813, -23.116279897, 0.0 ], [ -46.935736018999897, -23.116283035, 0.0 ], [ -46.935756751, -23.115938137999901, 0.0 ] ] ] } },
{ "type": "Feature", "properties": { }, "geometry": { "type": "Polygon", "coordinates": [ [ [ -46.935756968, -23.115935690999901, 0.0 ], [ -46.935765837000012, -23.115718746, 0.0 ], [ -46.935697790999903, -23.115714277999899, 0.0 ], [ -46.935679265, -23.115929803, 0.0 ], [ -46.935756968, -23.115935690999901, 0.0 ] ] ] } },
{ "type": "Feature", "properties": { }, "geometry": { "type": "Polygon", "coordinates": [ [ [ -46.935697790999903, -23.115714277999899, 0.0 ], [ -46.935765837000012, -23.115718746, 0.0 ], [ -46.935824462, -23.115245122, 0.0 ], [ -46.935737412, -23.115235206, 0.0 ], [ -46.935697790999903, -23.115714277999899, 0.0 ] ] ] } },
{ "type": "Feature", "properties": { }, "geometry": { "type": "Polygon", "coordinates": [ [ [ -46.935889038, -23.114852552, 0.0 ], [ -46.935808349999903, -23.1148352189999, 0.0 ], [ -46.935737412, -23.115235206, 0.0 ], [ -46.935824462, -23.115245122, 0.0 ], [ -46.935889038, -23.114852552, 0.0 ] ] ] } },
{ "type": "Feature", "properties": { }, "geometry": { "type": "Polygon", "coordinates": [ [ [ -46.935808349999903, -23.1148352189999, 0.0 ], [ -46.935889038, -23.114852552, 0.0 ], [ -46.935965747, -23.114561723999898, 0.0 ], [ -46.935891269, -23.114540408, 0.0 ], [ -46.935808349999903, -23.1148352189999, 0.0 ] ] ] } },
{ "type": "Feature", "properties": { }, "geometry": { "type": "Polygon", "coordinates": [ [ [ -46.936127472, -23.114311313, 0.0 ], [ -46.935998518, -23.114251049999901, 0.0 ], [ -46.935891269, -23.114540408, 0.0 ], [ -46.935965747, -23.114561723999898, 0.0 ], [ -46.936127472, -23.114311313, 0.0 ] ] ] } },
{ "type": "Feature", "properties": { }, "geometry": { "type": "Polygon", "coordinates": [ [ [ -46.935998518, -23.114251049999901, 0.0 ], [ -46.936132949, -23.114304155, 0.0 ], [ -46.93619265400001, -23.114091411999901, 0.0 ], [ -46.936095807999898, -23.114048903, 0.0 ], [ -46.935998518, -23.114251049999901, 0.0 ] ] ] } },
{ "type": "Feature", "properties": { }, "geometry": { "type": "Polygon", "coordinates": [ [ [ -46.936095807999898, -23.114048903, 0.0 ], [ -46.93619265400001, -23.114091411999901, 0.0 ], [ -46.936393462999902, -23.1138150529999, 0.0 ], [ -46.93627836, -23.113747300999901, 0.0 ], [ -46.936095807999898, -23.114048903, 0.0 ] ] ] } },
{ "type": "Feature", "properties": { }, "geometry": { "type": "Polygon", "coordinates": [ [ [ -46.93627836, -23.113747300999901, 0.0 ], [ -46.936393462999902, -23.1138150529999, 0.0 ], [ -46.936653358999898, -23.1135685849999, 0.0 ], [ -46.936498016, -23.113459707, 0.0 ], [ -46.93627836, -23.113747300999901, 0.0 ] ] ] } },
{ "type": "Feature", "properties": { }, "geometry": { "type": "Polygon", "coordinates": [ [ [ -46.936796541, -23.113380499999899, 0.0 ], [ -46.936661514, -23.113276931, 0.0 ], [ -46.936498016, -23.113459707, 0.0 ], [ -46.936653358999898, -23.1135685849999, 0.0 ], [ -46.936796541, -23.113380499999899, 0.0 ] ] ] } },
{ "type": "Feature", "properties": { }, "geometry": { "type": "Polygon", "coordinates": [ [ [ -46.936661514, -23.113276931, 0.0 ], [ -46.936796541, -23.113380499999899, 0.0 ], [ -46.936960128, -23.113115319, 0.0 ], [ -46.936891022999909, -23.113051762999898, 0.0 ], [ -46.936661514, -23.113276931, 0.0 ] ] ] } },
{ "type": "Feature", "properties": { }, "geometry": { "type": "Polygon", "coordinates": [ [ [ -46.937076341, -23.112978036, 0.0 ], [ -46.93703067, -23.1129311669999, 0.0 ], [ -46.936891022999909, -23.113051762999898, 0.0 ], [ -46.936960128, -23.113115319, 0.0 ], [ -46.937076341, -23.112978036, 0.0 ] ] ] } },
{ "type": "Feature", "properties": { }, "geometry": { "type": "Polygon", "coordinates": [ [ [ -46.93703067, -23.1129311669999, 0.0 ], [ -46.937076341, -23.112978036, 0.0 ], [ -46.937196416999903, -23.112880963999899, 0.0 ], [ -46.937152278, -23.112832855999901, 0.0 ], [ -46.93703067, -23.1129311669999, 0.0 ] ] ] } },
{ "type": "Feature", "properties": { }, "geometry": { "type": "Polygon", "coordinates": [ [ [ -46.938496439047242, -23.11212806877111, 0.0 ], [ -46.938323818, -23.111934843, 0.0 ], [ -46.937152278, -23.112832855999901, 0.0 ], [ -46.937196416999903, -23.112880963999899, 0.0 ], [ -46.938496439047242, -23.11212806877111, 0.0 ] ] ] } },
{ "type": "Feature", "properties": { }, "geometry": { "type": "Polygon", "coordinates": [ [ [ -46.93951057, -23.111427369999902, 0.0 ], [ -46.939299493, -23.111191133, 0.0 ], [ -46.939022204, -23.111402668, 0.0 ], [ -46.939232957999913, -23.111639152, 0.0 ], [ -46.93951057, -23.111427369999902, 0.0 ] ] ] } },
{ "type": "Feature", "properties": { }, "geometry": { "type": "Polygon", "coordinates": [ [ [ -46.939299493, -23.111191133, 0.0 ], [ -46.939510571, -23.111427369999902, 0.0 ], [ -46.939915713999902, -23.111082562, 0.0 ], [ -46.939723261, -23.110867169999899, 0.0 ], [ -46.939299493, -23.111191133, 0.0 ] ] ] } },
{ "type": "Feature", "properties": { }, "geometry": { "type": "Polygon", "coordinates": [ [ [ -46.939723261, -23.110867169999899, 0.0 ], [ -46.939915713999902, -23.111082562, 0.0 ], [ -46.940347769, -23.110759447, 0.0 ], [ -46.94015301, -23.110539973, 0.0 ], [ -46.939723261, -23.110867169999899, 0.0 ] ] ] } },
{ "type": "Feature", "properties": { }, "geometry": { "type": "Polygon", "coordinates": [ [ [ -46.94015301, -23.110539973, 0.0 ], [ -46.940347769, -23.110759447, 0.0 ], [ -46.940719811999898, -23.110548682999909, 0.0 ], [ -46.940449704999899, -23.110301373, 0.0 ], [ -46.94015301, -23.110539973, 0.0 ] ] ] } },
{ "type": "Feature", "properties": { }, "geometry": { "type": "Polygon", "coordinates": [ [ [ -46.941032169, -23.110321585, 0.0 ], [ -46.940711887, -23.110051155999901, 0.0 ], [ -46.940449704999899, -23.110301373, 0.0 ], [ -46.940719812999902, -23.110548682, 0.0 ], [ -46.941032169, -23.110321585, 0.0 ] ] ] } },
{ "type": "Feature", "properties": { }, "geometry": { "type": "Polygon", "coordinates": [ [ [ -46.940711887, -23.110051155999901, 0.0 ], [ -46.941032169, -23.110321585, 0.0 ], [ -46.941370128, -23.1099687399999, 0.0 ], [ -46.941005327, -23.109720097, 0.0 ], [ -46.940711887, -23.110051155999901, 0.0 ] ] ] } },
{ "type": "Feature", "properties": { }, "geometry": { "type": "Polygon", "coordinates": [ [ [ -46.941608503999902, -23.1095643099999, 0.0 ], [ -46.94124343, -23.109374046, 0.0 ], [ -46.941005327, -23.109720097, 0.0 ], [ -46.941370128, -23.1099687399999, 0.0 ], [ -46.941608503999902, -23.1095643099999, 0.0 ] ] ] } },
{ "type": "Feature", "properties": { }, "geometry": { "type": "Polygon", "coordinates": [ [ [ -46.941613429, -23.109496544, 0.0 ], [ -46.941592234999987, -23.109234351999898, 0.0 ], [ -46.941372455, -23.109137124, 0.0 ], [ -46.941298839999902, -23.109279446, 0.0 ], [ -46.941613429, -23.109496544, 0.0 ] ] ] } },
{ "type": "Feature", "properties": { }, "geometry": { "type": "Polygon", "coordinates": [ [ [ -46.941372455, -23.109137124, 0.0 ], [ -46.941592234999987, -23.109234351999898, 0.0 ], [ -46.941619564, -23.108850144, 0.0 ], [ -46.941519338, -23.10881498, 0.0 ], [ -46.941372455, -23.109137124, 0.0 ] ] ] } },
{ "type": "Feature", "properties": { }, "geometry": { "type": "Polygon", "coordinates": [ [ [ -46.941672345, -23.108656761, 0.0 ], [ -46.941583767999909, -23.108631862, 0.0 ], [ -46.941519338, -23.10881498, 0.0 ], [ -46.941619564, -23.108850144, 0.0 ], [ -46.941672345, -23.108656761, 0.0 ] ] ] } },
{ "type": "Feature", "properties": { }, "geometry": { "type": "Polygon", "coordinates": [ [ [ -46.941583767999909, -23.108631862, 0.0 ], [ -46.941672345, -23.108656761, 0.0 ], [ -46.941808121, -23.108510470999899, 0.0 ], [ -46.941634017, -23.108467197, 0.0 ], [ -46.941583767999909, -23.108631862, 0.0 ] ] ] } },
{ "type": "Feature", "properties": { }, "geometry": { "type": "Polygon", "coordinates": [ [ [ -46.941808121999891, -23.108510470999899, 0.0 ], [ -46.9417895, -23.108299234, 0.0 ], [ -46.941679764999897, -23.108278202999909, 0.0 ], [ -46.941634017, -23.108467197, 0.0 ], [ -46.941808121999891, -23.108510470999899, 0.0 ] ] ] } },
{ "type": "Feature", "properties": { }, "geometry": { "type": "Polygon", "coordinates": [ [ [ -46.941800418, -23.108137027999899, 0.0 ], [ -46.941708975, -23.108123668999902, 0.0 ], [ -46.941679764999897, -23.108278202999909, 0.0 ], [ -46.9417895, -23.108299234, 0.0 ], [ -46.941800418, -23.108137027999899, 0.0 ] ] ] } },
{ "type": "Feature", "properties": { }, "geometry": { "type": "Polygon", "coordinates": [ [ [ -46.941708975, -23.108123668999902, 0.0 ], [ -46.941800418, -23.108137027999899, 0.0 ], [ -46.941860942999902, -23.10791884, 0.0 ], [ -46.941734798, -23.107908053, 0.0 ], [ -46.941708975, -23.108123668999902, 0.0 ] ] ] } },
{ "type": "Feature", "properties": { }, "geometry": { "type": "Polygon", "coordinates": [ [ [ -46.941837471, -23.107761180999901, 0.0 ], [ -46.9417450669999, -23.1077559739999, 0.0 ], [ -46.941734798, -23.107908053, 0.0 ], [ -46.941860942999902, -23.10791884, 0.0 ], [ -46.941837471, -23.107761180999901, 0.0 ] ] ] } },
{ "type": "Feature", "properties": { }, "geometry": { "type": "Polygon", "coordinates": [ [ [ -46.9417450669999, -23.1077559739999, 0.0 ], [ -46.941837471, -23.107761180999901, 0.0 ], [ -46.941835488, -23.107398187999902, 0.0 ], [ -46.941800276, -23.107057605, 0.0 ], [ -46.941703708, -23.107069688, 0.0 ], [ -46.94174083, -23.1074064969999, 0.0 ], [ -46.9417450669999, -23.1077559739999, 0.0 ] ] ] } },
{ "type": "Feature", "properties": { }, "geometry": { "type": "Polygon", "coordinates": [ [ [ -46.941800276, -23.107057605, 0.0 ], [ -46.941764111999902, -23.106720930999899, 0.0 ], [ -46.941640004, -23.106744427, 0.0 ], [ -46.941703708, -23.107069688, 0.0 ], [ -46.941800276, -23.107057605, 0.0 ] ] ] } },
{ "type": "Feature", "properties": { }, "geometry": { "type": "Polygon", "coordinates": [ [ [ -46.941764111999902, -23.106720929999899, 0.0 ], [ -46.941665595, -23.106455485, 0.0 ], [ -46.941579673, -23.106471751999901, 0.0 ], [ -46.941640004, -23.106744427, 0.0 ], [ -46.941764111999902, -23.106720929999899, 0.0 ] ] ] } },
{ "type": "Feature", "properties": { }, "geometry": { "type": "Polygon", "coordinates": [ [ [ -46.941579673, -23.106471751999901, 0.0 ], [ -46.941665595, -23.106455485, 0.0 ], [ -46.941554707, -23.1058828769999, 0.0 ], [ -46.941454463999897, -23.10590185, 0.0 ], [ -46.941579673, -23.106471751999901, 0.0 ] ] ] } },
{ "type": "Feature", "properties": { }, "geometry": { "type": "Polygon", "coordinates": [ [ [ -46.941486628, -23.105421899, 0.0 ], [ -46.94135312600001, -23.1054478799999, 0.0 ], [ -46.941454463999897, -23.10590185, 0.0 ], [ -46.941554707, -23.1058828769999, 0.0 ], [ -46.941486628, -23.105421899, 0.0 ] ] ] } },
{ "type": "Feature", "properties": { }, "geometry": { "type": "Polygon", "coordinates": [ [ [ -46.941455114, -23.104951744999902, 0.0 ], [ -46.941284881999898, -23.104961068, 0.0 ], [ -46.94135312600001, -23.1054478799999, 0.0 ], [ -46.941486628, -23.105421899, 0.0 ], [ -46.941455114, -23.104951744999902, 0.0 ] ] ] } },
{ "type": "Feature", "properties": { }, "geometry": { "type": "Polygon", "coordinates": [ [ [ -46.941284881999898, -23.104961068, 0.0 ], [ -46.941455114, -23.104951744999902, 0.0 ], [ -46.941449287999902, -23.104616649, 0.0 ], [ -46.941476585, -23.1042353089999, 0.0 ], [ -46.941291841, -23.104224030999902, 0.0 ], [ -46.941271951, -23.104615325999902, 0.0 ], [ -46.941284881999898, -23.104961068, 0.0 ] ] ] } },
{ "type": "Feature", "properties": { }, "geometry": { "type": "Polygon", "coordinates": [ [ [ -46.941526463999899, -23.104061520999899, 0.0 ], [ -46.941313346, -23.104040039, 0.0 ], [ -46.941291841, -23.104224030999902, 0.0 ], [ -46.941481446999902, -23.104235606, 0.0 ], [ -46.941526463999899, -23.104061520999899, 0.0 ] ] ] } },
{ "type": "Feature", "properties": { }, "geometry": { "type": "Polygon", "coordinates": [ [ [ -46.941313346, -23.104040039, 0.0 ], [ -46.941526463999899, -23.104061520999899, 0.0 ], [ -46.941539409, -23.103882739, 0.0 ], [ -46.941342487, -23.1038558129999, 0.0 ], [ -46.941313346, -23.104040039, 0.0 ] ] ] } },
{ "type": "Feature", "properties": { }, "geometry": { "type": "Polygon", "coordinates": [ [ [ -46.941342487, -23.1038558129999, 0.0 ], [ -46.941539409, -23.103882739, 0.0 ], [ -46.941678883, -23.103563234, 0.0 ], [ -46.941425033, -23.103499262, 0.0 ], [ -46.941342487, -23.1038558129999, 0.0 ] ] ] } },
{ "type": "Feature", "properties": { }, "geometry": { "type": "Polygon", "coordinates": [ [ [ -46.941425033, -23.103499262, 0.0 ], [ -46.941678883, -23.103563234, 0.0 ], [ -46.941766265999902, -23.103325947, 0.0 ], [ -46.941509102999902, -23.103241610999898, 0.0 ], [ -46.941425033, -23.103499262, 0.0 ] ] ] } },
{ "type": "Feature", "properties": { }, "geometry": { "type": "Polygon", "coordinates": [ [ [ -46.941509102999902, -23.103241610999898, 0.0 ], [ -46.941766265999902, -23.103325947, 0.0 ], [ -46.941953076999887, -23.103056635, 0.0 ], [ -46.941638444000013, -23.102934875, 0.0 ], [ -46.941509102999902, -23.103241610999898, 0.0 ] ] ] } },
{ "type": "Feature", "properties": { }, "geometry": { "type": "Polygon", "coordinates": [ [ [ -46.941953076999887, -23.103056635, 0.0 ], [ -46.94165247, -23.102906226, 0.0 ], [ -46.941638444000013, -23.102934875, 0.0 ], [ -46.941953076999887, -23.103056635, 0.0 ] ] ] } },
{ "type": "Feature", "properties": { }, "geometry": { "type": "Polygon", "coordinates": [ [ [ -46.94241004299991, -23.1021418619999, 0.0 ], [ -46.942225476, -23.102010116, 0.0 ], [ -46.941909133, -23.1024439, 0.0 ], [ -46.94165247, -23.102906226, 0.0 ], [ -46.9417941849999, -23.1029663539999, 0.0 ], [ -46.942074867, -23.1025377519999, 0.0 ], [ -46.94241004299991, -23.1021418619999, 0.0 ] ] ] } },
{ "type": "Feature", "properties": { }, "geometry": { "type": "Polygon", "coordinates": [ [ [ -46.942225476, -23.102010116, 0.0 ], [ -46.942360482000012, -23.102106485, 0.0 ], [ -46.94259679, -23.101799872999901, 0.0 ], [ -46.942486929, -23.101710687, 0.0 ], [ -46.942225476, -23.102010116, 0.0 ] ] ] } },
{ "type": "Feature", "properties": { }, "geometry": { "type": "Polygon", "coordinates": [ [ [ -46.942854834999899, -23.101495181, 0.0 ], [ -46.942781845, -23.101422566999901, 0.0 ], [ -46.942486929, -23.101710687, 0.0 ], [ -46.94259679, -23.101799872999901, 0.0 ], [ -46.942854834999899, -23.101495181, 0.0 ] ] ] } },
{ "type": "Feature", "properties": { }, "geometry": { "type": "Polygon", "coordinates": [ [ [ -46.942781845, -23.101422566999901, 0.0 ], [ -46.942854834999899, -23.101495181, 0.0 ], [ -46.943351451, -23.1010944229999, 0.0 ], [ -46.943282834999899, -23.1010182479999, 0.0 ], [ -46.942781845, -23.101422566999901, 0.0 ] ] ] } },
{ "type": "Feature", "properties": { }, "geometry": { "type": "Polygon", "coordinates": [ [ [ -46.944496097999902, -23.100201587, 0.0 ], [ -46.944453635999899, -23.100152206, 0.0 ], [ -46.943282834999899, -23.1010182479999, 0.0 ], [ -46.943351451, -23.1010944229999, 0.0 ], [ -46.944496097999902, -23.100201587, 0.0 ] ] ] } },
{ "type": "Feature", "properties": { }, "geometry": { "type": "Polygon", "coordinates": [ [ [ -46.944453635999899, -23.100152206, 0.0 ], [ -46.944496098999899, -23.100201587, 0.0 ], [ -46.945005653, -23.099884674, 0.0 ], [ -46.9449329239999, -23.0997999749999, 0.0 ], [ -46.944453635999899, -23.100152206, 0.0 ] ] ] } },
{ "type": "Feature", "properties": { }, "geometry": { "type": "Polygon", "coordinates": [ [ [ -46.9449329239999, -23.0997999749999, 0.0 ], [ -46.945005653, -23.099884674, 0.0 ], [ -46.945294587, -23.099679992999899, 0.0 ], [ -46.945213656, -23.099589844, 0.0 ], [ -46.9449329239999, -23.0997999749999, 0.0 ] ] ] } },
{ "type": "Feature", "properties": { }, "geometry": { "type": "Polygon", "coordinates": [ [ [ -46.945213656, -23.099589844, 0.0 ], [ -46.945294587, -23.099679992999899, 0.0 ], [ -46.945476491, -23.099497866, 0.0 ], [ -46.9454113849999, -23.099430798, 0.0 ], [ -46.945213656, -23.099589844, 0.0 ] ] ] } },
{ "type": "Feature", "properties": { }, "geometry": { "type": "Polygon", "coordinates": [ [ [ -46.9454113849999, -23.099430798, 0.0 ], [ -46.945502533, -23.099524693, 0.0 ], [ -46.945697781, -23.099340738, 0.0 ], [ -46.945607535, -23.099258504, 0.0 ], [ -46.9454113849999, -23.099430798, 0.0 ] ] ] } },
{ "type": "Feature", "properties": { }, "geometry": { "type": "Polygon", "coordinates": [ [ [ -46.945607535, -23.099258504, 0.0 ], [ -46.945697781, -23.099340738, 0.0 ], [ -46.945961661, -23.099062791999899, 0.0 ], [ -46.945871341, -23.098994092999899, 0.0 ], [ -46.945607535, -23.099258504, 0.0 ] ] ] } },
{ "type": "Feature", "properties": { }, "geometry": { "type": "Polygon", "coordinates": [ [ [ -46.946327816, -23.0985941379999, 0.0 ], [ -46.946242906999913, -23.098541331, 0.0 ], [ -46.945871341, -23.098994092999899, 0.0 ], [ -46.945961661, -23.099062791999899, 0.0 ], [ -46.946327816, -23.0985941379999, 0.0 ] ] ] } },
{ "type": "Feature", "properties": { }, "geometry": { "type": "Polygon", "coordinates": [ [ [ -46.946242906999913, -23.098541331, 0.0 ], [ -46.946327816, -23.0985941379999, 0.0 ], [ -46.94648362800001, -23.098378989, 0.0 ], [ -46.946667644999891, -23.098082458, 0.0 ], [ -46.946568499, -23.098034149999901, 0.0 ], [ -46.946389396, -23.098333011, 0.0 ], [ -46.946242906999913, -23.098541331, 0.0 ] ] ] } },
{ "type": "Feature", "properties": { }, "geometry": { "type": "Polygon", "coordinates": [ [ [ -46.946819991, -23.097795893999901, 0.0 ], [ -46.946712514999902, -23.097753284, 0.0 ], [ -46.946568499, -23.098034149999901, 0.0 ], [ -46.946667644999891, -23.098082458, 0.0 ], [ -46.946819991, -23.097795893999901, 0.0 ] ] ] } },
{ "type": "Feature", "properties": { }, "geometry": { "type": "Polygon", "coordinates": [ [ [ -46.946712514999902, -23.097753284, 0.0 ], [ -46.946819991, -23.097795893999901, 0.0 ], [ -46.946991077999897, -23.097394173999898, 0.0 ], [ -46.947134825, -23.096926800999899, 0.0 ], [ -46.947021373, -23.0969006189999, 0.0 ], [ -46.946879521, -23.097361763, 0.0 ], [ -46.946712514999902, -23.097753284, 0.0 ] ] ] } },
{ "type": "Feature", "properties": { }, "geometry": { "type": "Polygon", "coordinates": [ [ [ -46.947021373, -23.0969006189999, 0.0 ], [ -46.947134825, -23.096926800999899, 0.0 ], [ -46.947214433999903, -23.096595505, 0.0 ], [ -46.947277522, -23.096225891, 0.0 ], [ -46.947151919, -23.096210697999901, 0.0 ], [ -46.947095412, -23.096572603, 0.0 ], [ -46.947021373, -23.0969006189999, 0.0 ] ] ] } },
{ "type": "Feature", "properties": { }, "geometry": { "type": "Polygon", "coordinates": [ [ [ -46.947310163999902, -23.096021686, 0.0 ], [ -46.94717437, -23.0960096499999, 0.0 ], [ -46.947151919, -23.096210697999901, 0.0 ], [ -46.947277522, -23.09622589, 0.0 ], [ -46.947310163999902, -23.096021686, 0.0 ] ] ] } },
{ "type": "Feature", "properties": { }, "geometry": { "type": "Polygon", "coordinates": [ [ [ -46.94717437, -23.0960096499999, 0.0 ], [ -46.947310163999902, -23.096021686, 0.0 ], [ -46.947342665, -23.0955968449999, 0.0 ], [ -46.947201493, -23.095591563, 0.0 ], [ -46.94717437, -23.0960096499999, 0.0 ] ] ] } },
{ "type": "Feature", "properties": { }, "geometry": { "type": "Polygon", "coordinates": [ [ [ -46.947201493, -23.095591563, 0.0 ], [ -46.947342665, -23.0955968449999, 0.0 ], [ -46.947348824, -23.095044456, 0.0 ], [ -46.947217549999898, -23.0950366769999, 0.0 ], [ -46.947201493, -23.095591563, 0.0 ] ] ] } },
{ "type": "Feature", "properties": { }, "geometry": { "type": "Polygon", "coordinates": [ [ [ -46.947396298, -23.094868799, 0.0 ], [ -46.947231138999904, -23.094857051, 0.0 ], [ -46.947217549999898, -23.0950366769999, 0.0 ], [ -46.947348824, -23.095044456, 0.0 ], [ -46.947396298, -23.094868799, 0.0 ] ] ] } },
{ "type": "Feature", "properties": { }, "geometry": { "type": "Polygon", "coordinates": [ [ [ -46.947231138999904, -23.094857051, 0.0 ], [ -46.947396298, -23.094868799, 0.0 ], [ -46.947402753999903, -23.094742894, 0.0 ], [ -46.947242921999901, -23.094726814, 0.0 ], [ -46.947231138999904, -23.094857051, 0.0 ] ] ] } },
{ "type": "Feature", "properties": { }, "geometry": { "type": "Polygon", "coordinates": [ [ [ -46.947438948000013, -23.094428739999898, 0.0 ], [ -46.947285071, -23.094405571, 0.0 ], [ -46.947242921999901, -23.094726814, 0.0 ], [ -46.947402753999903, -23.094742894, 0.0 ], [ -46.947438948000013, -23.094428739999898, 0.0 ] ] ] } },
{ "type": "Feature", "properties": { }, "geometry": { "type": "Polygon", "coordinates": [ [ [ -46.947285071, -23.094405571, 0.0 ], [ -46.947438948000013, -23.094428739999898, 0.0 ], [ -46.947560419999903, -23.093841312999899, 0.0 ], [ -46.947418843, -23.093807728999899, 0.0 ], [ -46.947285071, -23.094405571, 0.0 ] ] ] } },
{ "type": "Feature", "properties": { }, "geometry": { "type": "Polygon", "coordinates": [ [ [ -46.947659229999907, -23.093526793, 0.0 ], [ -46.947528306, -23.0934633869999, 0.0 ], [ -46.947418843, -23.093807728999899, 0.0 ], [ -46.947560419999903, -23.093841312999899, 0.0 ], [ -46.947659229999907, -23.093526793, 0.0 ] ] ] } },
{ "type": "Feature", "properties": { }, "geometry": { "type": "Polygon", "coordinates": [ [ [ -46.9475882139999, -23.093302281, 0.0 ], [ -46.947726422, -23.093346263999901, 0.0 ], [ -46.947862863, -23.093049665, 0.0 ], [ -46.947719236, -23.092993572999902, 0.0 ], [ -46.9475882139999, -23.093302281, 0.0 ] ] ] } },
{ "type": "Feature", "properties": { }, "geometry": { "type": "Polygon", "coordinates": [ [ [ -46.947719236, -23.092993572999902, 0.0 ], [ -46.947862863, -23.093049665, 0.0 ], [ -46.948032333, -23.092733853, 0.0 ], [ -46.947894741, -23.092666038999901, 0.0 ], [ -46.947719236, -23.092993572999902, 0.0 ] ] ] } },
{ "type": "Feature", "properties": { }, "geometry": { "type": "Polygon", "coordinates": [ [ [ -46.947894741, -23.092666038999901, 0.0 ], [ -46.948032333, -23.092733853, 0.0 ], [ -46.948456958, -23.092130062, 0.0 ], [ -46.948311281, -23.092039708, 0.0 ], [ -46.947894741, -23.092666038999901, 0.0 ] ] ] } },
{ "type": "Feature", "properties": { }, "geometry": { "type": "Polygon", "coordinates": [ [ [ -46.94878936, -23.091583006999901, 0.0 ], [ -46.948681512999897, -23.091521545, 0.0 ], [ -46.948311281, -23.092039708, 0.0 ], [ -46.948456958, -23.092130062, 0.0 ], [ -46.94878936, -23.091583006999901, 0.0 ] ] ] } },
{ "type": "Feature", "properties": { }, "geometry": { "type": "Polygon", "coordinates": [ [ [ -46.948681512999897, -23.091521545, 0.0 ], [ -46.94878936, -23.091583006999901, 0.0 ], [ -46.948893588999987, -23.091360542, 0.0 ], [ -46.948808245, -23.091317048999901, 0.0 ], [ -46.948681512999897, -23.091521545, 0.0 ] ] ] } },
{ "type": "Feature", "properties": { }, "geometry": { "type": "Polygon", "coordinates": [ [ [ -46.949139987, -23.090914444, 0.0 ], [ -46.949036403, -23.09087491, 0.0 ], [ -46.948808245, -23.091317048999901, 0.0 ], [ -46.948893588999987, -23.091360542, 0.0 ], [ -46.949139987, -23.090914444, 0.0 ] ] ] } },
{ "type": "Feature", "properties": { }, "geometry": { "type": "Polygon", "coordinates": [ [ [ -46.949036403, -23.09087491, 0.0 ], [ -46.949139987, -23.090914444, 0.0 ], [ -46.949228964, -23.090582054, 0.0 ], [ -46.949164391, -23.090561738, 0.0 ], [ -46.949036403, -23.09087491, 0.0 ] ] ] } },
{ "type": "Feature", "properties": { }, "geometry": { "type": "Polygon", "coordinates": [ [ [ -46.949164391, -23.090561738, 0.0 ], [ -46.949228964, -23.090582054, 0.0 ], [ -46.949425275999907, -23.090070176, 0.0 ], [ -46.949320653, -23.090048649, 0.0 ], [ -46.949164391, -23.090561738, 0.0 ] ] ] } },
{ "type": "Feature", "properties": { }, "geometry": { "type": "Polygon", "coordinates": [ [ [ -46.949320653, -23.090048649, 0.0 ], [ -46.949425275999907, -23.090070176, 0.0 ], [ -46.949579547, -23.089678332, 0.0 ], [ -46.949401435, -23.089652692999898, 0.0 ], [ -46.949320653, -23.090048649, 0.0 ] ] ] } },
{ "type": "Feature", "properties": { }, "geometry": { "type": "Polygon", "coordinates": [ [ [ -46.949643238, -23.088730687999899, 0.0 ], [ -46.949467898, -23.088734278999901, 0.0 ], [ -46.949455701, -23.0891906999999, 0.0 ], [ -46.949401435, -23.089652692999898, 0.0 ], [ -46.949579547, -23.089678332, 0.0 ], [ -46.949633465, -23.089196358, 0.0 ], [ -46.949643238, -23.088730687999899, 0.0 ] ] ] } },
{ "type": "Feature", "properties": { }, "geometry": { "type": "Polygon", "coordinates": [ [ [ -46.949467898, -23.088734278999901, 0.0 ], [ -46.949643238, -23.088730687999899, 0.0 ], [ -46.949630019, -23.088287331999901, 0.0 ], [ -46.949591697999892, -23.087923404, 0.0 ], [ -46.949392812, -23.087940477999901, 0.0 ], [ -46.94944213, -23.088301779, 0.0 ], [ -46.949467898, -23.088734278999901, 0.0 ] ] ] } },
{ "type": "Feature", "properties": { }, "geometry": { "type": "Polygon", "coordinates": [ [ [ -46.949591697999892, -23.087923404, 0.0 ], [ -46.949390052999902, -23.086051045, 0.0 ], [ -46.949205681, -23.086066457999902, 0.0 ], [ -46.949392812, -23.087940477999901, 0.0 ], [ -46.949591697999892, -23.087923404, 0.0 ] ] ] } },
{ "type": "Feature", "properties": { }, "geometry": { "type": "Polygon", "coordinates": [ [ [ -46.949390052999902, -23.086051045, 0.0 ], [ -46.949203538999903, -23.084528294999899, 0.0 ], [ -46.949048838, -23.084541897999902, 0.0 ], [ -46.949205681, -23.086066457999902, 0.0 ], [ -46.949390052999902, -23.086051045, 0.0 ] ] ] } },
{ "type": "Feature", "properties": { }, "geometry": { "type": "Polygon", "coordinates": [ [ [ -46.949063338, -23.083734684, 0.0 ], [ -46.94895229, -23.083743006, 0.0 ], [ -46.949048838, -23.084541897999902, 0.0 ], [ -46.949159988, -23.084532124, 0.0 ], [ -46.949063338, -23.083734684, 0.0 ] ] ] } },
{ "type": "Feature", "properties": { }, "geometry": { "type": "Polygon", "coordinates": [ [ [ -46.949053281, -23.083294886, 0.0 ], [ -46.948824373, -23.081193358999901, 0.0 ], [ -46.948688660999899, -23.081206028999901, 0.0 ], [ -46.94890785, -23.083308251999899, 0.0 ], [ -46.949053281, -23.083294886, 0.0 ] ] ] } },
{ "type": "Feature", "properties": { }, "geometry": { "type": "Polygon", "coordinates": [ [ [ -46.948824373, -23.081193358999901, 0.0 ], [ -46.948691225999902, -23.079829663999899, 0.0 ], [ -46.948545791999898, -23.079842966999902, 0.0 ], [ -46.948688660999899, -23.081206028999901, 0.0 ], [ -46.948824373, -23.081193358999901, 0.0 ] ] ] } },
{ "type": "Feature", "properties": { }, "geometry": { "type": "Polygon", "coordinates": [ [ [ -46.948691225999902, -23.079829663999899, 0.0 ], [ -46.948578286, -23.078679512999901, 0.0 ], [ -46.94842312, -23.078693343999898, 0.0 ], [ -46.948545791999898, -23.079842966999902, 0.0 ], [ -46.948691225999902, -23.079829663999899, 0.0 ] ] ] } },
{ "type": "Feature", "properties": { }, "geometry": { "type": "Polygon", "coordinates": [ [ [ -46.948578286, -23.078679512999901, 0.0 ], [ -46.948601267, -23.078239563999901, 0.0 ], [ -46.94837819, -23.078259187, 0.0 ], [ -46.94842312, -23.078693343999898, 0.0 ], [ -46.948578286, -23.078679512999901, 0.0 ] ] ] } },
{ "type": "Feature", "properties": { }, "geometry": { "type": "Polygon", "coordinates": [ [ [ -46.94851849, -23.077882240999909, 0.0 ], [ -46.948326153, -23.077911124, 0.0 ], [ -46.94837819, -23.078259187, 0.0 ], [ -46.948601267, -23.078239563999901, 0.0 ], [ -46.94851849, -23.077882240999909, 0.0 ] ] ] } },
{ "type": "Feature", "properties": { }, "geometry": { "type": "Polygon", "coordinates": [ [ [ -46.948416995999899, -23.077531538, 0.0 ], [ -46.948251125, -23.077568035999899, 0.0 ], [ -46.948326153, -23.077911124, 0.0 ], [ -46.94851849, -23.077882240999909, 0.0 ], [ -46.948416995999899, -23.077531538, 0.0 ] ] ] } },
{ "type": "Feature", "properties": { }, "geometry": { "type": "Polygon", "coordinates": [ [ [ -46.948244906, -23.0770584169999, 0.0 ], [ -46.948107584999903, -23.077104674999902, 0.0 ], [ -46.948251125, -23.077568035999899, 0.0 ], [ -46.948416995999899, -23.077531538, 0.0 ], [ -46.948244906, -23.0770584169999, 0.0 ] ] ] } },
{ "type": "Feature", "properties": { }, "geometry": { "type": "Polygon", "coordinates": [ [ [ -46.948168122, -23.076932477, 0.0 ], [ -46.948055126, -23.076974500999899, 0.0 ], [ -46.948107584999903, -23.077104674999902, 0.0 ], [ -46.948244906, -23.0770584169999, 0.0 ], [ -46.948168122, -23.076932477, 0.0 ] ] ] } },
{ "type": "Feature", "properties": { }, "geometry": { "type": "Polygon", "coordinates": [ [ [ -46.948168122, -23.076932477, 0.0 ], [ -46.948074955, -23.07673921, 0.0 ], [ -46.947969214, -23.076785351999899, 0.0 ], [ -46.948055126, -23.076974500999899, 0.0 ], [ -46.948168122, -23.076932477, 0.0 ] ] ] } },
{ "type": "Feature", "properties": { }, "geometry": { "type": "Polygon", "coordinates": [ [ [ -46.947729239, -23.076178754, 0.0 ], [ -46.947627396, -23.076232741999899, 0.0 ], [ -46.947843265, -23.076553018, 0.0 ], [ -46.947969214, -23.076785351999899, 0.0 ], [ -46.948074955, -23.07673921, 0.0 ], [ -46.947944594000013, -23.076499063, 0.0 ], [ -46.947729239, -23.076178754, 0.0 ] ] ] } },
{ "type": "Feature", "properties": { }, "geometry": { "type": "Polygon", "coordinates": [ [ [ -46.947723272, -23.076170842, 0.0 ], [ -46.9476293869999, -23.076066727999901, 0.0 ], [ -46.947547815999897, -23.076118060999899, 0.0 ], [ -46.947627396, -23.076232741999899, 0.0 ], [ -46.947723272, -23.076170842, 0.0 ] ] ] } },
{ "type": "Feature", "properties": { }, "geometry": { "type": "Polygon", "coordinates": [ [ [ -46.947547815999897, -23.076118060999899, 0.0 ], [ -46.947627697, -23.076066457, 0.0 ], [ -46.947308238999902, -23.075705490999901, 0.0 ], [ -46.945651438, -23.074206067, 0.0 ], [ -46.945148487, -23.0736815409999, 0.0 ], [ -46.94484519, -23.073258589, 0.0 ], [ -46.944562326, -23.072757657, 0.0 ], [ -46.944405704, -23.072352963, 0.0 ], [ -46.944281748, -23.0718694, 0.0 ], [ -46.944185892, -23.071885498, 0.0 ], [ -46.944312231, -23.0723783789999, 0.0 ], [ -46.944473135, -23.072794017, 0.0 ], [ -46.944761413, -23.073304607, 0.0 ], [ -46.945071285, -23.073736568, 0.0 ], [ -46.945581951, -23.074269264, 0.0 ], [ -46.947148425, -23.075677699, 0.0 ], [ -46.947547815999897, -23.076118060999899, 0.0 ] ] ] } },
{ "type": "Feature", "properties": { }, "geometry": { "type": "Polygon", "coordinates": [ [ [ -46.94424901, -23.071390350999899, 0.0 ], [ -46.944117853, -23.071399372, 0.0 ], [ -46.944185892, -23.071885498, 0.0 ], [ -46.944281748, -23.0718694, 0.0 ], [ -46.94424901, -23.071390350999899, 0.0 ] ] ] } },
{ "type": "Feature", "properties": { }, "geometry": { "type": "Polygon", "coordinates": [ [ [ -46.944117853, -23.071399372, 0.0 ], [ -46.94424901, -23.071390350999899, 0.0 ], [ -46.944254389, -23.071071783, 0.0 ], [ -46.944289781, -23.070786631, 0.0 ], [ -46.944114786999897, -23.070776168999899, 0.0 ], [ -46.944100345, -23.071074612999901, 0.0 ], [ -46.944117853, -23.071399372, 0.0 ] ] ] } },
{ "type": "Feature", "properties": { }, "geometry": { "type": "Polygon", "coordinates": [ [ [ -46.944114786999897, -23.070776168999899, 0.0 ], [ -46.944289781, -23.070786631, 0.0 ], [ -46.944316161, -23.070317222, 0.0 ], [ -46.944171161, -23.070300426, 0.0 ], [ -46.944114786999897, -23.070776168999899, 0.0 ] ] ] } },
{ "type": "Feature", "properties": { }, "geometry": { "type": "Polygon", "coordinates": [ [ [ -46.944742487, -23.0682303369999, 0.0 ], [ -46.944593289999901, -23.068230404999898, 0.0 ], [ -46.944171161, -23.070300426, 0.0 ], [ -46.944316161, -23.070317222, 0.0 ], [ -46.944742487, -23.0682303369999, 0.0 ] ] ] } },
{ "type": "Feature", "properties": { }, "geometry": { "type": "Polygon", "coordinates": [ [ [ -46.944932824, -23.066144247, 0.0 ], [ -46.945078902, -23.066147747999899, 0.0 ], [ -46.945101716, -23.065862809999899, 0.0 ], [ -46.945107033999903, -23.0654842399999, 0.0 ], [ -46.944912875999897, -23.065499264, 0.0 ], [ -46.944934528, -23.0658591699999, 0.0 ], [ -46.944932824, -23.066144247, 0.0 ] ] ] } },
{ "type": "Feature", "properties": { }, "geometry": { "type": "Polygon", "coordinates": [ [ [ -46.945107033999903, -23.0654842399999, 0.0 ], [ -46.945075787999897, -23.064936967999898, 0.0 ], [ -46.944853447999897, -23.064962602, 0.0 ], [ -46.944912875999897, -23.065499264, 0.0 ], [ -46.945107033999903, -23.0654842399999, 0.0 ] ] ] } },
{ "type": "Feature", "properties": { }, "geometry": { "type": "Polygon", "coordinates": [ [ [ -46.945075787999897, -23.064936967999898, 0.0 ], [ -46.944931674, -23.064583755999902, 0.0 ], [ -46.944805898, -23.064597438, 0.0 ], [ -46.944853447999897, -23.064962602, 0.0 ], [ -46.945075787999897, -23.064936967999898, 0.0 ] ] ] } },
{ "type": "Feature", "properties": { }, "geometry": { "type": "Polygon", "coordinates": [ [ [ -46.944905819000013, -23.062148115, 0.0 ], [ -46.944645459999897, -23.062113573, 0.0 ], [ -46.944605259999904, -23.062441994, 0.0 ], [ -46.944597455, -23.062867323, 0.0 ], [ -46.944723850999893, -23.062860057, 0.0 ], [ -46.944807829, -23.062453913999899, 0.0 ], [ -46.944905819000013, -23.062148115, 0.0 ] ] ] } },
{ "type": "Feature", "properties": { }, "geometry": { "type": "Polygon", "coordinates": [ [ [ -46.944723850999893, -23.062860057, 0.0 ], [ -46.944597455, -23.062867323, 0.0 ], [ -46.944632474999899, -23.0632575459999, 0.0 ], [ -46.944805898, -23.064597438, 0.0 ], [ -46.944931674, -23.064583755999902, 0.0 ], [ -46.944758409, -23.063245153, 0.0 ], [ -46.944723850999893, -23.062860057, 0.0 ] ] ] } },
{ "type": "Feature", "properties": { }, "geometry": { "type": "Polygon", "coordinates": [ [ [ -46.944645459999897, -23.062113573, 0.0 ], [ -46.944905819000013, -23.062148115, 0.0 ], [ -46.944976069999903, -23.0618120359999, 0.0 ], [ -46.945036463999912, -23.061612011, 0.0 ], [ -46.945181205, -23.061238158, 0.0 ], [ -46.945306069, -23.0609871999999, 0.0 ], [ -46.945075040999903, -23.060870867999899, 0.0 ], [ -46.944939018999889, -23.0611429789999, 0.0 ], [ -46.944784668999901, -23.061541474, 0.0 ], [ -46.94472059, -23.061753699999901, 0.0 ], [ -46.944645459999897, -23.062113573, 0.0 ] ] ] } },
{ "type": "Feature", "properties": { }, "geometry": { "type": "Polygon", "coordinates": [ [ [ -46.945743348999898, -23.060249132, 0.0 ], [ -46.945592387, -23.060135166999899, 0.0 ], [ -46.945275107, -23.060545143999899, 0.0 ], [ -46.945075040999903, -23.060870867999899, 0.0 ], [ -46.945306069, -23.0609871999999, 0.0 ], [ -46.945471558999898, -23.0606624989999, 0.0 ], [ -46.945743348999898, -23.060249132, 0.0 ] ] ] } },
{ "type": "Feature", "properties": { }, "geometry": { "type": "Polygon", "coordinates": [ [ [ -46.945743349999887, -23.060249132, 0.0 ], [ -46.946095877999888, -23.059892245, 0.0 ], [ -46.945932716999899, -23.059788249999901, 0.0 ], [ -46.945592387, -23.060135166999899, 0.0 ], [ -46.945743349999887, -23.060249132, 0.0 ] ] ] } },
{ "type": "Feature", "properties": { }, "geometry": { "type": "Polygon", "coordinates": [ [ [ -46.946666719999897, -23.059108092, 0.0 ], [ -46.946804792, -23.0592352849999, 0.0 ], [ -46.947240819999898, -23.058767523, 0.0 ], [ -46.947137327, -23.058672070999901, 0.0 ], [ -46.946666719999897, -23.059108092, 0.0 ] ] ] } },
{ "type": "Feature", "properties": { }, "geometry": { "type": "Polygon", "coordinates": [ [ [ -46.947137327, -23.058672070999901, 0.0 ], [ -46.947240819999898, -23.058767523, 0.0 ], [ -46.948697294999903, -23.057408112, 0.0 ], [ -46.948593114999909, -23.057313303999901, 0.0 ], [ -46.947137327, -23.058672070999901, 0.0 ] ] ] } },
{ "type": "Feature", "properties": { }, "geometry": { "type": "Polygon", "coordinates": [ [ [ -46.948593114999909, -23.057313303999901, 0.0 ], [ -46.948697294999903, -23.057408112, 0.0 ], [ -46.949026235, -23.0572281359999, 0.0 ], [ -46.948853323, -23.057069451999901, 0.0 ], [ -46.948593114999909, -23.057313303999901, 0.0 ] ] ] } },
{ "type": "Feature", "properties": { }, "geometry": { "type": "Polygon", "coordinates": [ [ [ -46.949432000999899, -23.056836266, 0.0 ], [ -46.949255397999899, -23.056681096, 0.0 ], [ -46.948853323, -23.057069451999901, 0.0 ], [ -46.949026237999902, -23.057228139, 0.0 ], [ -46.949432000999899, -23.056836266, 0.0 ] ] ] } },
{ "type": "Feature", "properties": { }, "geometry": { "type": "Polygon", "coordinates": [ [ [ -46.949255397999899, -23.056681096, 0.0 ], [ -46.949432000999899, -23.056836266, 0.0 ], [ -46.949870518999901, -23.05624954, 0.0 ], [ -46.949758468, -23.056162759, 0.0 ], [ -46.949255397999899, -23.056681096, 0.0 ] ] ] } },
{ "type": "Feature", "properties": { }, "geometry": { "type": "Polygon", "coordinates": [ [ [ -46.949758468, -23.056162759, 0.0 ], [ -46.949870518999901, -23.05624954, 0.0 ], [ -46.950531028999897, -23.055602840999899, 0.0 ], [ -46.950379556, -23.055489463, 0.0 ], [ -46.949758468, -23.056162759, 0.0 ] ] ] } },
{ "type": "Feature", "properties": { }, "geometry": { "type": "Polygon", "coordinates": [ [ [ -46.952259905999902, -23.053440727999899, 0.0 ], [ -46.952102652, -23.0533340009999, 0.0 ], [ -46.951357209, -23.0543377229999, 0.0 ], [ -46.950379556, -23.055489463, 0.0 ], [ -46.950531028999897, -23.055602840999899, 0.0 ], [ -46.951512955999902, -23.054446028, 0.0 ], [ -46.952259905999902, -23.053440727999899, 0.0 ] ] ] } },
{ "type": "Feature", "properties": { }, "geometry": { "type": "Polygon", "coordinates": [ [ [ -46.9526974569999, -23.0525178349999, 0.0 ], [ -46.952860648999902, -23.052616304, 0.0 ], [ -46.953230779, -23.052061113, 0.0 ], [ -46.953084406, -23.0519717869999, 0.0 ], [ -46.9526974569999, -23.0525178349999, 0.0 ] ] ] } },
{ "type": "Feature", "properties": { }, "geometry": { "type": "Polygon", "coordinates": [ [ [ -46.953230779, -23.052061113, 0.0 ], [ -46.953690562999988, -23.051629743, 0.0 ], [ -46.953470552999903, -23.051465778999901, 0.0 ], [ -46.953236769999897, -23.051747045, 0.0 ], [ -46.953084406, -23.0519717869999, 0.0 ], [ -46.953230779, -23.052061113, 0.0 ] ] ] } },
{ "type": "Feature", "properties": { }, "geometry": { "type": "Polygon", "coordinates": [ [ [ -46.955672821, -23.050563215999901, 0.0 ], [ -46.956275664, -23.050495369, 0.0 ], [ -46.956283417, -23.050351319999901, 0.0 ], [ -46.955992116999901, -23.050345679, 0.0 ], [ -46.955655717999903, -23.050370057999899, 0.0 ], [ -46.955672821, -23.050563215999901, 0.0 ] ] ] } },
{ "type": "Feature", "properties": { }, "geometry": { "type": "Polygon", "coordinates": [ [ [ -46.956275664, -23.050495369, 0.0 ], [ -46.956723629999892, -23.050608968, 0.0 ], [ -46.956762329999897, -23.050404757, 0.0 ], [ -46.956283417, -23.050351319999901, 0.0 ], [ -46.956275664, -23.050495369, 0.0 ] ] ] } },
{ "type": "Feature", "properties": { }, "geometry": { "type": "Polygon", "coordinates": [ [ [ -46.955394989, -23.050656977, 0.0 ], [ -46.9556730689999, -23.050566022999899, 0.0 ], [ -46.955655717999903, -23.050370057999899, 0.0 ], [ -46.955339969, -23.050418979, 0.0 ], [ -46.955394989, -23.050656977, 0.0 ] ] ] } },
{ "type": "Feature", "properties": { }, "geometry": { "type": "Polygon", "coordinates": [ [ [ -46.956723629999892, -23.050608968, 0.0 ], [ -46.957179465, -23.0506714059999, 0.0 ], [ -46.9572295, -23.050511199, 0.0 ], [ -46.956762329999897, -23.050404757, 0.0 ], [ -46.956723629999892, -23.050608968, 0.0 ] ] ] } },
{ "type": "Feature", "properties": { }, "geometry": { "type": "Polygon", "coordinates": [ [ [ -46.9572295, -23.050511199, 0.0 ], [ -46.957179465, -23.0506714059999, 0.0 ], [ -46.95799190000001, -23.050948751, 0.0 ], [ -46.958059546, -23.050732264, 0.0 ], [ -46.9572295, -23.050511199, 0.0 ] ] ] } },
{ "type": "Feature", "properties": { }, "geometry": { "type": "Polygon", "coordinates": [ [ [ -46.959678254000011, -23.0511355629999, 0.0 ], [ -46.959659452, -23.0509108789999, 0.0 ], [ -46.959390308, -23.050925350999901, 0.0 ], [ -46.958994936999908, -23.050903382999898, 0.0 ], [ -46.958474935, -23.050828597, 0.0 ], [ -46.958059546, -23.050732264, 0.0 ], [ -46.95799190000001, -23.050948751, 0.0 ], [ -46.958431050999899, -23.051050265, 0.0 ], [ -46.95896512, -23.051127043999902, 0.0 ], [ -46.959386733, -23.0511506839999, 0.0 ], [ -46.959678254000011, -23.0511355629999, 0.0 ] ] ] } },
{ "type": "Feature", "properties": { }, "geometry": { "type": "Polygon", "coordinates": [ [ [ -46.959678254000011, -23.0511355629999, 0.0 ], [ -46.960077578, -23.051211491999901, 0.0 ], [ -46.959994001, -23.050859312999901, 0.0 ], [ -46.959659452, -23.0509108789999, 0.0 ], [ -46.959678254000011, -23.0511355629999, 0.0 ] ] ] } },
{ "type": "Feature", "properties": { }, "geometry": { "type": "Polygon", "coordinates": [ [ [ -46.962399548999898, -23.049601987, 0.0 ], [ -46.962109872, -23.049435620999901, 0.0 ], [ -46.96190446, -23.049717035, 0.0 ], [ -46.961667934999987, -23.049974445, 0.0 ], [ -46.961951342, -23.050221886, 0.0 ], [ -46.962200455, -23.04991517, 0.0 ], [ -46.962399548999898, -23.049601987, 0.0 ] ] ] } },
{ "type": "Feature", "properties": { }, "geometry": { "type": "Polygon", "coordinates": [ [ [ -46.962109872, -23.049435620999901, 0.0 ], [ -46.962399548999898, -23.049601987, 0.0 ], [ -46.962525736000011, -23.049309376999901, 0.0 ], [ -46.962630963, -23.049001620999899, 0.0 ], [ -46.962407848999909, -23.048911320999899, 0.0 ], [ -46.962261112, -23.049191302999901, 0.0 ], [ -46.962109872, -23.049435620999901, 0.0 ] ] ] } },
{ "type": "Feature", "properties": { }, "geometry": { "type": "Polygon", "coordinates": [ [ [ -46.962407848999909, -23.048911320999899, 0.0 ], [ -46.962630963, -23.049001620999899, 0.0 ], [ -46.962812240999902, -23.048518413, 0.0 ], [ -46.96295794000001, -23.048053315999901, 0.0 ], [ -46.962767447, -23.047997897999899, 0.0 ], [ -46.9626025479999, -23.048453128999899, 0.0 ], [ -46.962407848999909, -23.048911320999899, 0.0 ] ] ] } },
{ "type": "Feature", "properties": { }, "geometry": { "type": "Polygon", "coordinates": [ [ [ -46.962767447, -23.047997897999899, 0.0 ], [ -46.96295794000001, -23.048053315999901, 0.0 ], [ -46.963279778, -23.046846832, 0.0 ], [ -46.963139239, -23.046809853, 0.0 ], [ -46.962767447, -23.047997897999899, 0.0 ] ] ] } },
{ "type": "Feature", "properties": { }, "geometry": { "type": "Polygon", "coordinates": [ [ [ -46.963139239, -23.046809853, 0.0 ], [ -46.963279778, -23.046846831, 0.0 ], [ -46.963524471, -23.045928891, 0.0 ], [ -46.963416626, -23.045900865, 0.0 ], [ -46.963139239, -23.046809853, 0.0 ] ] ] } },
{ "type": "Feature", "properties": { }, "geometry": { "type": "Polygon", "coordinates": [ [ [ -46.963416626, -23.045900865, 0.0 ], [ -46.963524471, -23.045928891, 0.0 ], [ -46.963725836, -23.045215455, 0.0 ], [ -46.963631991999897, -23.045191302, 0.0 ], [ -46.963416626, -23.045900865, 0.0 ] ] ] } },
{ "type": "Feature", "properties": { }, "geometry": { "type": "Polygon", "coordinates": [ [ [ -46.96397576, -23.044335696, 0.0 ], [ -46.963895941, -23.044315341, 0.0 ], [ -46.963631991999897, -23.045191302, 0.0 ], [ -46.963725836, -23.045215455, 0.0 ], [ -46.96397576, -23.044335696, 0.0 ] ] ] } },
{ "type": "Feature", "properties": { }, "geometry": { "type": "Polygon", "coordinates": [ [ [ -46.963895941, -23.044315341, 0.0 ], [ -46.96397576, -23.044335696, 0.0 ], [ -46.9641773399999, -23.044016315, 0.0 ], [ -46.963999392999909, -23.043969261, 0.0 ], [ -46.963895941, -23.044315341, 0.0 ] ] ] } },
{ "type": "Feature", "properties": { }, "geometry": { "type": "Polygon", "coordinates": [ [ [ -46.964231132999899, -23.043842079999902, 0.0 ], [ -46.964053186999898, -23.043795025999898, 0.0 ], [ -46.963999392999909, -23.043969261, 0.0 ], [ -46.9641773399999, -23.044016315, 0.0 ], [ -46.964231132999899, -23.043842079999902, 0.0 ] ] ] } },
{ "type": "Feature", "properties": { }, "geometry": { "type": "Polygon", "coordinates": [ [ [ -46.964053186999898, -23.043795025999898, 0.0 ], [ -46.964231132999899, -23.043842079999902, 0.0 ], [ -46.9641863639999, -23.043642433, 0.0 ], [ -46.964106573, -23.043621151, 0.0 ], [ -46.964053186999898, -23.043795025999898, 0.0 ] ] ] } },
{ "type": "Feature", "properties": { }, "geometry": { "type": "Polygon", "coordinates": [ [ [ -46.964106573, -23.043621151, 0.0 ], [ -46.964181579999902, -23.043640696, 0.0 ], [ -46.9643374, -23.043124632999898, 0.0 ], [ -46.964262279, -23.043105469, 0.0 ], [ -46.964106573, -23.043621151, 0.0 ] ] ] } },
{ "type": "Feature", "properties": { }, "geometry": { "type": "Polygon", "coordinates": [ [ [ -46.964262279, -23.043105469, 0.0 ], [ -46.9643374, -23.043124632999898, 0.0 ], [ -46.9647101199999, -23.042087680999899, 0.0 ], [ -46.964588399, -23.04205539, 0.0 ], [ -46.964262279, -23.043105469, 0.0 ] ] ] } },
{ "type": "Feature", "properties": { }, "geometry": { "type": "Polygon", "coordinates": [ [ [ -46.965303466, -23.04016949, 0.0 ], [ -46.965172154999898, -23.040135459999899, 0.0 ], [ -46.964588399, -23.04205539, 0.0 ], [ -46.9647101199999, -23.042087680999899, 0.0 ], [ -46.965303466, -23.04016949, 0.0 ] ] ] } },
{ "type": "Feature", "properties": { }, "geometry": { "type": "Polygon", "coordinates": [ [ [ -46.965172154999898, -23.040135459999899, 0.0 ], [ -46.965303466, -23.04016949, 0.0 ], [ -46.9655544, -23.0392463589999, 0.0 ], [ -46.965451297, -23.0392193929999, 0.0 ], [ -46.965172154999898, -23.040135459999899, 0.0 ] ] ] } },
{ "type": "Feature", "properties": { }, "geometry": { "type": "Polygon", "coordinates": [ [ [ -46.965736467999911, -23.038775358, 0.0 ], [ -46.965595674, -23.038739243999899, 0.0 ], [ -46.965451297, -23.0392193929999, 0.0 ], [ -46.9655544, -23.0392463589999, 0.0 ], [ -46.965736467999911, -23.038775358, 0.0 ] ] ] } },
{ "type": "Feature", "properties": { }, "geometry": { "type": "Polygon", "coordinates": [ [ [ -46.965595674, -23.038739243999899, 0.0 ], [ -46.965736467999911, -23.038775358, 0.0 ], [ -46.965868752999903, -23.038671125999901, 0.0 ], [ -46.965634098, -23.038610936999898, 0.0 ], [ -46.965595674, -23.038739243999899, 0.0 ] ] ] } },
{ "type": "Feature", "properties": { }, "geometry": { "type": "Polygon", "coordinates": [ [ [ -46.965947104, -23.038409783, 0.0 ], [ -46.965712928999899, -23.038348014999901, 0.0 ], [ -46.965634098, -23.038610936999898, 0.0 ], [ -46.965868752999903, -23.038671125999901, 0.0 ], [ -46.965947104, -23.038409783, 0.0 ] ] ] } },
{ "type": "Feature", "properties": { }, "geometry": { "type": "Polygon", "coordinates": [ [ [ -46.965712928999899, -23.038348014999901, 0.0 ], [ -46.965947104, -23.038409783, 0.0 ], [ -46.965894959, -23.03825023, 0.0 ], [ -46.96575445299991, -23.038213169, 0.0 ], [ -46.965712928999899, -23.038348014999901, 0.0 ] ] ] } },
{ "type": "Feature", "properties": { }, "geometry": { "type": "Polygon", "coordinates": [ [ [ -46.966175829999898, -23.037194428, 0.0 ], [ -46.966082694, -23.037168051, 0.0 ], [ -46.96575445299991, -23.038213169, 0.0 ], [ -46.965894959, -23.038250229, 0.0 ], [ -46.966175829999898, -23.037194428, 0.0 ] ] ] } },
{ "type": "Feature", "properties": { }, "geometry": { "type": "Polygon", "coordinates": [ [ [ -46.966082694, -23.037168051, 0.0 ], [ -46.966175829999898, -23.037194427, 0.0 ], [ -46.966339019, -23.036811903999901, 0.0 ], [ -46.966551185999897, -23.036395976999898, 0.0 ], [ -46.966417013999902, -23.036342469, 0.0 ], [ -46.966228438, -23.036767466999901, 0.0 ], [ -46.966082694, -23.037168051, 0.0 ] ] ] } },
{ "type": "Feature", "properties": { }, "geometry": { "type": "Polygon", "coordinates": [ [ [ -46.966417013999902, -23.036342469, 0.0 ], [ -46.966551185999897, -23.036395976999898, 0.0 ], [ -46.96659542, -23.0361968029999, 0.0 ], [ -46.966507013999902, -23.036158971, 0.0 ], [ -46.966417013999902, -23.036342469, 0.0 ] ] ] } },
{ "type": "Feature", "properties": { }, "geometry": { "type": "Polygon", "coordinates": [ [ [ -46.966507013999902, -23.036158971, 0.0 ], [ -46.96659542, -23.0361968029999, 0.0 ], [ -46.966700712, -23.036052083, 0.0 ], [ -46.966586401, -23.036001686, 0.0 ], [ -46.966507013999902, -23.036158971, 0.0 ] ] ] } },
{ "type": "Feature", "properties": { }, "geometry": { "type": "Polygon", "coordinates": [ [ [ -46.966586401, -23.036001686, 0.0 ], [ -46.966700712, -23.036052083, 0.0 ], [ -46.966895708, -23.035716235999899, 0.0 ], [ -46.966777462, -23.035653386, 0.0 ], [ -46.966586401, -23.036001686, 0.0 ] ] ] } },
{ "type": "Feature", "properties": { }, "geometry": { "type": "Polygon", "coordinates": [ [ [ -46.966777462, -23.035653386, 0.0 ], [ -46.966895708, -23.035716235999899, 0.0 ], [ -46.967180632999892, -23.035462413999898, 0.0 ], [ -46.966971766, -23.035346576999899, 0.0 ], [ -46.966777462, -23.035653386, 0.0 ] ] ] } },
{ "type": "Feature", "properties": { }, "geometry": { "type": "Polygon", "coordinates": [ [ [ -46.967338663, -23.034979597, 0.0 ], [ -46.967257264, -23.034930097, 0.0 ], [ -46.966971766, -23.035346576999899, 0.0 ], [ -46.967180632999892, -23.035462413999898, 0.0 ], [ -46.967338663, -23.034979597, 0.0 ] ] ] } },
{ "type": "Feature", "properties": { }, "geometry": { "type": "Polygon", "coordinates": [ [ [ -46.967257264, -23.034930097, 0.0 ], [ -46.967338663, -23.034979597, 0.0 ], [ -46.967453798, -23.034820501999899, 0.0 ], [ -46.967373914999897, -23.034768927999899, 0.0 ], [ -46.967257264, -23.034930097, 0.0 ] ] ] } },
{ "type": "Feature", "properties": { }, "geometry": { "type": "Polygon", "coordinates": [ [ [ -46.967638797999903, -23.034628251, 0.0 ], [ -46.967532789, -23.034559047, 0.0 ], [ -46.967373914999897, -23.034768927999899, 0.0 ], [ -46.967453798, -23.034820501999899, 0.0 ], [ -46.967638797999903, -23.034628251, 0.0 ] ] ] } },
{ "type": "Feature", "properties": { }, "geometry": { "type": "Polygon", "coordinates": [ [ [ -46.968018792999899, -23.033897666, 0.0 ], [ -46.9682209489999, -23.0340232839999, 0.0 ], [ -46.969116961999902, -23.032813596, 0.0 ], [ -46.968902661, -23.032680463999899, 0.0 ], [ -46.968018792999899, -23.033897666, 0.0 ] ] ] } },
{ "type": "Feature", "properties": { }, "geometry": { "type": "Polygon", "coordinates": [ [ [ -46.968902661, -23.032680463999899, 0.0 ], [ -46.969116961999902, -23.032813594999901, 0.0 ], [ -46.970575229, -23.030774666, 0.0 ], [ -46.970373272, -23.0306487789999, 0.0 ], [ -46.968902661, -23.032680463999899, 0.0 ] ] ] } },
{ "type": "Feature", "properties": { }, "geometry": { "type": "Polygon", "coordinates": [ [ [ -46.970575229, -23.030774666, 0.0 ], [ -46.970586499, -23.030695968, 0.0 ], [ -46.970570435999903, -23.030618106, 0.0 ], [ -46.970526273, -23.030547318999901, 0.0 ], [ -46.970473540999897, -23.030510981, 0.0 ], [ -46.970373272, -23.0306487789999, 0.0 ], [ -46.970575229, -23.030774666, 0.0 ] ] ] } },
{ "type": "Feature", "properties": { }, "geometry": { "type": "Polygon", "coordinates": [ [ [ -46.970473540999897, -23.030510981, 0.0 ], [ -46.97051797200001, -23.0305386759999, 0.0 ], [ -46.970568057, -23.030469844, 0.0 ], [ -46.970523627, -23.030442148999899, 0.0 ], [ -46.970473540999897, -23.030510981, 0.0 ] ] ] } },
{ "type": "Feature", "properties": { }, "geometry": { "type": "Polygon", "coordinates": [ [ [ -46.970682859, -23.030449242, 0.0 ], [ -46.970569763, -23.030378744999901, 0.0 ], [ -46.970523627, -23.030442148999899, 0.0 ], [ -46.970606384, -23.030479494, 0.0 ], [ -46.970682859, -23.030449242, 0.0 ] ] ] } },
{ "type": "Feature", "properties": { }, "geometry": { "type": "Polygon", "coordinates": [ [ [ -46.971035539999903, -23.030077057, 0.0 ], [ -46.970865801999899, -23.029971443, 0.0 ], [ -46.970569763, -23.030378744999901, 0.0 ], [ -46.970682859, -23.030449242, 0.0 ], [ -46.971035539999903, -23.030077057, 0.0 ] ] ] } },
{ "type": "Feature", "properties": { }, "geometry": { "type": "Polygon", "coordinates": [ [ [ -46.970865801999899, -23.029971443, 0.0 ], [ -46.970930463999892, -23.030011676999901, 0.0 ], [ -46.971262038, -23.029539021999899, 0.0 ], [ -46.971205459, -23.029503817, 0.0 ], [ -46.970865801999899, -23.029971443, 0.0 ] ] ] } },
{ "type": "Feature", "properties": { }, "geometry": { "type": "Polygon", "coordinates": [ [ [ -46.97220162, -23.028309926999899, 0.0 ], [ -46.972142085, -23.028263406, 0.0 ], [ -46.971975527000012, -23.028454682, 0.0 ], [ -46.971696704999907, -23.028812344, 0.0 ], [ -46.971205459, -23.029503817, 0.0 ], [ -46.971262038, -23.029539021999899, 0.0 ], [ -46.971824915, -23.028760435, 0.0 ], [ -46.97220162, -23.028309926999899, 0.0 ] ] ] } },
{ "type": "Feature", "properties": { }, "geometry": { "type": "Polygon", "coordinates": [ [ [ -46.972142085, -23.028263406, 0.0 ], [ -46.97220162, -23.028309926999899, 0.0 ], [ -46.972518641, -23.028034271, 0.0 ], [ -46.972854517, -23.027779123999899, 0.0 ], [ -46.972748356999901, -23.027673540999899, 0.0 ], [ -46.972438137, -23.0279561749999, 0.0 ], [ -46.972142085, -23.028263406, 0.0 ] ] ] } },
{ "type": "Feature", "properties": { }, "geometry": { "type": "Polygon", "coordinates": [ [ [ -46.972854517, -23.027779123999899, 0.0 ], [ -46.973321703999908, -23.027415184999899, 0.0 ], [ -46.973198215, -23.0273212829999, 0.0 ], [ -46.972748356999901, -23.027673540999899, 0.0 ], [ -46.972854517, -23.027779123999899, 0.0 ] ] ] } },
{ "type": "Feature", "properties": { }, "geometry": { "type": "Polygon", "coordinates": [ [ [ -46.977226492999897, -23.0260403989999, 0.0 ], [ -46.977254515, -23.026182279, 0.0 ], [ -46.977823794, -23.026079782, 0.0 ], [ -46.978150426, -23.025995978, 0.0 ], [ -46.978581025, -23.025857846999902, 0.0 ], [ -46.978994446999899, -23.025693348, 0.0 ], [ -46.979236549999897, -23.025579723, 0.0 ], [ -46.979153577000012, -23.025436788, 0.0 ], [ -46.978798814, -23.025601641, 0.0 ], [ -46.978240666, -23.02580761, 0.0 ], [ -46.977794821, -23.0259328409999, 0.0 ], [ -46.977226492999897, -23.0260403989999, 0.0 ] ] ] } },
{ "type": "Feature", "properties": { }, "geometry": { "type": "Polygon", "coordinates": [ [ [ -46.979153577000012, -23.025436788, 0.0 ], [ -46.979236551, -23.025579723, 0.0 ], [ -46.979566329, -23.025395264999901, 0.0 ], [ -46.980064091, -23.0250527769999, 0.0 ], [ -46.979969653999902, -23.0249380499999, 0.0 ], [ -46.979581142, -23.025199979, 0.0 ], [ -46.979153577000012, -23.025436788, 0.0 ] ] ] } },
{ "type": "Feature", "properties": { }, "geometry": { "type": "Polygon", "coordinates": [ [ [ -46.9803976869999, -23.024793664999901, 0.0 ], [ -46.980294752, -23.024685382, 0.0 ], [ -46.979969653999902, -23.0249380499999, 0.0 ], [ -46.980064827, -23.025052254999899, 0.0 ], [ -46.9803976869999, -23.024793664999901, 0.0 ] ] ] } },
{ "type": "Feature", "properties": { }, "geometry": { "type": "Polygon", "coordinates": [ [ [ -46.980294752, -23.024685382, 0.0 ], [ -46.9803976869999, -23.024793664999901, 0.0 ], [ -46.980560431, -23.0245775459999, 0.0 ], [ -46.980492805, -23.024512676, 0.0 ], [ -46.980294752, -23.024685382, 0.0 ] ] ] } },
{ "type": "Feature", "properties": { }, "geometry": { "type": "Polygon", "coordinates": [ [ [ -46.981031331999901, -23.0240902369999, 0.0 ], [ -46.98095576, -23.024033374999899, 0.0 ], [ -46.980740464999897, -23.024271875999901, 0.0 ], [ -46.980492805, -23.024512676, 0.0 ], [ -46.980560431, -23.0245775459999, 0.0 ], [ -46.980812466, -23.0243325779999, 0.0 ], [ -46.981031331999901, -23.0240902369999, 0.0 ] ] ] } },
{ "type": "Feature", "properties": { }, "geometry": { "type": "Polygon", "coordinates": [ [ [ -46.981453040000012, -23.023537803, 0.0 ], [ -46.981371977, -23.023487841, 0.0 ], [ -46.980991699, -23.023991435, 0.0 ], [ -46.981069025, -23.02404624, 0.0 ], [ -46.981453040000012, -23.023537803, 0.0 ] ] ] } },
{ "type": "Feature", "properties": { }, "geometry": { "type": "Polygon", "coordinates": [ [ [ -46.981009097, -23.024003766, 0.0 ], [ -46.980991699, -23.023991435, 0.0 ], [ -46.98095576, -23.024033374999899, 0.0 ], [ -46.980972763, -23.024046169, 0.0 ], [ -46.981009097, -23.024003766, 0.0 ] ] ] } },
{ "type": "Feature", "properties": { }, "geometry": { "type": "Polygon", "coordinates": [ [ [ -46.981371977, -23.023487841, 0.0 ], [ -46.981453040000012, -23.023537803, 0.0 ], [ -46.981553616, -23.023484116, 0.0 ], [ -46.981418173999899, -23.023412795999899, 0.0 ], [ -46.981371977, -23.023487841, 0.0 ] ] ] } },
{ "type": "Feature", "properties": { }, "geometry": { "type": "Polygon", "coordinates": [ [ [ -46.982310965999908, -23.021567634999901, 0.0 ], [ -46.98215713, -23.021544671999909, 0.0 ], [ -46.982027133, -23.022091657, 0.0 ], [ -46.981844912, -23.022604013, 0.0 ], [ -46.981664727999899, -23.022990915, 0.0 ], [ -46.981418173999899, -23.023412795999899, 0.0 ], [ -46.981553616, -23.023484116, 0.0 ], [ -46.981804000999908, -23.023055605, 0.0 ], [ -46.981991831, -23.0226520749999, 0.0 ], [ -46.982178007999892, -23.022127721, 0.0 ], [ -46.982310965999908, -23.021567634999901, 0.0 ] ] ] } },
{ "type": "Feature", "properties": { }, "geometry": { "type": "Polygon", "coordinates": [ [ [ -46.98215713, -23.021544671999909, 0.0 ], [ -46.982310965999908, -23.021567634999901, 0.0 ], [ -46.982313656, -23.021230669, 0.0 ], [ -46.982207209, -23.021219502, 0.0 ], [ -46.98215713, -23.021544671999909, 0.0 ] ] ] } },
{ "type": "Feature", "properties": { }, "geometry": { "type": "Polygon", "coordinates": [ [ [ -46.982359306, -23.020525156, 0.0 ], [ -46.982247308999902, -23.020525271999901, 0.0 ], [ -46.982241455, -23.020862168999901, 0.0 ], [ -46.982207209, -23.021219502, 0.0 ], [ -46.982313656, -23.021230669, 0.0 ], [ -46.982351079, -23.020863122, 0.0 ], [ -46.982359306, -23.020525156, 0.0 ] ] ] } },
{ "type": "Feature", "properties": { }, "geometry": { "type": "Polygon", "coordinates": [ [ [ -46.982247308999902, -23.020525271999901, 0.0 ], [ -46.982359306, -23.020525156, 0.0 ], [ -46.98239638, -23.020311160999899, 0.0 ], [ -46.982240933999897, -23.0203211739999, 0.0 ], [ -46.982247308999902, -23.020525271999901, 0.0 ] ] ] } },
{ "type": "Feature", "properties": { }, "geometry": { "type": "Polygon", "coordinates": [ [ [ -46.982240933999897, -23.0203211739999, 0.0 ], [ -46.98239638, -23.020311160999899, 0.0 ], [ -46.982403797, -23.020153053999898, 0.0 ], [ -46.982229149, -23.020167033, 0.0 ], [ -46.982240933999897, -23.0203211739999, 0.0 ] ] ] } },
{ "type": "Feature", "properties": { }, "geometry": { "type": "Polygon", "coordinates": [ [ [ -46.982403797, -23.020153053999898, 0.0 ], [ -46.982343747999899, -23.019702101999901, 0.0 ], [ -46.982175852999987, -23.019729206, 0.0 ], [ -46.982229149, -23.020167033, 0.0 ], [ -46.982403797, -23.020153053999898, 0.0 ] ] ] } },
{ "type": "Feature", "properties": { }, "geometry": { "type": "Polygon", "coordinates": [ [ [ -46.982148591999902, -23.018870677999899, 0.0 ], [ -46.982005098999899, -23.0188960199999, 0.0 ], [ -46.982175852999987, -23.019729206, 0.0 ], [ -46.982343747999899, -23.019702101999901, 0.0 ], [ -46.982148591999902, -23.018870677999899, 0.0 ] ] ] } },
{ "type": "Feature", "properties": { }, "geometry": { "type": "Polygon", "coordinates": [ [ [ -46.981982048, -23.018567624, 0.0 ], [ -46.981938992, -23.0185751869999, 0.0 ], [ -46.982005098999899, -23.0188960199999, 0.0 ], [ -46.982148591999902, -23.018870677999899, 0.0 ], [ -46.981982048, -23.018567624, 0.0 ] ] ] } },
{ "type": "Feature", "properties": { }, "geometry": { "type": "Polygon", "coordinates": [ [ [ -46.981741133999897, -23.017203301999899, 0.0 ], [ -46.981659819999898, -23.01721765, 0.0 ], [ -46.981938992, -23.0185751869999, 0.0 ], [ -46.981982048, -23.018567624, 0.0 ], [ -46.981741133999897, -23.017203301999899, 0.0 ] ] ] } },
{ "type": "Feature", "properties": { }, "geometry": { "type": "Polygon", "coordinates": [ [ [ -46.981714881999892, -23.016932461, 0.0 ], [ -46.9816089179999, -23.0169470179999, 0.0 ], [ -46.981659819999898, -23.01721765, 0.0 ], [ -46.981741133999897, -23.017203300999899, 0.0 ], [ -46.981714881999892, -23.016932461, 0.0 ] ] ] } },
{ "type": "Feature", "properties": { }, "geometry": { "type": "Polygon", "coordinates": [ [ [ -46.9816089179999, -23.0169470179999, 0.0 ], [ -46.981714881999892, -23.016932461, 0.0 ], [ -46.981657231, -23.016519258999899, 0.0 ], [ -46.981546185999903, -23.016532722, 0.0 ], [ -46.9816089179999, -23.0169470179999, 0.0 ] ] ] } },
{ "type": "Feature", "properties": { }, "geometry": { "type": "Polygon", "coordinates": [ [ [ -46.981546185999903, -23.016532722, 0.0 ], [ -46.981657231, -23.016519258999899, 0.0 ], [ -46.981566776, -23.0159274879999, 0.0 ], [ -46.981493772, -23.015929587999899, 0.0 ], [ -46.981546185999903, -23.016532722, 0.0 ] ] ] } },
{ "type": "Feature", "properties": { }, "geometry": { "type": "Polygon", "coordinates": [ [ [ -46.981545852999901, -23.015627836, 0.0 ], [ -46.981487426999898, -23.015628567999901, 0.0 ], [ -46.981493772, -23.015929587999899, 0.0 ], [ -46.981566776, -23.0159274879999, 0.0 ], [ -46.981545852999901, -23.015627836, 0.0 ] ] ] } },
{ "type": "Feature", "properties": { }, "geometry": { "type": "Polygon", "coordinates": [ [ [ -46.981487426999898, -23.015628567999901, 0.0 ], [ -46.981545852999901, -23.015627836, 0.0 ], [ -46.981596475999901, -23.015174514, 0.0 ], [ -46.981513928, -23.015168812, 0.0 ], [ -46.981487426999898, -23.015628567999901, 0.0 ] ] ] } },
{ "type": "Feature", "properties": { }, "geometry": { "type": "Polygon", "coordinates": [ [ [ -46.981622482, -23.015005104999901, 0.0 ], [ -46.981540600999907, -23.014993864, 0.0 ], [ -46.981513928, -23.015168812, 0.0 ], [ -46.981596475999901, -23.015174514, 0.0 ], [ -46.981622482, -23.015005104999901, 0.0 ] ] ] } },
{ "type": "Feature", "properties": { }, "geometry": { "type": "Polygon", "coordinates": [ [ [ -46.981653509999902, -23.014458854999901, 0.0 ], [ -46.981715095000013, -23.014472401, 0.0 ], [ -46.981759311, -23.01430505, 0.0 ], [ -46.981703061, -23.014290412, 0.0 ], [ -46.981653509999902, -23.014458854999901, 0.0 ] ] ] } },
{ "type": "Feature", "properties": { }, "geometry": { "type": "Polygon", "coordinates": [ [ [ -46.981703061, -23.014290412, 0.0 ], [ -46.981759311, -23.01430505, 0.0 ], [ -46.98188863099989, -23.013929517999909, 0.0 ], [ -46.981842796, -23.013914306999901, 0.0 ], [ -46.981703061, -23.014290412, 0.0 ] ] ] } },
{ "type": "Feature", "properties": { }, "geometry": { "type": "Polygon", "coordinates": [ [ [ -46.981842796, -23.013914306999901, 0.0 ], [ -46.98188863099989, -23.013929517999909, 0.0 ], [ -46.982000302, -23.013645476, 0.0 ], [ -46.981954637999898, -23.013629829, 0.0 ], [ -46.981842796, -23.013914306999901, 0.0 ] ] ] } },
{ "type": "Feature", "properties": { }, "geometry": { "type": "Polygon", "coordinates": [ [ [ -46.981954637999898, -23.013629829, 0.0 ], [ -46.982000302, -23.013645476, 0.0 ], [ -46.982355868000013, -23.012910962, 0.0 ], [ -46.982255375, -23.012876621, 0.0 ], [ -46.981954637999898, -23.013629829, 0.0 ] ] ] } },
{ "type": "Feature", "properties": { }, "geometry": { "type": "Polygon", "coordinates": [ [ [ -46.982484719000013, -23.012550916999899, 0.0 ], [ -46.98239785, -23.012521460999899, 0.0 ], [ -46.982255375, -23.012876621, 0.0 ], [ -46.982355868000013, -23.012910962, 0.0 ], [ -46.982484719000013, -23.012550916999899, 0.0 ] ] ] } },
{ "type": "Feature", "properties": { }, "geometry": { "type": "Polygon", "coordinates": [ [ [ -46.98239785, -23.012521460999899, 0.0 ], [ -46.982484719000013, -23.012550916999899, 0.0 ], [ -46.982638677, -23.012063317, 0.0 ], [ -46.982583599, -23.012045262999901, 0.0 ], [ -46.98239785, -23.012521460999899, 0.0 ] ] ] } },
{ "type": "Feature", "properties": { }, "geometry": { "type": "Polygon", "coordinates": [ [ [ -46.983068717, -23.011112523999898, 0.0 ], [ -46.982993145, -23.011081262999902, 0.0 ], [ -46.982870174, -23.0113359969999, 0.0 ], [ -46.982583599, -23.012045262999901, 0.0 ], [ -46.982638677, -23.012063317, 0.0 ], [ -46.982941618999988, -23.011360528, 0.0 ], [ -46.983068717, -23.011112523999898, 0.0 ] ] ] } },
{ "type": "Feature", "properties": { }, "geometry": { "type": "Polygon", "coordinates": [ [ [ -46.982993145, -23.011081262999902, 0.0 ], [ -46.983068717, -23.011112523999898, 0.0 ], [ -46.983353322, -23.010580213, 0.0 ], [ -46.983597497999902, -23.010183171999898, 0.0 ], [ -46.984102865999908, -23.009449038, 0.0 ], [ -46.984033187, -23.009407677999899, 0.0 ], [ -46.983680426, -23.009913884, 0.0 ], [ -46.983280566, -23.010543644999899, 0.0 ], [ -46.982993145, -23.011081262999902, 0.0 ] ] ] } },
{ "type": "Feature", "properties": { }, "geometry": { "type": "Polygon", "coordinates": [ [ [ -46.984033187, -23.009407677999899, 0.0 ], [ -46.984102865999908, -23.009449038, 0.0 ], [ -46.985187969, -23.007922356999899, 0.0 ], [ -46.985102072, -23.007871011, 0.0 ], [ -46.984033187, -23.009407677999899, 0.0 ] ] ] } },
{ "type": "Feature", "properties": { }, "geometry": { "type": "Polygon", "coordinates": [ [ [ -46.985102072, -23.007871011, 0.0 ], [ -46.985187969, -23.007922356999899, 0.0 ], [ -46.985462066, -23.007626563, 0.0 ], [ -46.985326758, -23.007546346, 0.0 ], [ -46.985102072, -23.007871011, 0.0 ] ] ] } },
{ "type": "Feature", "properties": { }, "geometry": { "type": "Polygon", "coordinates": [ [ [ -46.985691768, -23.007303281, 0.0 ], [ -46.985552427999899, -23.007220537, 0.0 ], [ -46.985326758, -23.007546346, 0.0 ], [ -46.985462066, -23.007626563, 0.0 ], [ -46.985691768, -23.007303281, 0.0 ] ] ] } },
{ "type": "Feature", "properties": { }, "geometry": { "type": "Polygon", "coordinates": [ [ [ -46.985976031, -23.0068946859999, 0.0 ], [ -46.985836908999893, -23.006811626999902, 0.0 ], [ -46.985552427999899, -23.007220537, 0.0 ], [ -46.985691769, -23.007303281, 0.0 ], [ -46.985976031, -23.0068946859999, 0.0 ] ] ] } },
{ "type": "Feature", "properties": { }, "geometry": { "type": "Polygon", "coordinates": [ [ [ -46.986012501999909, -23.006559589999899, 0.0 ], [ -46.986082063, -23.00660112, 0.0 ], [ -46.986297734999908, -23.006330562, 0.0 ], [ -46.986207442, -23.006277213, 0.0 ], [ -46.986012501999909, -23.006559589999899, 0.0 ] ] ] } },
{ "type": "Feature", "properties": { }, "geometry": { "type": "Polygon", "coordinates": [ [ [ -46.986663817, -23.005809298, 0.0 ], [ -46.986569624, -23.0057532289999, 0.0 ], [ -46.986207442, -23.006277213, 0.0 ], [ -46.986297734999908, -23.006330562, 0.0 ], [ -46.986663817, -23.005809298, 0.0 ] ] ] } },
{ "type": "Feature", "properties": { }, "geometry": { "type": "Polygon", "coordinates": [ [ [ -46.986569624, -23.0057532289999, 0.0 ], [ -46.986663817, -23.005809298, 0.0 ], [ -46.986849506999903, -23.005559009, 0.0 ], [ -46.986747196, -23.00549796, 0.0 ], [ -46.986569624, -23.0057532289999, 0.0 ] ] ] } },
{ "type": "Feature", "properties": { }, "geometry": { "type": "Polygon", "coordinates": [ [ [ -46.986849508, -23.005559009, 0.0 ], [ -46.986945159999898, -23.005396391, 0.0 ], [ -46.986854642, -23.005343368999899, 0.0 ], [ -46.986747196, -23.00549796, 0.0 ], [ -46.986849508, -23.005559009, 0.0 ] ] ] } },
{ "type": "Feature", "properties": { }, "geometry": { "type": "Polygon", "coordinates": [ [ [ -46.986854642, -23.005343368999899, 0.0 ], [ -46.986945159999898, -23.005396391, 0.0 ], [ -46.987395293, -23.004752783999901, 0.0 ], [ -46.987296334999897, -23.004695254999891, 0.0 ], [ -46.986854642, -23.005343368999899, 0.0 ] ] ] } },
{ "type": "Feature", "properties": { }, "geometry": { "type": "Polygon", "coordinates": [ [ [ -46.987936426, -23.003798251, 0.0 ], [ -46.987849323, -23.003757946999901, 0.0 ], [ -46.987508503999898, -23.004371955, 0.0 ], [ -46.987296334999897, -23.004695254999891, 0.0 ], [ -46.987395293, -23.004752783999901, 0.0 ], [ -46.98760576, -23.004419509999899, 0.0 ], [ -46.987936426, -23.003798251, 0.0 ] ] ] } },
{ "type": "Feature", "properties": { }, "geometry": { "type": "Polygon", "coordinates": [ [ [ -46.987849323, -23.003757946999901, 0.0 ], [ -46.987936426, -23.003798251, 0.0 ], [ -46.988233866, -23.003142472, 0.0 ], [ -46.988156753999903, -23.003114625, 0.0 ], [ -46.987849323, -23.003757946999901, 0.0 ] ] ] } },
{ "type": "Feature", "properties": { }, "geometry": { "type": "Polygon", "coordinates": [ [ [ -46.988302938999901, -23.0029103319999, 0.0 ], [ -46.988248171, -23.0028914929999, 0.0 ], [ -46.988156753999903, -23.003114625, 0.0 ], [ -46.988233866, -23.003142472, 0.0 ], [ -46.988302938999901, -23.0029103319999, 0.0 ] ] ] } },
{ "type": "Feature", "properties": { }, "geometry": { "type": "Polygon", "coordinates": [ [ [ -46.988248171, -23.0028914929999, 0.0 ], [ -46.988302938999901, -23.0029103319999, 0.0 ], [ -46.988632706999987, -23.002036345, 0.0 ], [ -46.98856281, -23.002016746, 0.0 ], [ -46.988248171, -23.0028914929999, 0.0 ] ] ] } },
{ "type": "Feature", "properties": { }, "geometry": { "type": "Polygon", "coordinates": [ [ [ -46.988669560999902, -23.001887095, 0.0 ], [ -46.988608412, -23.0018719679999, 0.0 ], [ -46.98856281, -23.002016746, 0.0 ], [ -46.988632706999987, -23.002036345, 0.0 ], [ -46.988669560999902, -23.001887095, 0.0 ] ] ] } },
{ "type": "Feature", "properties": { }, "geometry": { "type": "Polygon", "coordinates": [ [ [ -46.988608412, -23.0018719679999, 0.0 ], [ -46.988669560999902, -23.001887095, 0.0 ], [ -46.988731862999899, -23.001706183, 0.0 ], [ -46.988661306, -23.001688729, 0.0 ], [ -46.988608412, -23.0018719679999, 0.0 ] ] ] } },
{ "type": "Feature", "properties": { }, "geometry": { "type": "Polygon", "coordinates": [ [ [ -46.988847989, -23.00143886, 0.0 ], [ -46.988733966, -23.001415207, 0.0 ], [ -46.988661306, -23.001688729, 0.0 ], [ -46.988731862999899, -23.001706183, 0.0 ], [ -46.988847989, -23.00143886, 0.0 ] ] ] } },
{ "type": "Feature", "properties": { }, "geometry": { "type": "Polygon", "coordinates": [ [ [ -46.988733966, -23.001415207, 0.0 ], [ -46.988847989, -23.00143886, 0.0 ], [ -46.9889207639999, -23.001152435999899, 0.0 ], [ -46.988801674999898, -23.001129136, 0.0 ], [ -46.988733966, -23.001415207, 0.0 ] ] ] } },
{ "type": "Feature", "properties": { }, "geometry": { "type": "Polygon", "coordinates": [ [ [ -46.988801674999898, -23.001129136, 0.0 ], [ -46.9889207639999, -23.001152435999899, 0.0 ], [ -46.988981188, -23.001015163, 0.0 ], [ -46.9888332949999, -23.0009872639999, 0.0 ], [ -46.988801674999898, -23.001129136, 0.0 ] ] ] } },
{ "type": "Feature", "properties": { }, "geometry": { "type": "Polygon", "coordinates": [ [ [ -46.988955791, -23.000806855999901, 0.0 ], [ -46.988874454, -23.000792659999899, 0.0 ], [ -46.9888332949999, -23.0009872639999, 0.0 ], [ -46.988981188, -23.001015163, 0.0 ], [ -46.988955791, -23.000806855999901, 0.0 ] ] ] } },
{ "type": "Feature", "properties": { }, "geometry": { "type": "Polygon", "coordinates": [ [ [ -46.988874454, -23.000792659999899, 0.0 ], [ -46.988955791, -23.000806855999901, 0.0 ], [ -46.989020358999909, -23.000618610999901, 0.0 ], [ -46.98890977, -23.000602311, 0.0 ], [ -46.988874454, -23.000792659999899, 0.0 ] ] ] } },
{ "type": "Feature", "properties": { }, "geometry": { "type": "Polygon", "coordinates": [ [ [ -46.98890977, -23.000602311, 0.0 ], [ -46.989020358999909, -23.000618610999901, 0.0 ], [ -46.989095633, -23.000317024, 0.0 ], [ -46.988960831, -23.000298205, 0.0 ], [ -46.98890977, -23.000602311, 0.0 ] ] ] } },
{ "type": "Feature", "properties": { }, "geometry": { "type": "Polygon", "coordinates": [ [ [ -46.989153474, -23.0000614749999, 0.0 ], [ -46.988999051, -23.000042341, 0.0 ], [ -46.988960831, -23.000298205, 0.0 ], [ -46.989095633, -23.000317024, 0.0 ], [ -46.989153474, -23.0000614749999, 0.0 ] ] ] } },
{ "type": "Feature", "properties": { }, "geometry": { "type": "Polygon", "coordinates": [ [ [ -46.988999051, -23.000042341, 0.0 ], [ -46.989153474, -23.0000614749999, 0.0 ], [ -46.989188129999903, -22.999622254, 0.0 ], [ -46.989057669, -22.999607313999899, 0.0 ], [ -46.988999051, -23.000042341, 0.0 ] ] ] } },
{ "type": "Feature", "properties": { }, "geometry": { "type": "Polygon", "coordinates": [ [ [ -46.989222246999901, -22.999403678, 0.0 ], [ -46.989086959000012, -22.999388146999902, 0.0 ], [ -46.989057669, -22.999607313999899, 0.0 ], [ -46.989188129999903, -22.999622254, 0.0 ], [ -46.989222246999901, -22.999403678, 0.0 ] ] ] } },
{ "type": "Feature", "properties": { }, "geometry": { "type": "Polygon", "coordinates": [ [ [ -46.989233210999899, -22.99881176, 0.0 ], [ -46.989160736, -22.998802811, 0.0 ], [ -46.989086959000012, -22.999388146999902, 0.0 ], [ -46.989159435, -22.999396466999901, 0.0 ], [ -46.989233210999899, -22.99881176, 0.0 ] ] ] } },
{ "type": "Feature", "properties": { }, "geometry": { "type": "Polygon", "coordinates": [ [ [ -46.990140982999897, -22.991300545999891, 0.0 ], [ -46.990227959, -22.99131045, 0.0 ], [ -46.990401203, -22.990069059, 0.0 ], [ -46.990304544, -22.990058205, 0.0 ], [ -46.990140982999897, -22.991300545999891, 0.0 ] ] ] } },
{ "type": "Feature", "properties": { }, "geometry": { "type": "Polygon", "coordinates": [ [ [ -46.990304544, -22.990058205, 0.0 ], [ -46.990401203, -22.990069059, 0.0 ], [ -46.990486868999902, -22.989684238999899, 0.0 ], [ -46.990356485999897, -22.9896687909999, 0.0 ], [ -46.990304544, -22.990058205, 0.0 ] ] ] } },
{ "type": "Feature", "properties": { }, "geometry": { "type": "Polygon", "coordinates": [ [ [ -46.990356485999897, -22.9896687909999, 0.0 ], [ -46.990486868999902, -22.989684238999899, 0.0 ], [ -46.990541361999902, -22.989197857, 0.0 ], [ -46.990420451000013, -22.989184974999901, 0.0 ], [ -46.990356485999897, -22.9896687909999, 0.0 ] ] ] } },
{ "type": "Feature", "properties": { }, "geometry": { "type": "Polygon", "coordinates": [ [ [ -46.990652876999903, -22.987883022999899, 0.0 ], [ -46.990560711999898, -22.987875770999899, 0.0 ], [ -46.990420451000013, -22.989184974999901, 0.0 ], [ -46.99057038, -22.989200948, 0.0 ], [ -46.990652876999903, -22.987883022999899, 0.0 ] ] ] } },
{ "type": "Feature", "properties": { }, "geometry": { "type": "Polygon", "coordinates": [ [ [ -46.990560711999898, -22.987875770999899, 0.0 ], [ -46.990652876999903, -22.987883022999899, 0.0 ], [ -46.990685382, -22.987551358, 0.0 ], [ -46.990588251999988, -22.987545084, 0.0 ], [ -46.990560711999898, -22.987875770999899, 0.0 ] ] ] } },
{ "type": "Feature", "properties": { }, "geometry": { "type": "Polygon", "coordinates": [ [ [ -46.99071328, -22.984030934, 0.0 ], [ -46.990616062999912, -22.984035882, 0.0 ], [ -46.990642087, -22.985012754, 0.0 ], [ -46.990622882, -22.986780494999898, 0.0 ], [ -46.990588251999988, -22.987545084, 0.0 ], [ -46.990685382, -22.987551358, 0.0 ], [ -46.990720218, -22.986782687999899, 0.0 ], [ -46.990739452, -22.985012815999902, 0.0 ], [ -46.99071328, -22.984030934, 0.0 ] ] ] } },
{ "type": "Feature", "properties": { }, "geometry": { "type": "Polygon", "coordinates": [ [ [ -46.990616062999912, -22.984035882, 0.0 ], [ -46.99071328, -22.984030934, 0.0 ], [ -46.990692136999897, -22.983608385, 0.0 ], [ -46.990585414, -22.983616691999899, 0.0 ], [ -46.990616062999912, -22.984035882, 0.0 ] ] ] } },
{ "type": "Feature", "properties": { }, "geometry": { "type": "Polygon", "coordinates": [ [ [ -46.989370567, -22.975579329, 0.0 ], [ -46.9893122, -22.975581513999899, 0.0 ], [ -46.989325128, -22.975793713, 0.0 ], [ -46.989388166, -22.9757885729999, 0.0 ], [ -46.989370567, -22.975579329, 0.0 ] ] ] } },
{ "type": "Feature", "properties": { }, "geometry": { "type": "Polygon", "coordinates": [ [ [ -46.989416289, -22.975193434999898, 0.0 ], [ -46.989329332999901, -22.975183456, 0.0 ], [ -46.98931106, -22.975506367, 0.0 ], [ -46.989379203999903, -22.975505510999898, 0.0 ], [ -46.989416289, -22.975193434999898, 0.0 ] ] ] } },
{ "type": "Feature", "properties": { }, "geometry": { "type": "Polygon", "coordinates": [ [ [ -46.989370567, -22.975579329, 0.0 ], [ -46.989379203999903, -22.975505510999898, 0.0 ], [ -46.98931106, -22.975506367, 0.0 ], [ -46.9893122, -22.975581513999899, 0.0 ], [ -46.989370567, -22.975579329, 0.0 ] ] ] } },
{ "type": "Feature", "properties": { }, "geometry": { "type": "Polygon", "coordinates": [ [ [ -46.98961224, -22.974428775, 0.0 ], [ -46.989530552, -22.974399428, 0.0 ], [ -46.989497270999898, -22.974478852999901, 0.0 ], [ -46.989392983, -22.974828015999901, 0.0 ], [ -46.989329332999901, -22.975183456, 0.0 ], [ -46.989416289, -22.975193434999898, 0.0 ], [ -46.989478596, -22.974845375, 0.0 ], [ -46.989528218, -22.974655321999901, 0.0 ], [ -46.98961224, -22.974428775, 0.0 ] ] ] } },
{ "type": "Feature", "properties": { }, "geometry": { "type": "Polygon", "coordinates": [ [ [ -46.989530552, -22.974399428, 0.0 ], [ -46.98961224, -22.974428775, 0.0 ], [ -46.989683767, -22.974248987, 0.0 ], [ -46.989612172, -22.974220594, 0.0 ], [ -46.989530552, -22.974399428, 0.0 ] ] ] } },
{ "type": "Feature", "properties": { }, "geometry": { "type": "Polygon", "coordinates": [ [ [ -46.989612172, -22.974220594, 0.0 ], [ -46.989683767, -22.974248987, 0.0 ], [ -46.989859097, -22.9739446039999, 0.0 ], [ -46.989939655999898, -22.973833101, 0.0 ], [ -46.989865952999899, -22.973789226, 0.0 ], [ -46.989787104999898, -22.973902784, 0.0 ], [ -46.989612172, -22.974220594, 0.0 ] ] ] } },
{ "type": "Feature", "properties": { }, "geometry": { "type": "Polygon", "coordinates": [ [ [ -46.989865952999899, -22.973789226, 0.0 ], [ -46.989939655999898, -22.973833101, 0.0 ], [ -46.990213178, -22.973406235, 0.0 ], [ -46.99019035, -22.973389319, 0.0 ], [ -46.989865952999899, -22.973789226, 0.0 ] ] ] } },
{ "type": "Feature", "properties": { }, "geometry": { "type": "Polygon", "coordinates": [ [ [ -46.990191247, -22.973388375, 0.0 ], [ -46.990213178, -22.973406235, 0.0 ], [ -46.990406177, -22.973300536999901, 0.0 ], [ -46.990344982999908, -22.973242469999899, 0.0 ], [ -46.990191247, -22.973388375, 0.0 ] ] ] } },
{ "type": "Feature", "properties": { }, "geometry": { "type": "Polygon", "coordinates": [ [ [ -46.99144888, -22.9723699799999, 0.0 ], [ -46.991388390999909, -22.972311283, 0.0 ], [ -46.990344982999908, -22.973242469999899, 0.0 ], [ -46.990406177, -22.973300536999901, 0.0 ], [ -46.99144888, -22.9723699799999, 0.0 ] ] ] } },
{ "type": "Feature", "properties": { }, "geometry": { "type": "Polygon", "coordinates": [ [ [ -46.992270574, -22.971657201, 0.0 ], [ -46.9921640869999, -22.97156467, 0.0 ], [ -46.991388390999909, -22.972311283, 0.0 ], [ -46.99144888, -22.9723699799999, 0.0 ], [ -46.992270574, -22.971657201, 0.0 ] ] ] } },
{ "type": "Feature", "properties": { }, "geometry": { "type": "Polygon", "coordinates": [ [ [ -46.9921640869999, -22.97156467, 0.0 ], [ -46.992274123999898, -22.971660284999899, 0.0 ], [ -46.9924991359999, -22.971421829, 0.0 ], [ -46.992719523999902, -22.971144299999899, 0.0 ], [ -46.992585505, -22.9710622979999, 0.0 ], [ -46.992380010999987, -22.971329141, 0.0 ], [ -46.9921640869999, -22.97156467, 0.0 ] ] ] } },
{ "type": "Feature", "properties": { }, "geometry": { "type": "Polygon", "coordinates": [ [ [ -46.993161066, -22.9705848249999, 0.0 ], [ -46.992940952999987, -22.970488655999901, 0.0 ], [ -46.992697243, -22.97090108, 0.0 ], [ -46.992910713, -22.971027028, 0.0 ], [ -46.993161066, -22.9705848249999, 0.0 ] ] ] } },
{ "type": "Feature", "properties": { }, "geometry": { "type": "Polygon", "coordinates": [ [ [ -46.993274173, -22.970372660999899, 0.0 ], [ -46.993041871999907, -22.970279572, 0.0 ], [ -46.992940952999987, -22.970488655999901, 0.0 ], [ -46.993161066, -22.9705848249999, 0.0 ], [ -46.993274173, -22.970372660999899, 0.0 ] ] ] } },
{ "type": "Feature", "properties": { }, "geometry": { "type": "Polygon", "coordinates": [ [ [ -46.993041871999907, -22.970279572, 0.0 ], [ -46.993274173, -22.970372659999899, 0.0 ], [ -46.994096387, -22.968458638, 0.0 ], [ -46.993860508, -22.968373621999898, 0.0 ], [ -46.993041871999907, -22.970279572, 0.0 ] ] ] } },
{ "type": "Feature", "properties": { }, "geometry": { "type": "Polygon", "coordinates": [ [ [ -46.994152688, -22.968299844999901, 0.0 ], [ -46.993925882, -22.968218099, 0.0 ], [ -46.993860508, -22.968373621999898, 0.0 ], [ -46.994096387, -22.968458638, 0.0 ], [ -46.994152688, -22.968299844999901, 0.0 ] ] ] } },
{ "type": "Feature", "properties": { }, "geometry": { "type": "Polygon", "coordinates": [ [ [ -46.993925882, -22.968218099, 0.0 ], [ -46.994152688, -22.968299844999901, 0.0 ], [ -46.994273625, -22.9680830799999, 0.0 ], [ -46.994017449, -22.967996823, 0.0 ], [ -46.993925882, -22.968218099, 0.0 ] ] ] } },
{ "type": "Feature", "properties": { }, "geometry": { "type": "Polygon", "coordinates": [ [ [ -46.994017449, -22.967996823, 0.0 ], [ -46.994174334, -22.968049648, 0.0 ], [ -46.994189338000012, -22.96800755, 0.0 ], [ -46.99403380199989, -22.967955179999901, 0.0 ], [ -46.994017449, -22.967996823, 0.0 ] ] ] } },
{ "type": "Feature", "properties": { }, "geometry": { "type": "Polygon", "coordinates": [ [ [ -46.99403380199989, -22.967955179999901, 0.0 ], [ -46.994189338000012, -22.96800755, 0.0 ], [ -46.994319161, -22.967570986999899, 0.0 ], [ -46.994174, -22.96753283, 0.0 ], [ -46.99403380199989, -22.967955179999901, 0.0 ] ] ] } },
{ "type": "Feature", "properties": { }, "geometry": { "type": "Polygon", "coordinates": [ [ [ -46.994174, -22.96753283, 0.0 ], [ -46.994319161, -22.967570986999899, 0.0 ], [ -46.994395014000013, -22.967138829, 0.0 ], [ -46.994260009, -22.967121521, 0.0 ], [ -46.994174, -22.96753283, 0.0 ] ] ] } },
{ "type": "Feature", "properties": { }, "geometry": { "type": "Polygon", "coordinates": [ [ [ -46.994260009, -22.967121521, 0.0 ], [ -46.994395014000013, -22.967138829, 0.0 ], [ -46.99443478300001, -22.9668916279999, 0.0 ], [ -46.994456506999903, -22.966581641999898, 0.0 ], [ -46.994291102, -22.966586741999901, 0.0 ], [ -46.994286009999897, -22.966878601, 0.0 ], [ -46.994260009, -22.967121521, 0.0 ] ] ] } },
{ "type": "Feature", "properties": { }, "geometry": { "type": "Polygon", "coordinates": [ [ [ -46.994451431, -22.96645211, 0.0 ], [ -46.994286233, -22.966461326999902, 0.0 ], [ -46.994291102, -22.966586741999901, 0.0 ], [ -46.994456506999903, -22.966581641999898, 0.0 ], [ -46.994451431, -22.96645211, 0.0 ] ] ] } },
{ "type": "Feature", "properties": { }, "geometry": { "type": "Polygon", "coordinates": [ [ [ -46.994286233, -22.966461326999902, 0.0 ], [ -46.994451431, -22.96645211, 0.0 ], [ -46.994387961, -22.966138713, 0.0 ], [ -46.994253342, -22.9661584249999, 0.0 ], [ -46.994286233, -22.966461326999902, 0.0 ] ] ] } },
{ "type": "Feature", "properties": { }, "geometry": { "type": "Polygon", "coordinates": [ [ [ -46.994257726999898, -22.965681778, 0.0 ], [ -46.994154806, -22.965709166, 0.0 ], [ -46.994253342, -22.9661584249999, 0.0 ], [ -46.994387961, -22.966138713, 0.0 ], [ -46.994328498, -22.965893478999899, 0.0 ], [ -46.994257726999898, -22.965681778, 0.0 ] ] ] } },
{ "type": "Feature", "properties": { }, "geometry": { "type": "Polygon", "coordinates": [ [ [ -46.993939349999899, -22.96515705, 0.0 ], [ -46.994070042, -22.965452872999901, 0.0 ], [ -46.994154806, -22.965709166, 0.0 ], [ -46.994257726999898, -22.965681778, 0.0 ], [ -46.994170551, -22.965418658, 0.0 ], [ -46.994037793, -22.965118025, 0.0 ], [ -46.993939349999899, -22.96515705, 0.0 ] ] ] } },
{ "type": "Feature", "properties": { }, "geometry": { "type": "Polygon", "coordinates": [ [ [ -46.993939349999899, -22.96515705, 0.0 ], [ -46.994037793, -22.965118023999899, 0.0 ], [ -46.993889755999902, -22.964801513999902, 0.0 ], [ -46.99371286600001, -22.9645016539999, 0.0 ], [ -46.993583984999901, -22.964582650999901, 0.0 ], [ -46.993773388, -22.964858133999901, 0.0 ], [ -46.993939349999899, -22.96515705, 0.0 ] ] ] } },
{ "type": "Feature", "properties": { }, "geometry": { "type": "Polygon", "coordinates": [ [ [ -46.993481393, -22.964187975999899, 0.0 ], [ -46.993353356999897, -22.964270115, 0.0 ], [ -46.993583984999901, -22.964582650999901, 0.0 ], [ -46.99371286600001, -22.9645016539999, 0.0 ], [ -46.993481393, -22.964187975999899, 0.0 ] ] ] } },
{ "type": "Feature", "properties": { }, "geometry": { "type": "Polygon", "coordinates": [ [ [ -46.993346549, -22.9639602509999, 0.0 ], [ -46.993194507999902, -22.964057791, 0.0 ], [ -46.993353356999897, -22.964270115, 0.0 ], [ -46.993481392, -22.964187975999899, 0.0 ], [ -46.993346549, -22.9639602509999, 0.0 ] ] ] } },
{ "type": "Feature", "properties": { }, "geometry": { "type": "Polygon", "coordinates": [ [ [ -46.993194507999902, -22.964057791, 0.0 ], [ -46.993346549, -22.9639602509999, 0.0 ], [ -46.993088598, -22.963635349999901, 0.0 ], [ -46.992947041, -22.963730988, 0.0 ], [ -46.993194507999902, -22.964057791, 0.0 ] ] ] } },
{ "type": "Feature", "properties": { }, "geometry": { "type": "Polygon", "coordinates": [ [ [ -46.992947041, -22.963730988, 0.0 ], [ -46.993088598, -22.963635349999901, 0.0 ], [ -46.992772332, -22.963247744999901, 0.0 ], [ -46.992632591, -22.963352948, 0.0 ], [ -46.992947041, -22.963730988, 0.0 ] ] ] } },
{ "type": "Feature", "properties": { }, "geometry": { "type": "Polygon", "coordinates": [ [ [ -46.992772332, -22.963247744999901, 0.0 ], [ -46.992435805, -22.962928131999899, 0.0 ], [ -46.992322220999903, -22.963039587, 0.0 ], [ -46.992632591, -22.963352948, 0.0 ], [ -46.992772332, -22.963247744999901, 0.0 ] ] ] } },
{ "type": "Feature", "properties": { }, "geometry": { "type": "Polygon", "coordinates": [ [ [ -46.992138677999897, -22.962881369999899, 0.0 ], [ -46.992322220999903, -22.963039587, 0.0 ], [ -46.992435805, -22.962928131, 0.0 ], [ -46.992247456, -22.962765875999899, 0.0 ], [ -46.992138677999897, -22.962881369999899, 0.0 ] ] ] } },
{ "type": "Feature", "properties": { }, "geometry": { "type": "Polygon", "coordinates": [ [ [ -46.992247455, -22.962765875999899, 0.0 ], [ -46.991635464, -22.962355096, 0.0 ], [ -46.991559402, -22.962448756999901, 0.0 ], [ -46.992138677999897, -22.962881369999899, 0.0 ], [ -46.992247455, -22.962765875999899, 0.0 ] ] ] } },
{ "type": "Feature", "properties": { }, "geometry": { "type": "Polygon", "coordinates": [ [ [ -46.991635464, -22.962355096, 0.0 ], [ -46.991433333, -22.962234821, 0.0 ], [ -46.991367076, -22.962323914, 0.0 ], [ -46.991559402, -22.962448756999901, 0.0 ], [ -46.991635464, -22.962355096, 0.0 ] ] ] } },
{ "type": "Feature", "properties": { }, "geometry": { "type": "Polygon", "coordinates": [ [ [ -46.991433333, -22.962234821, 0.0 ], [ -46.9895257, -22.961157976, 0.0 ], [ -46.98948338000001, -22.961218680999899, 0.0 ], [ -46.991367076, -22.962323914, 0.0 ], [ -46.991433333, -22.962234821, 0.0 ] ] ] } },
{ "type": "Feature", "properties": { }, "geometry": { "type": "Polygon", "coordinates": [ [ [ -46.989524973999899, -22.961157710999899, 0.0 ], [ -46.989354431, -22.960983300999899, 0.0 ], [ -46.989276441999912, -22.961097618999901, 0.0 ], [ -46.98948338000001, -22.961218680999899, 0.0 ], [ -46.989524973999899, -22.961157710999899, 0.0 ] ] ] } },
{ "type": "Feature", "properties": { }, "geometry": { "type": "Polygon", "coordinates": [ [ [ -46.987340826, -22.958160656, 0.0 ], [ -46.987264303, -22.958174264, 0.0 ], [ -46.987409495999898, -22.958711496, 0.0 ], [ -46.987569344999891, -22.959145505, 0.0 ], [ -46.987801942, -22.9596144389999, 0.0 ], [ -46.988114386999897, -22.960078080999899, 0.0 ], [ -46.988176371999899, -22.960034423, 0.0 ], [ -46.987870187999903, -22.959579624, 0.0 ], [ -46.987642025, -22.959119576, 0.0 ], [ -46.987484255, -22.958691251, 0.0 ], [ -46.987340826, -22.958160656, 0.0 ] ] ] } },
{ "type": "Feature", "properties": { }, "geometry": { "type": "Polygon", "coordinates": [ [ [ -46.987272211999901, -22.957782569, 0.0 ], [ -46.987168913, -22.957165776, 0.0 ], [ -46.987082429999901, -22.9571787419999, 0.0 ], [ -46.987195525999901, -22.957795123, 0.0 ], [ -46.987272211999901, -22.957782569, 0.0 ] ] ] } },
{ "type": "Feature", "properties": { }, "geometry": { "type": "Polygon", "coordinates": [ [ [ -46.987213349999891, -22.95683974, 0.0 ], [ -46.987030352, -22.956864579, 0.0 ], [ -46.987082429999901, -22.9571787419999, 0.0 ], [ -46.987168913, -22.957165776, 0.0 ], [ -46.987213349999891, -22.95683974, 0.0 ] ] ] } },
{ "type": "Feature", "properties": { }, "geometry": { "type": "Polygon", "coordinates": [ [ [ -46.987213349999891, -22.95683974, 0.0 ], [ -46.987195975, -22.956236139999898, 0.0 ], [ -46.986963269999897, -22.956255308, 0.0 ], [ -46.987030352, -22.956864579, 0.0 ], [ -46.987213349999891, -22.95683974, 0.0 ] ] ] } },
{ "type": "Feature", "properties": { }, "geometry": { "type": "Polygon", "coordinates": [ [ [ -46.986899852, -22.955603222, 0.0 ], [ -46.986963269999897, -22.956255308, 0.0 ], [ -46.987195975, -22.956236139999898, 0.0 ], [ -46.98713249, -22.955583373, 0.0 ], [ -46.986899852, -22.955603222, 0.0 ] ] ] } },
{ "type": "Feature", "properties": { }, "geometry": { "type": "Polygon", "coordinates": [ [ [ -46.987065813999898, -22.955404474, 0.0 ], [ -46.986881642999897, -22.955420187999898, 0.0 ], [ -46.986899852, -22.955603222, 0.0 ], [ -46.98713249, -22.955583373, 0.0 ], [ -46.987065813999898, -22.955404474, 0.0 ] ] ] } },
{ "type": "Feature", "properties": { }, "geometry": { "type": "Polygon", "coordinates": [ [ [ -46.986908805, -22.954354026, 0.0 ], [ -46.986787476, -22.954362536, 0.0 ], [ -46.986881642999897, -22.955420187999898, 0.0 ], [ -46.987065813999898, -22.955404474, 0.0 ], [ -46.986908805, -22.954354026, 0.0 ] ] ] } },
{ "type": "Feature", "properties": { }, "geometry": { "type": "Polygon", "coordinates": [ [ [ -46.986787476, -22.954362536, 0.0 ], [ -46.986908805, -22.954354026, 0.0 ], [ -46.986898093, -22.954163362, 0.0 ], [ -46.98677191, -22.9541722129999, 0.0 ], [ -46.986787476, -22.954362536, 0.0 ] ] ] } },
{ "type": "Feature", "properties": { }, "geometry": { "type": "Polygon", "coordinates": [ [ [ -46.986864285, -22.953988715, 0.0 ], [ -46.986757515, -22.953996204, 0.0 ], [ -46.98677191, -22.9541722129999, 0.0 ], [ -46.986898093, -22.954163362, 0.0 ], [ -46.986864285, -22.953988715, 0.0 ] ] ] } },
{ "type": "Feature", "properties": { }, "geometry": { "type": "Polygon", "coordinates": [ [ [ -46.986757515, -22.953996204, 0.0 ], [ -46.986864285, -22.953988715, 0.0 ], [ -46.986829241, -22.953551951999899, 0.0 ], [ -46.986717734, -22.953561092, 0.0 ], [ -46.986757515, -22.953996204, 0.0 ] ] ] } },
{ "type": "Feature", "properties": { }, "geometry": { "type": "Polygon", "coordinates": [ [ [ -46.98678526, -22.953231935999899, 0.0 ], [ -46.986688188999899, -22.953238648, 0.0 ], [ -46.986717734, -22.953561092, 0.0 ], [ -46.986829241, -22.953551951999899, 0.0 ], [ -46.98678526, -22.953231935999899, 0.0 ] ] ] } },
{ "type": "Feature", "properties": { }, "geometry": { "type": "Polygon", "coordinates": [ [ [ -46.986688188999899, -22.953238648, 0.0 ], [ -46.98678526, -22.953231935999899, 0.0 ], [ -46.986749506, -22.952861941, 0.0 ], [ -46.986652787999986, -22.952872124, 0.0 ], [ -46.986688188999899, -22.953238648, 0.0 ] ] ] } },
{ "type": "Feature", "properties": { }, "geometry": { "type": "Polygon", "coordinates": [ [ [ -46.986668473, -22.952459108, 0.0 ], [ -46.986582381999909, -22.9524741339999, 0.0 ], [ -46.986652787999986, -22.952872124, 0.0 ], [ -46.986749506, -22.952861941, 0.0 ], [ -46.986668473, -22.952459108, 0.0 ] ] ] } },
{ "type": "Feature", "properties": { }, "geometry": { "type": "Polygon", "coordinates": [ [ [ -46.986591795, -22.952134763999901, 0.0 ], [ -46.986498438999902, -22.952160288, 0.0 ], [ -46.986582381999909, -22.9524741339999, 0.0 ], [ -46.986668473, -22.952459108, 0.0 ], [ -46.986591795, -22.952134763999901, 0.0 ] ] ] } },
{ "type": "Feature", "properties": { }, "geometry": { "type": "Polygon", "coordinates": [ [ [ -46.986471114, -22.951840677, 0.0 ], [ -46.986389531, -22.951870240999899, 0.0 ], [ -46.986498438999902, -22.952160288, 0.0 ], [ -46.986591795, -22.952134763999901, 0.0 ], [ -46.986471114, -22.951840677, 0.0 ] ] ] } },
{ "type": "Feature", "properties": { }, "geometry": { "type": "Polygon", "coordinates": [ [ [ -46.986471114, -22.951840677, 0.0 ], [ -46.986372969999898, -22.951643555, 0.0 ], [ -46.986301751, -22.951672721, 0.0 ], [ -46.986389531, -22.951870240999899, 0.0 ], [ -46.986471114, -22.951840677, 0.0 ] ] ] } },
{ "type": "Feature", "properties": { }, "geometry": { "type": "Polygon", "coordinates": [ [ [ -46.9863043, -22.95147872, 0.0 ], [ -46.986224733, -22.9515126699999, 0.0 ], [ -46.986301751, -22.951672721, 0.0 ], [ -46.986372969999898, -22.951643553999901, 0.0 ], [ -46.9863043, -22.95147872, 0.0 ] ] ] } },
{ "type": "Feature", "properties": { }, "geometry": { "type": "Polygon", "coordinates": [ [ [ -46.986224733, -22.9515126699999, 0.0 ], [ -46.986348504, -22.9514598589999, 0.0 ], [ -46.986148151, -22.950989384, 0.0 ], [ -46.986001218999903, -22.95104945, 0.0 ], [ -46.986224733, -22.9515126699999, 0.0 ] ] ] } },
{ "type": "Feature", "properties": { }, "geometry": { "type": "Polygon", "coordinates": [ [ [ -46.985972466, -22.950440898, 0.0 ], [ -46.985761533, -22.950510382999909, 0.0 ], [ -46.986001218999903, -22.95104945, 0.0 ], [ -46.98614815, -22.950989384, 0.0 ], [ -46.985972466, -22.950440898, 0.0 ] ] ] } },
{ "type": "Feature", "properties": { }, "geometry": { "type": "Polygon", "coordinates": [ [ [ -46.985892319, -22.950115272999899, 0.0 ], [ -46.985646196999902, -22.950186775999899, 0.0 ], [ -46.985761533, -22.950510382999909, 0.0 ], [ -46.985972466, -22.950440898, 0.0 ], [ -46.985892319, -22.950115272999899, 0.0 ] ] ] } },
{ "type": "Feature", "properties": { }, "geometry": { "type": "Polygon", "coordinates": [ [ [ -46.98574159399989, -22.949492832, 0.0 ], [ -46.985482272, -22.949502294999899, 0.0 ], [ -46.985561515, -22.949897561999901, 0.0 ], [ -46.985646196999902, -22.950186775999899, 0.0 ], [ -46.985892319, -22.950115272999899, 0.0 ], [ -46.985812411, -22.949841745, 0.0 ], [ -46.98574159399989, -22.949492832, 0.0 ] ] ] } },
{ "type": "Feature", "properties": { }, "geometry": { "type": "Polygon", "coordinates": [ [ [ -46.98574159399989, -22.949492832, 0.0 ], [ -46.985637668, -22.948873037999899, 0.0 ], [ -46.98539127, -22.948900771, 0.0 ], [ -46.985482218, -22.9495019619999, 0.0 ], [ -46.98574159399989, -22.949492832, 0.0 ] ] ] } },
{ "type": "Feature", "properties": { }, "geometry": { "type": "Polygon", "coordinates": [ [ [ -46.985637668, -22.948873037999899, 0.0 ], [ -46.985521290999898, -22.948692234, 0.0 ], [ -46.985366629999902, -22.948709183999899, 0.0 ], [ -46.98539127, -22.948900771, 0.0 ], [ -46.985637668, -22.948873037999899, 0.0 ] ] ] } },
{ "type": "Feature", "properties": { }, "geometry": { "type": "Polygon", "coordinates": [ [ [ -46.985366629999902, -22.948709183999899, 0.0 ], [ -46.985521290999898, -22.948692234, 0.0 ], [ -46.985474317, -22.948631452, 0.0 ], [ -46.985358322, -22.948644164, 0.0 ], [ -46.985366629999902, -22.948709183999899, 0.0 ] ] ] } },
{ "type": "Feature", "properties": { }, "geometry": { "type": "Polygon", "coordinates": [ [ [ -46.985343063999913, -22.948524754999902, 0.0 ], [ -46.985358322, -22.948644164, 0.0 ], [ -46.985474317, -22.948631452, 0.0 ], [ -46.98545906, -22.948512042999901, 0.0 ], [ -46.985343063999913, -22.948524754999902, 0.0 ] ] ] } },
{ "type": "Feature", "properties": { }, "geometry": { "type": "Polygon", "coordinates": [ [ [ -46.98545906, -22.948512042999901, 0.0 ], [ -46.985516036, -22.948344269, 0.0 ], [ -46.985322709999899, -22.948365457, 0.0 ], [ -46.985343063999913, -22.948524754999902, 0.0 ], [ -46.98545906, -22.948512042999901, 0.0 ] ] ] } },
{ "type": "Feature", "properties": { }, "geometry": { "type": "Polygon", "coordinates": [ [ [ -46.985303233, -22.948217478999901, 0.0 ], [ -46.985496476, -22.948195649, 0.0 ], [ -46.985406735, -22.948169461, 0.0 ], [ -46.985298128999901, -22.948178718999898, 0.0 ], [ -46.985303233, -22.948217478999901, 0.0 ] ] ] } },
{ "type": "Feature", "properties": { }, "geometry": { "type": "Polygon", "coordinates": [ [ [ -46.985303233, -22.948217478999901, 0.0 ], [ -46.985322709999899, -22.948365457, 0.0 ], [ -46.985516036, -22.948344269, 0.0 ], [ -46.985496476, -22.948195649, 0.0 ], [ -46.985303233, -22.948217478999901, 0.0 ] ] ] } },
{ "type": "Feature", "properties": { }, "geometry": { "type": "Polygon", "coordinates": [ [ [ -46.985240695, -22.947734821, 0.0 ], [ -46.985298128999901, -22.948178718999898, 0.0 ], [ -46.985385087999902, -22.948168896, 0.0 ], [ -46.9853277079999, -22.947725423999898, 0.0 ], [ -46.985240695, -22.947734821, 0.0 ] ] ] } },
{ "type": "Feature", "properties": { }, "geometry": { "type": "Polygon", "coordinates": [ [ [ -46.9853277079999, -22.947725423999898, 0.0 ], [ -46.985283938, -22.947302308, 0.0 ], [ -46.985187277, -22.947312913, 0.0 ], [ -46.985240695, -22.947734821, 0.0 ], [ -46.9853277079999, -22.947725423999898, 0.0 ] ] ] } },
{ "type": "Feature", "properties": { }, "geometry": { "type": "Polygon", "coordinates": [ [ [ -46.985283938, -22.947302308, 0.0 ], [ -46.985254047999902, -22.947183579999901, 0.0 ], [ -46.985171887, -22.947192594, 0.0 ], [ -46.985187277, -22.947312913, 0.0 ], [ -46.985283938, -22.947302308, 0.0 ] ] ] } },
{ "type": "Feature", "properties": { }, "geometry": { "type": "Polygon", "coordinates": [ [ [ -46.985254047999902, -22.947183579999901, 0.0 ], [ -46.985178245, -22.946780727, 0.0 ], [ -46.985120243, -22.946787045, 0.0 ], [ -46.985171887, -22.947192594, 0.0 ], [ -46.985254047999902, -22.947183579999901, 0.0 ] ] ] } },
{ "type": "Feature", "properties": { }, "geometry": { "type": "Polygon", "coordinates": [ [ [ -46.985178245, -22.946780727, 0.0 ], [ -46.985105346999902, -22.9457958959999, 0.0 ], [ -46.984998649, -22.945804143, 0.0 ], [ -46.985120243, -22.946787045, 0.0 ], [ -46.985178245, -22.946780727, 0.0 ] ] ] } },
{ "type": "Feature", "properties": { }, "geometry": { "type": "Polygon", "coordinates": [ [ [ -46.98508279, -22.944960029, 0.0 ], [ -46.985005457999897, -22.944951588, 0.0 ], [ -46.984990476, -22.945069318, 0.0 ], [ -46.98497822, -22.945431660999901, 0.0 ], [ -46.984998649, -22.945804143, 0.0 ], [ -46.985105346999902, -22.9457958959999, 0.0 ], [ -46.985072472999903, -22.945427512, 0.0 ], [ -46.98508279, -22.944960029, 0.0 ] ] ] } },
{ "type": "Feature", "properties": { }, "geometry": { "type": "Polygon", "coordinates": [ [ [ -46.985005457999897, -22.944951588, 0.0 ], [ -46.98508279, -22.944960029, 0.0 ], [ -46.985165161999902, -22.9445366049999, 0.0 ], [ -46.985299634999897, -22.944148755, 0.0 ], [ -46.985241215, -22.944125911999901, 0.0 ], [ -46.985096014, -22.944523278, 0.0 ], [ -46.985005457999897, -22.944951588, 0.0 ] ] ] } },
{ "type": "Feature", "properties": { }, "geometry": { "type": "Polygon", "coordinates": [ [ [ -46.985408096, -22.943973941, 0.0 ], [ -46.98532954, -22.943938036999899, 0.0 ], [ -46.985241215, -22.944125911999901, 0.0 ], [ -46.98529954, -22.944148615, 0.0 ], [ -46.985408096, -22.943973941, 0.0 ] ] ] } },
{ "type": "Feature", "properties": { }, "geometry": { "type": "Polygon", "coordinates": [ [ [ -46.98532954, -22.943938036999899, 0.0 ], [ -46.985408096, -22.943973941, 0.0 ], [ -46.985606892, -22.943659153999899, 0.0 ], [ -46.985850032, -22.94335597, 0.0 ], [ -46.9861390189999, -22.943069099999899, 0.0 ], [ -46.986331166999904, -22.942908751999909, 0.0 ], [ -46.986234177, -22.942807682, 0.0 ], [ -46.986039366999897, -22.9429843469999, 0.0 ], [ -46.985755927999897, -22.943288923999901, 0.0 ], [ -46.98552117, -22.94360627, 0.0 ], [ -46.98532954, -22.943938036999899, 0.0 ] ] ] } },
{ "type": "Feature", "properties": { }, "geometry": { "type": "Polygon", "coordinates": [ [ [ -46.986573677, -22.942614212, 0.0 ], [ -46.9865372679999, -22.942571922, 0.0 ], [ -46.986234177, -22.942807682, 0.0 ], [ -46.986331166999904, -22.942908751999909, 0.0 ], [ -46.986573677, -22.942614212, 0.0 ] ] ] } },
{ "type": "Feature", "properties": { }, "geometry": { "type": "Polygon", "coordinates": [ [ [ -46.987216563999901, -22.942195289, 0.0 ], [ -46.987194542999887, -22.942160223, 0.0 ], [ -46.98713599, -22.942191761999901, 0.0 ], [ -46.9865372679999, -22.942571922, 0.0 ], [ -46.986573677, -22.942614211, 0.0 ], [ -46.986935834, -22.942364341, 0.0 ], [ -46.987216563999901, -22.942195289, 0.0 ] ] ] } },
{ "type": "Feature", "properties": { }, "geometry": { "type": "Polygon", "coordinates": [ [ [ -46.988616361000012, -22.941706424, 0.0 ], [ -46.988553367999899, -22.941574524, 0.0 ], [ -46.988204664, -22.941713525999901, 0.0 ], [ -46.98824289399991, -22.941796428, 0.0 ], [ -46.988616361000012, -22.941706424, 0.0 ] ] ] } },
{ "type": "Feature", "properties": { }, "geometry": { "type": "Polygon", "coordinates": [ [ [ -46.988553367999899, -22.941574524, 0.0 ], [ -46.988616363999903, -22.941706430999901, 0.0 ], [ -46.989144253999903, -22.941499032, 0.0 ], [ -46.989081101, -22.941362273, 0.0 ], [ -46.988553367999899, -22.941574524, 0.0 ] ] ] } },
{ "type": "Feature", "properties": { }, "geometry": { "type": "Polygon", "coordinates": [ [ [ -46.989081101, -22.941362273, 0.0 ], [ -46.989144253999903, -22.941499032, 0.0 ], [ -46.989331485, -22.941424868, 0.0 ], [ -46.989268333, -22.941288109, 0.0 ], [ -46.989081101, -22.941362273, 0.0 ] ] ] } },
{ "type": "Feature", "properties": { }, "geometry": { "type": "Polygon", "coordinates": [ [ [ -46.989268333, -22.941288109, 0.0 ], [ -46.989331486, -22.941424868, 0.0 ], [ -46.989906193, -22.941173827999901, 0.0 ], [ -46.989852518, -22.941057826, 0.0 ], [ -46.989268333, -22.941288109, 0.0 ] ] ] } },
{ "type": "Feature", "properties": { }, "geometry": { "type": "Polygon", "coordinates": [ [ [ -46.989852518, -22.941057826, 0.0 ], [ -46.989906193, -22.941173827999901, 0.0 ], [ -46.9904491469999, -22.940954605999899, 0.0 ], [ -46.990382428, -22.940834331999898, 0.0 ], [ -46.989852518, -22.941057826, 0.0 ] ] ] } },
{ "type": "Feature", "properties": { }, "geometry": { "type": "Polygon", "coordinates": [ [ [ -46.990382428, -22.940834331999898, 0.0 ], [ -46.990449148, -22.940954605999899, 0.0 ], [ -46.990622895999898, -22.940910602, 0.0 ], [ -46.990527719999903, -22.940763748999899, 0.0 ], [ -46.990382428, -22.940834331999898, 0.0 ] ] ] } },
{ "type": "Feature", "properties": { }, "geometry": { "type": "Polygon", "coordinates": [ [ [ -46.990781379999902, -22.940817036999899, 0.0 ], [ -46.990687610999899, -22.940674663, 0.0 ], [ -46.990527719999903, -22.940763748999899, 0.0 ], [ -46.990622895999898, -22.940910602, 0.0 ], [ -46.990781379999902, -22.940817036999899, 0.0 ] ] ] } },
{ "type": "Feature", "properties": { }, "geometry": { "type": "Polygon", "coordinates": [ [ [ -46.990687610999899, -22.940674663, 0.0 ], [ -46.990781379999902, -22.940817036999899, 0.0 ], [ -46.991110117999902, -22.940613804, 0.0 ], [ -46.991010726, -22.940480179, 0.0 ], [ -46.990687610999899, -22.940674663, 0.0 ] ] ] } },
{ "type": "Feature", "properties": { }, "geometry": { "type": "Polygon", "coordinates": [ [ [ -46.99125673, -22.9404564109999, 0.0 ], [ -46.991180825999898, -22.940362648, 0.0 ], [ -46.991010726, -22.940480179, 0.0 ], [ -46.991110119000012, -22.940613804, 0.0 ], [ -46.99125673, -22.9404564109999, 0.0 ] ] ] } },
{ "type": "Feature", "properties": { }, "geometry": { "type": "Polygon", "coordinates": [ [ [ -46.991180825999898, -22.940362648, 0.0 ], [ -46.99125673, -22.9404564109999, 0.0 ], [ -46.991570936, -22.940222874, 0.0 ], [ -46.991484277, -22.940131393999899, 0.0 ], [ -46.991180825999898, -22.940362648, 0.0 ] ] ] } },
{ "type": "Feature", "properties": { }, "geometry": { "type": "Polygon", "coordinates": [ [ [ -46.991484277, -22.940131393999899, 0.0 ], [ -46.991570936, -22.940222874, 0.0 ], [ -46.991812247000013, -22.940001075999898, 0.0 ], [ -46.991720302, -22.939920566, 0.0 ], [ -46.991484277, -22.940131393999899, 0.0 ] ] ] } },
{ "type": "Feature", "properties": { }, "geometry": { "type": "Polygon", "coordinates": [ [ [ -46.991720302, -22.939920566, 0.0 ], [ -46.991812247000013, -22.940001075999898, 0.0 ], [ -46.99202586, -22.93978206, 0.0 ], [ -46.991929555, -22.939706047999898, 0.0 ], [ -46.991720302, -22.939920566, 0.0 ] ] ] } },
{ "type": "Feature", "properties": { }, "geometry": { "type": "Polygon", "coordinates": [ [ [ -46.992265429, -22.939440091999899, 0.0 ], [ -46.992194849, -22.939392037999902, 0.0 ], [ -46.991929555, -22.939706047999898, 0.0 ], [ -46.99202586, -22.93978206, 0.0 ], [ -46.992265429, -22.939440091999899, 0.0 ] ] ] } },
{ "type": "Feature", "properties": { }, "geometry": { "type": "Polygon", "coordinates": [ [ [ -46.992194849, -22.939392037999902, 0.0 ], [ -46.992265429, -22.939440091999899, 0.0 ], [ -46.992482467, -22.9391534489999, 0.0 ], [ -46.992420055, -22.939110327, 0.0 ], [ -46.992194849, -22.939392037999902, 0.0 ] ] ] } },
{ "type": "Feature", "properties": { }, "geometry": { "type": "Polygon", "coordinates": [ [ [ -46.992772644, -22.938802595, 0.0 ], [ -46.992701859, -22.938754801, 0.0 ], [ -46.992420055, -22.939110327, 0.0 ], [ -46.992482467, -22.9391534489999, 0.0 ], [ -46.992772644, -22.938802595, 0.0 ] ] ] } },
{ "type": "Feature", "properties": { }, "geometry": { "type": "Polygon", "coordinates": [ [ [ -46.992701859, -22.938754801, 0.0 ], [ -46.992772644, -22.938802595, 0.0 ], [ -46.993127434, -22.938439668999901, 0.0 ], [ -46.993019038999897, -22.938363190999901, 0.0 ], [ -46.992701859, -22.938754801, 0.0 ] ] ] } },
{ "type": "Feature", "properties": { }, "geometry": { "type": "Polygon", "coordinates": [ [ [ -46.993322974, -22.938236657999909, 0.0 ], [ -46.9932159419999, -22.938144693, 0.0 ], [ -46.993019038999897, -22.938363190999901, 0.0 ], [ -46.993127434, -22.938439668999901, 0.0 ], [ -46.993322974, -22.938236657999909, 0.0 ] ] ] } },
{ "type": "Feature", "properties": { }, "geometry": { "type": "Polygon", "coordinates": [ [ [ -46.9932159419999, -22.938144693, 0.0 ], [ -46.993322974, -22.938236657999909, 0.0 ], [ -46.993534489, -22.938038946, 0.0 ], [ -46.99342806, -22.937939916, 0.0 ], [ -46.9932159419999, -22.938144693, 0.0 ] ] ] } },
{ "type": "Feature", "properties": { }, "geometry": { "type": "Polygon", "coordinates": [ [ [ -46.99342806, -22.937939916, 0.0 ], [ -46.993534489, -22.938038946, 0.0 ], [ -46.99383784899991, -22.937777943, 0.0 ], [ -46.994094558, -22.937599758, 0.0 ], [ -46.994424894, -22.937412025999901, 0.0 ], [ -46.994746171, -22.937269177999902, 0.0 ], [ -46.994687813, -22.937140327999899, 0.0 ], [ -46.994353723, -22.9372887759999, 0.0 ], [ -46.994009644999899, -22.9374842299999, 0.0 ], [ -46.993741525, -22.937670366, 0.0 ], [ -46.99342806, -22.937939916, 0.0 ] ] ] } },
{ "type": "Feature", "properties": { }, "geometry": { "type": "Polygon", "coordinates": [ [ [ -46.994687813, -22.937140327999899, 0.0 ], [ -46.994746171, -22.937269177999902, 0.0 ], [ -46.994944878999902, -22.9371653759999, 0.0 ], [ -46.994900883, -22.937060318, 0.0 ], [ -46.994687813, -22.937140327999899, 0.0 ] ] ] } },
{ "type": "Feature", "properties": { }, "geometry": { "type": "Polygon", "coordinates": [ [ [ -46.995224500999903, -22.9370294359999, 0.0 ], [ -46.995200071999911, -22.93696096, 0.0 ], [ -46.994900883, -22.937060318, 0.0 ], [ -46.994944878999902, -22.9371653749999, 0.0 ], [ -46.995224500999903, -22.9370294359999, 0.0 ] ] ] } },
{ "type": "Feature", "properties": { }, "geometry": { "type": "Polygon", "coordinates": [ [ [ -46.995716851999902, -22.936821773, 0.0 ], [ -46.995731043, -22.9368834919999, 0.0 ], [ -46.99612366600001, -22.9368346699999, 0.0 ], [ -46.996473411999901, -22.936769339, 0.0 ], [ -46.996425337999902, -22.936641659, 0.0 ], [ -46.996101761000013, -22.936735473999899, 0.0 ], [ -46.995716851999902, -22.936821773, 0.0 ] ] ] } },
{ "type": "Feature", "properties": { }, "geometry": { "type": "Polygon", "coordinates": [ [ [ -46.997033944999892, -22.936519624, 0.0 ], [ -46.99698813, -22.93643, 0.0 ], [ -46.996425337999902, -22.936641659, 0.0 ], [ -46.996473411999901, -22.936769339, 0.0 ], [ -46.997033944999892, -22.936519624, 0.0 ] ] ] } },
{ "type": "Feature", "properties": { }, "geometry": { "type": "Polygon", "coordinates": [ [ [ -46.99698813, -22.93643, 0.0 ], [ -46.997033945999902, -22.936519624, 0.0 ], [ -46.997384167, -22.936369721999899, 0.0 ], [ -46.997718194999898, -22.9361841589999, 0.0 ], [ -46.997638601999903, -22.936081722, 0.0 ], [ -46.997326528, -22.936270486, 0.0 ], [ -46.99698813, -22.93643, 0.0 ] ] ] } },
{ "type": "Feature", "properties": { }, "geometry": { "type": "Polygon", "coordinates": [ [ [ -46.997638601999903, -22.936081722, 0.0 ], [ -46.997718194999898, -22.9361841589999, 0.0 ], [ -46.998049384999902, -22.935964971, 0.0 ], [ -46.997942633, -22.935853848, 0.0 ], [ -46.997638601999903, -22.936081722, 0.0 ] ] ] } },
{ "type": "Feature", "properties": { }, "geometry": { "type": "Polygon", "coordinates": [ [ [ -46.997942633, -22.935853848, 0.0 ], [ -46.998049385999899, -22.935964971, 0.0 ], [ -46.998317336, -22.935713480999901, 0.0 ], [ -46.998202536, -22.935616022, 0.0 ], [ -46.997942633, -22.935853848, 0.0 ] ] ] } },
{ "type": "Feature", "properties": { }, "geometry": { "type": "Polygon", "coordinates": [ [ [ -46.998604849999893, -22.935392506, 0.0 ], [ -46.99855095, -22.935217215999899, 0.0 ], [ -46.998202536, -22.935616022, 0.0 ], [ -46.998317336, -22.935713480999901, 0.0 ], [ -46.998604849999893, -22.935392506, 0.0 ] ] ] } },
{ "type": "Feature", "properties": { }, "geometry": { "type": "Polygon", "coordinates": [ [ [ -46.998604849999893, -22.935392506, 0.0 ], [ -46.998806252999913, -22.935110815, 0.0 ], [ -46.998684134, -22.935036711, 0.0 ], [ -46.99855095, -22.935217215999899, 0.0 ], [ -46.998604849999893, -22.935392506, 0.0 ] ] ] } },
{ "type": "Feature", "properties": { }, "geometry": { "type": "Polygon", "coordinates": [ [ [ -46.998927227, -22.9349565119999, 0.0 ], [ -46.998788803, -22.934881102999899, 0.0 ], [ -46.998684134, -22.935036711, 0.0 ], [ -46.998806252999913, -22.935110815, 0.0 ], [ -46.998927227, -22.9349565119999, 0.0 ] ] ] } },
{ "type": "Feature", "properties": { }, "geometry": { "type": "Polygon", "coordinates": [ [ [ -46.998788803, -22.934881102999899, 0.0 ], [ -46.998927227, -22.9349565119999, 0.0 ], [ -46.999145633999909, -22.9346281219999, 0.0 ], [ -46.998993077, -22.9345483459999, 0.0 ], [ -46.998788803, -22.934881102999899, 0.0 ] ] ] } },
{ "type": "Feature", "properties": { }, "geometry": { "type": "Polygon", "coordinates": [ [ [ -46.999207737, -22.934471231, 0.0 ], [ -46.999080605, -22.934404752, 0.0 ], [ -46.998993077, -22.9345483459999, 0.0 ], [ -46.999145633999909, -22.9346281219999, 0.0 ], [ -46.999207737, -22.934471231, 0.0 ] ] ] } },
{ "type": "Feature", "properties": { }, "geometry": { "type": "Polygon", "coordinates": [ [ [ -46.999080605, -22.934404752, 0.0 ], [ -46.999207737, -22.934471231, 0.0 ], [ -46.99937675, -22.934331476999901, 0.0 ], [ -46.9991860539999, -22.934231758, 0.0 ], [ -46.999080605, -22.934404752, 0.0 ] ] ] } },
{ "type": "Feature", "properties": { }, "geometry": { "type": "Polygon", "coordinates": [ [ [ -46.9991860539999, -22.934231758, 0.0 ], [ -46.9993767509999, -22.934331476999901, 0.0 ], [ -46.999627088999901, -22.93378681, 0.0 ], [ -46.999500345, -22.9337197, 0.0 ], [ -46.9991860539999, -22.934231758, 0.0 ] ] ] } },
{ "type": "Feature", "properties": { }, "geometry": { "type": "Polygon", "coordinates": [ [ [ -46.999500345, -22.9337197, 0.0 ], [ -46.999627088999901, -22.933786809, 0.0 ], [ -46.999725866999903, -22.933617687, 0.0 ], [ -46.999603347999887, -22.933552813999899, 0.0 ], [ -46.999500345, -22.9337197, 0.0 ] ] ] } },
{ "type": "Feature", "properties": { }, "geometry": { "type": "Polygon", "coordinates": [ [ [ -46.999603347999887, -22.933552813999899, 0.0 ], [ -46.999725866999903, -22.933617687, 0.0 ], [ -47.000041977, -22.933151381, 0.0 ], [ -46.999912547, -22.933071178, 0.0 ], [ -46.999603347999887, -22.933552813999899, 0.0 ] ] ] } },
{ "type": "Feature", "properties": { }, "geometry": { "type": "Polygon", "coordinates": [ [ [ -46.999912547, -22.933071178, 0.0 ], [ -47.000041977, -22.933151381, 0.0 ], [ -47.000328158999899, -22.932768801999899, 0.0 ], [ -47.000220425999899, -22.932677483, 0.0 ], [ -46.999912547, -22.933071178, 0.0 ] ] ] } },
{ "type": "Feature", "properties": { }, "geometry": { "type": "Polygon", "coordinates": [ [ [ -47.000453779999901, -22.932623266, 0.0 ], [ -47.000360277, -22.9325377659999, 0.0 ], [ -47.000220425999899, -22.932677483, 0.0 ], [ -47.000328125999907, -22.932768773, 0.0 ], [ -47.000453779999901, -22.932623266, 0.0 ] ] ] } },
{ "type": "Feature", "properties": { }, "geometry": { "type": "Polygon", "coordinates": [ [ [ -47.000360277, -22.9325377659999, 0.0 ], [ -47.000453779999901, -22.932623266, 0.0 ], [ -47.000789827999903, -22.932343161999899, 0.0 ], [ -47.000710839, -22.932245909999899, 0.0 ], [ -47.000360277, -22.9325377659999, 0.0 ] ] ] } },
{ "type": "Feature", "properties": { }, "geometry": { "type": "Polygon", "coordinates": [ [ [ -47.001007536, -22.932180267, 0.0 ], [ -47.000948093, -22.932092425999901, 0.0 ], [ -47.000710839, -22.932245909999899, 0.0 ], [ -47.000789827999903, -22.932343161999899, 0.0 ], [ -47.001007536, -22.932180267, 0.0 ] ] ] } },
{ "type": "Feature", "properties": { }, "geometry": { "type": "Polygon", "coordinates": [ [ [ -47.000948093, -22.932092425999901, 0.0 ], [ -47.001007536, -22.932180267, 0.0 ], [ -47.001172271, -22.932053459, 0.0 ], [ -47.001133711, -22.931990805999899, 0.0 ], [ -47.000948093, -22.932092425999901, 0.0 ] ] ] } },
{ "type": "Feature", "properties": { }, "geometry": { "type": "Polygon", "coordinates": [ [ [ -47.001133711, -22.931990805999899, 0.0 ], [ -47.001172271, -22.932053459, 0.0 ], [ -47.001512141, -22.931913081999902, 0.0 ], [ -47.001481012999903, -22.931837244999901, 0.0 ], [ -47.001133711, -22.931990805999899, 0.0 ] ] ] } },
{ "type": "Feature", "properties": { }, "geometry": { "type": "Polygon", "coordinates": [ [ [ -47.001481012999903, -22.931837244999901, 0.0 ], [ -47.001512141, -22.931913081999902, 0.0 ], [ -47.001683119999903, -22.931850574999899, 0.0 ], [ -47.001656712999903, -22.931777958999891, 0.0 ], [ -47.001481012999903, -22.931837244999901, 0.0 ] ] ] } },
{ "type": "Feature", "properties": { }, "geometry": { "type": "Polygon", "coordinates": [ [ [ -47.002018854, -22.931810889, 0.0 ], [ -47.001992286, -22.931691703, 0.0 ], [ -47.001656712999903, -22.931777958999891, 0.0 ], [ -47.001683119999903, -22.931850574999899, 0.0 ], [ -47.002018854, -22.931810889, 0.0 ] ] ] } },
{ "type": "Feature", "properties": { }, "geometry": { "type": "Polygon", "coordinates": [ [ [ -47.001992286, -22.931691703, 0.0 ], [ -47.002018854, -22.931810889, 0.0 ], [ -47.002171513999897, -22.931772769999899, 0.0 ], [ -47.002155985999913, -22.931661006999899, 0.0 ], [ -47.001992286, -22.931691703, 0.0 ] ] ] } },
{ "type": "Feature", "properties": { }, "geometry": { "type": "Polygon", "coordinates": [ [ [ -47.002546706, -22.93173746, 0.0 ], [ -47.002540037999907, -22.931624945, 0.0 ], [ -47.002155985999913, -22.931661006999899, 0.0 ], [ -47.002171513999897, -22.931772769999899, 0.0 ], [ -47.002546706, -22.93173746, 0.0 ] ] ] } },
{ "type": "Feature", "properties": { }, "geometry": { "type": "Polygon", "coordinates": [ [ [ -47.002540037999907, -22.931624945, 0.0 ], [ -47.002546706, -22.93173746, 0.0 ], [ -47.002907141, -22.931727287999902, 0.0 ], [ -47.002910992, -22.931623679, 0.0 ], [ -47.002540037999907, -22.931624945, 0.0 ] ] ] } },
{ "type": "Feature", "properties": { }, "geometry": { "type": "Polygon", "coordinates": [ [ [ -47.002910992, -22.931623679, 0.0 ], [ -47.002907141, -22.931727287999902, 0.0 ], [ -47.00347793, -22.9317739369999, 0.0 ], [ -47.003484596, -22.9316478809999, 0.0 ], [ -47.002910992, -22.931623679, 0.0 ] ] ] } },
{ "type": "Feature", "properties": { }, "geometry": { "type": "Polygon", "coordinates": [ [ [ -47.003484596, -22.9316478809999, 0.0 ], [ -47.003477931, -22.931773937, 0.0 ], [ -47.003812297, -22.931774437999898, 0.0 ], [ -47.003817563000013, -22.931661859, 0.0 ], [ -47.003484596, -22.9316478809999, 0.0 ] ] ] } },
{ "type": "Feature", "properties": { }, "geometry": { "type": "Polygon", "coordinates": [ [ [ -47.003817563000013, -22.931661859, 0.0 ], [ -47.003812297, -22.931774437999898, 0.0 ], [ -47.00428564899989, -22.931800777, 0.0 ], [ -47.004287629, -22.931674583, 0.0 ], [ -47.003817563000013, -22.931661859, 0.0 ] ] ] } },
{ "type": "Feature", "properties": { }, "geometry": { "type": "Polygon", "coordinates": [ [ [ -47.004287629, -22.931674583, 0.0 ], [ -47.00428564899989, -22.931800777, 0.0 ], [ -47.004701559, -22.931787764, 0.0 ], [ -47.004696033, -22.9316661719999, 0.0 ], [ -47.004287629, -22.931674583, 0.0 ] ] ] } },
{ "type": "Feature", "properties": { }, "geometry": { "type": "Polygon", "coordinates": [ [ [ -47.005335580999898, -22.931736913999899, 0.0 ], [ -47.005325985999903, -22.931624579999902, 0.0 ], [ -47.004696033, -22.9316661719999, 0.0 ], [ -47.004701559, -22.931787764, 0.0 ], [ -47.005335580999898, -22.931736913999899, 0.0 ] ] ] } },
{ "type": "Feature", "properties": { }, "geometry": { "type": "Polygon", "coordinates": [ [ [ -47.005325985999903, -22.931624579999902, 0.0 ], [ -47.005335580999898, -22.931736913999899, 0.0 ], [ -47.006459658, -22.931651135, 0.0 ], [ -47.006449188, -22.931543393, 0.0 ], [ -47.005325985999903, -22.931624579999902, 0.0 ] ] ] } },
{ "type": "Feature", "properties": { }, "geometry": { "type": "Polygon", "coordinates": [ [ [ -47.006630542, -22.931622703, 0.0 ], [ -47.006619384, -22.931528613999909, 0.0 ], [ -47.006449188, -22.931543393, 0.0 ], [ -47.006459658, -22.931651135, 0.0 ], [ -47.006630542, -22.931622703, 0.0 ] ] ] } },
{ "type": "Feature", "properties": { }, "geometry": { "type": "Polygon", "coordinates": [ [ [ -47.006619384, -22.931528613999909, 0.0 ], [ -47.006630542, -22.931622703, 0.0 ], [ -47.006849415, -22.931604438, 0.0 ], [ -47.006834876, -22.931506193, 0.0 ], [ -47.006619384, -22.931528613999909, 0.0 ] ] ] } },
{ "type": "Feature", "properties": { }, "geometry": { "type": "Polygon", "coordinates": [ [ [ -47.006834876, -22.931506193, 0.0 ], [ -47.006849415, -22.931604438, 0.0 ], [ -47.007267315, -22.931504134, 0.0 ], [ -47.0072555469999, -22.931446559999898, 0.0 ], [ -47.006834876, -22.931506193, 0.0 ] ] ] } },
{ "type": "Feature", "properties": { }, "geometry": { "type": "Polygon", "coordinates": [ [ [ -47.007490177, -22.9314750949999, 0.0 ], [ -47.007474341999988, -22.931404483999899, 0.0 ], [ -47.0072555469999, -22.931446559999898, 0.0 ], [ -47.007267315, -22.931504134, 0.0 ], [ -47.007490177, -22.9314750949999, 0.0 ] ] ] } },
{ "type": "Feature", "properties": { }, "geometry": { "type": "Polygon", "coordinates": [ [ [ -47.007474341999988, -22.931404483999899, 0.0 ], [ -47.007490177, -22.9314750949999, 0.0 ], [ -47.0087814299999, -22.931199359, 0.0 ], [ -47.008769033, -22.931146501999901, 0.0 ], [ -47.007474341999988, -22.931404483999899, 0.0 ] ] ] } },
{ "type": "Feature", "properties": { }, "geometry": { "type": "Polygon", "coordinates": [ [ [ -47.008769033, -22.931146501999901, 0.0 ], [ -47.0087814299999, -22.931199359, 0.0 ], [ -47.009501622999899, -22.931097198, 0.0 ], [ -47.009488787, -22.931026066, 0.0 ], [ -47.008769033, -22.931146501999901, 0.0 ] ] ] } },
{ "type": "Feature", "properties": { }, "geometry": { "type": "Polygon", "coordinates": [ [ [ -47.009900470999987, -22.931063992, 0.0 ], [ -47.009890409, -22.930983395999899, 0.0 ], [ -47.009488787, -22.931026066, 0.0 ], [ -47.009501622999899, -22.931097198, 0.0 ], [ -47.009900470999987, -22.931063992, 0.0 ] ] ] } },
{ "type": "Feature", "properties": { }, "geometry": { "type": "Polygon", "coordinates": [ [ [ -47.009890409, -22.930983395999899, 0.0 ], [ -47.009900470999987, -22.931063992, 0.0 ], [ -47.01009078, -22.931062085999901, 0.0 ], [ -47.010081876, -22.93096779, 0.0 ], [ -47.009890409, -22.930983395999899, 0.0 ] ] ] } },
{ "type": "Feature", "properties": { }, "geometry": { "type": "Polygon", "coordinates": [ [ [ -47.010303296, -22.931094641, 0.0 ], [ -47.010289727, -22.9309509519999, 0.0 ], [ -47.010081876, -22.93096779, 0.0 ], [ -47.01009078, -22.931062085999901, 0.0 ], [ -47.010303296, -22.931094641, 0.0 ] ] ] } },
{ "type": "Feature", "properties": { }, "geometry": { "type": "Polygon", "coordinates": [ [ [ -47.010289727, -22.9309509519999, 0.0 ], [ -47.010303296, -22.931094641, 0.0 ], [ -47.010500158, -22.9310770599999, 0.0 ], [ -47.010484507999898, -22.9309335529999, 0.0 ], [ -47.010289727, -22.9309509519999, 0.0 ] ] ] } },
{ "type": "Feature", "properties": { }, "geometry": { "type": "Polygon", "coordinates": [ [ [ -47.010689227999897, -22.930990556, 0.0 ], [ -47.010684508999901, -22.93091857, 0.0 ], [ -47.010484507999898, -22.9309335529999, 0.0 ], [ -47.010500158, -22.9310770599999, 0.0 ], [ -47.010689227999897, -22.930990556, 0.0 ] ] ] } },
{ "type": "Feature", "properties": { }, "geometry": { "type": "Polygon", "coordinates": [ [ [ -47.010684508999901, -22.93091857, 0.0 ], [ -47.010689227999897, -22.930990556, 0.0 ], [ -47.010856552999897, -22.930982517, 0.0 ], [ -47.010853154999893, -22.930910466999901, 0.0 ], [ -47.010684508999901, -22.93091857, 0.0 ] ] ] } },
{ "type": "Feature", "properties": { }, "geometry": { "type": "Polygon", "coordinates": [ [ [ -47.011055348999911, -22.93101417, 0.0 ], [ -47.011054219, -22.930905996, 0.0 ], [ -47.010853154999893, -22.930910466999901, 0.0 ], [ -47.010856552999897, -22.930982517, 0.0 ], [ -47.011055348999911, -22.93101417, 0.0 ] ] ] } },
{ "type": "Feature", "properties": { }, "geometry": { "type": "Polygon", "coordinates": [ [ [ -47.011054219, -22.930905996, 0.0 ], [ -47.0110553499999, -22.93101417, 0.0 ], [ -47.011247791, -22.931060075999898, 0.0 ], [ -47.011251812999888, -22.930906869, 0.0 ], [ -47.011054219, -22.930905996, 0.0 ] ] ] } },
{ "type": "Feature", "properties": { }, "geometry": { "type": "Polygon", "coordinates": [ [ [ -47.011251812999888, -22.930906869, 0.0 ], [ -47.011247791, -22.931060075999898, 0.0 ], [ -47.011661261, -22.9310704859999, 0.0 ], [ -47.011672972, -22.930926656999901, 0.0 ], [ -47.011251812999888, -22.930906869, 0.0 ] ] ] } },
{ "type": "Feature", "properties": { }, "geometry": { "type": "Polygon", "coordinates": [ [ [ -47.011672972, -22.930926656999901, 0.0 ], [ -47.011661261, -22.9310704859999, 0.0 ], [ -47.0118585, -22.931087239, 0.0 ], [ -47.012413851, -22.931192205999899, 0.0 ], [ -47.012447027999897, -22.931046669999901, 0.0 ], [ -47.011884548, -22.93094379, 0.0 ], [ -47.011672972, -22.930926656999901, 0.0 ] ] ] } },
{ "type": "Feature", "properties": { }, "geometry": { "type": "Polygon", "coordinates": [ [ [ -47.0127915469999, -22.931229217999899, 0.0 ], [ -47.012816680999897, -22.931118962, 0.0 ], [ -47.012447027999897, -22.931046669999901, 0.0 ], [ -47.012413852, -22.931192207, 0.0 ], [ -47.0127915469999, -22.931229217999899, 0.0 ] ] ] } },
{ "type": "Feature", "properties": { }, "geometry": { "type": "Polygon", "coordinates": [ [ [ -47.012816680999897, -22.931118962, 0.0 ], [ -47.0127915469999, -22.931229217999899, 0.0 ], [ -47.013520663, -22.931377338999901, 0.0 ], [ -47.013547342, -22.931262779999901, 0.0 ], [ -47.012816680999897, -22.931118962, 0.0 ] ] ] } },
{ "type": "Feature", "properties": { }, "geometry": { "type": "Polygon", "coordinates": [ [ [ -47.013909451, -22.931507478, 0.0 ], [ -47.0139481369999, -22.931353841, 0.0 ], [ -47.013547342, -22.931262779999901, 0.0 ], [ -47.013520663, -22.931377338999901, 0.0 ], [ -47.013909451, -22.931507478, 0.0 ] ] ] } },
{ "type": "Feature", "properties": { }, "geometry": { "type": "Polygon", "coordinates": [ [ [ -47.0139481369999, -22.931353841, 0.0 ], [ -47.013909451, -22.931507478, 0.0 ], [ -47.01429215400001, -22.93164006, 0.0 ], [ -47.014320962999903, -22.931416273, 0.0 ], [ -47.0139481369999, -22.931353841, 0.0 ] ] ] } },
{ "type": "Feature", "properties": { }, "geometry": { "type": "Polygon", "coordinates": [ [ [ -47.014503832999893, -22.931650732, 0.0 ], [ -47.014522907999897, -22.931435097, 0.0 ], [ -47.014320962999903, -22.931416273, 0.0 ], [ -47.01429215400001, -22.93164006, 0.0 ], [ -47.014503832999893, -22.931650732, 0.0 ] ] ] } },
{ "type": "Feature", "properties": { }, "geometry": { "type": "Polygon", "coordinates": [ [ [ -47.014522907999897, -22.931435097, 0.0 ], [ -47.014503832999893, -22.931650732, 0.0 ], [ -47.014687082, -22.93163706, 0.0 ], [ -47.014717421999897, -22.931449845, 0.0 ], [ -47.014522907999897, -22.931435097, 0.0 ] ] ] } },
{ "type": "Feature", "properties": { }, "geometry": { "type": "Polygon", "coordinates": [ [ [ -47.014717421999897, -22.931449845, 0.0 ], [ -47.014687082, -22.93163706, 0.0 ], [ -47.014892112999988, -22.9316195329999, 0.0 ], [ -47.014907637, -22.9314714829999, 0.0 ], [ -47.014717421999897, -22.931449845, 0.0 ] ] ] } },
{ "type": "Feature", "properties": { }, "geometry": { "type": "Polygon", "coordinates": [ [ [ -47.014907637, -22.9314714829999, 0.0 ], [ -47.014892112999988, -22.9316195329999, 0.0 ], [ -47.01526526, -22.931659904999901, 0.0 ], [ -47.015945621, -22.931689257, 0.0 ], [ -47.015942928999912, -22.931481929, 0.0 ], [ -47.015256796999893, -22.931490792, 0.0 ], [ -47.014907637, -22.9314714829999, 0.0 ] ] ] } },
{ "type": "Feature", "properties": { }, "geometry": { "type": "Polygon", "coordinates": [ [ [ -47.016202190999898, -22.931645828999901, 0.0 ], [ -47.016200024999897, -22.931479065, 0.0 ], [ -47.015942928999912, -22.931481929, 0.0 ], [ -47.015945094, -22.9316486929999, 0.0 ], [ -47.016202190999898, -22.931645828999901, 0.0 ] ] ] } },
{ "type": "Feature", "properties": { }, "geometry": { "type": "Polygon", "coordinates": [ [ [ -47.016200024999897, -22.931479065, 0.0 ], [ -47.016202190999898, -22.931645828999901, 0.0 ], [ -47.016472866999891, -22.931611925, 0.0 ], [ -47.016474291, -22.931481215, 0.0 ], [ -47.016200024999897, -22.931479065, 0.0 ] ] ] } },
{ "type": "Feature", "properties": { }, "geometry": { "type": "Polygon", "coordinates": [ [ [ -47.016617716, -22.931482554999899, 0.0 ], [ -47.016474291, -22.931481215, 0.0 ], [ -47.016472866999891, -22.931611925, 0.0 ], [ -47.016618523, -22.931613298999899, 0.0 ], [ -47.016617716, -22.931482554999899, 0.0 ] ] ] } },
{ "type": "Feature", "properties": { }, "geometry": { "type": "Polygon", "coordinates": [ [ [ -47.0183004209999, -22.931512811999902, 0.0 ], [ -47.018298554999902, -22.931634501, 0.0 ], [ -47.018510795999902, -22.931650816999898, 0.0 ], [ -47.018512868999899, -22.931515606999891, 0.0 ], [ -47.0183004209999, -22.931512811999902, 0.0 ] ] ] } },
{ "type": "Feature", "properties": { }, "geometry": { "type": "Polygon", "coordinates": [ [ [ -47.018512868999899, -22.931515606999891, 0.0 ], [ -47.018510795999902, -22.931650816999898, 0.0 ], [ -47.018758768999902, -22.931753253999901, 0.0 ], [ -47.018762363999898, -22.931518889, 0.0 ], [ -47.018512868999899, -22.931515606999891, 0.0 ] ] ] } },
{ "type": "Feature", "properties": { }, "geometry": { "type": "Polygon", "coordinates": [ [ [ -47.018762363999898, -22.931518889, 0.0 ], [ -47.018758770000012, -22.931753253999901, 0.0 ], [ -47.019378528999901, -22.931719558999902, 0.0 ], [ -47.019380983, -22.931525751, 0.0 ], [ -47.018762363999898, -22.931518889, 0.0 ] ] ] } },
{ "type": "Feature", "properties": { }, "geometry": { "type": "Polygon", "coordinates": [ [ [ -47.019380983, -22.931525751, 0.0 ], [ -47.01937853, -22.931719558999902, 0.0 ], [ -47.019660404, -22.931612361, 0.0 ], [ -47.019656856, -22.931522270999899, 0.0 ], [ -47.019380983, -22.931525751, 0.0 ] ] ] } },
{ "type": "Feature", "properties": { }, "geometry": { "type": "Polygon", "coordinates": [ [ [ -47.019656856, -22.931522270999899, 0.0 ], [ -47.019660404, -22.931612361, 0.0 ], [ -47.019979141, -22.9316049409999, 0.0 ], [ -47.019970756, -22.931506081, 0.0 ], [ -47.019656856, -22.931522270999899, 0.0 ] ] ] } },
{ "type": "Feature", "properties": { }, "geometry": { "type": "Polygon", "coordinates": [ [ [ -47.020555401, -22.931541803, 0.0 ], [ -47.020529864, -22.931427020999902, 0.0 ], [ -47.019970756, -22.931506081, 0.0 ], [ -47.019981604999899, -22.931604735, 0.0 ], [ -47.020555401, -22.931541803, 0.0 ] ] ] } },
{ "type": "Feature", "properties": { }, "geometry": { "type": "Polygon", "coordinates": [ [ [ -47.021268724, -22.931348891, 0.0 ], [ -47.021228547, -22.931247314, 0.0 ], [ -47.020529864, -22.931427020999902, 0.0 ], [ -47.020555401, -22.931541803, 0.0 ], [ -47.02083746599989, -22.93147606, 0.0 ], [ -47.021268724, -22.931348891, 0.0 ] ] ] } },
{ "type": "Feature", "properties": { }, "geometry": { "type": "Polygon", "coordinates": [ [ [ -47.021228547, -22.931247314, 0.0 ], [ -47.021268724, -22.931348891, 0.0 ], [ -47.021442018999913, -22.931270185, 0.0 ], [ -47.021407924, -22.931185748, 0.0 ], [ -47.021228547, -22.931247314, 0.0 ] ] ] } },
{ "type": "Feature", "properties": { }, "geometry": { "type": "Polygon", "coordinates": [ [ [ -47.021407924, -22.931185748, 0.0 ], [ -47.021442018999913, -22.931270185, 0.0 ], [ -47.022434862, -22.93088267, 0.0 ], [ -47.022398397, -22.930789434999902, 0.0 ], [ -47.021407924, -22.931185748, 0.0 ] ] ] } },
{ "type": "Feature", "properties": { }, "geometry": { "type": "Polygon", "coordinates": [ [ [ -47.023699549999897, -22.930534512999898, 0.0 ], [ -47.023684999, -22.930463663999909, 0.0 ], [ -47.023310475, -22.930532749999902, 0.0 ], [ -47.022839663999903, -22.93064865, 0.0 ], [ -47.022398397, -22.930789434999902, 0.0 ], [ -47.022434862, -22.93088267, 0.0 ], [ -47.023178324, -22.9306458299999, 0.0 ], [ -47.023699549999897, -22.930534512999898, 0.0 ] ] ] } },
{ "type": "Feature", "properties": { }, "geometry": { "type": "Polygon", "coordinates": [ [ [ -47.023684999, -22.930463663999909, 0.0 ], [ -47.023699549999897, -22.930534512999898, 0.0 ], [ -47.024556464999897, -22.930379323999901, 0.0 ], [ -47.024542908999898, -22.9303128879999, 0.0 ], [ -47.023684999, -22.930463663999909, 0.0 ] ] ] } },
{ "type": "Feature", "properties": { }, "geometry": { "type": "Polygon", "coordinates": [ [ [ -47.024542908999898, -22.9303128879999, 0.0 ], [ -47.024556466, -22.930379323999901, 0.0 ], [ -47.024779055, -22.930344944, 0.0 ], [ -47.024764594, -22.930274079, 0.0 ], [ -47.024542908999898, -22.9303128879999, 0.0 ] ] ] } },
{ "type": "Feature", "properties": { }, "geometry": { "type": "Polygon", "coordinates": [ [ [ -47.025378808, -22.930351417999901, 0.0 ], [ -47.025372569, -22.930216317, 0.0 ], [ -47.025111496, -22.930229778, 0.0 ], [ -47.024764594, -22.930274079, 0.0 ], [ -47.024779055, -22.930344944, 0.0 ], [ -47.02511527, -22.9303372809999, 0.0 ], [ -47.025378808, -22.930351417999901, 0.0 ] ] ] } },
{ "type": "Feature", "properties": { }, "geometry": { "type": "Polygon", "coordinates": [ [ [ -47.025372569, -22.930216317, 0.0 ], [ -47.025378808, -22.930351417999901, 0.0 ], [ -47.025579044, -22.9303721439999, 0.0 ], [ -47.025582469, -22.930214414, 0.0 ], [ -47.025372569, -22.930216317, 0.0 ] ] ] } },
{ "type": "Feature", "properties": { }, "geometry": { "type": "Polygon", "coordinates": [ [ [ -47.025582469, -22.930214414, 0.0 ], [ -47.025579044, -22.9303721439999, 0.0 ], [ -47.025799416, -22.9304200619999, 0.0 ], [ -47.025812287, -22.930226606999899, 0.0 ], [ -47.025582469, -22.930214414, 0.0 ] ] ] } },
{ "type": "Feature", "properties": { }, "geometry": { "type": "Polygon", "coordinates": [ [ [ -47.025812287, -22.930226606999899, 0.0 ], [ -47.025799416, -22.9304200619999, 0.0 ], [ -47.025922389999899, -22.930436706, 0.0 ], [ -47.025945695, -22.930239554, 0.0 ], [ -47.025812287, -22.930226606999899, 0.0 ] ] ] } },
{ "type": "Feature", "properties": { }, "geometry": { "type": "Polygon", "coordinates": [ [ [ -47.02634569, -22.930298219999909, 0.0 ], [ -47.025945695, -22.930239554, 0.0 ], [ -47.025922389999899, -22.930436706, 0.0 ], [ -47.026326806, -22.930492721999901, 0.0 ], [ -47.02634569, -22.930298219999909, 0.0 ] ] ] } },
{ "type": "Feature", "properties": { }, "geometry": { "type": "Polygon", "coordinates": [ [ [ -47.027005459999899, -22.9305886819999, 0.0 ], [ -47.027042832999904, -22.930495755, 0.0 ], [ -47.026708541999902, -22.930385293, 0.0 ], [ -47.026665997, -22.930514649, 0.0 ], [ -47.027005459999899, -22.9305886819999, 0.0 ] ] ] } },
{ "type": "Feature", "properties": { }, "geometry": { "type": "Polygon", "coordinates": [ [ [ -47.027042832999904, -22.930495755, 0.0 ], [ -47.027005459999899, -22.9305886819999, 0.0 ], [ -47.027352999999898, -22.930713274, 0.0 ], [ -47.027391935, -22.930616076, 0.0 ], [ -47.027042832999904, -22.930495755, 0.0 ] ] ] } },
{ "type": "Feature", "properties": { }, "geometry": { "type": "Polygon", "coordinates": [ [ [ -47.027391935, -22.930616076, 0.0 ], [ -47.027352999999898, -22.930713274, 0.0 ], [ -47.028272203, -22.930967859, 0.0 ], [ -47.028292317, -22.930912302, 0.0 ], [ -47.027391935, -22.930616076, 0.0 ] ] ] } },
{ "type": "Feature", "properties": { }, "geometry": { "type": "Polygon", "coordinates": [ [ [ -47.028292317, -22.930912302, 0.0 ], [ -47.028272203, -22.930967859, 0.0 ], [ -47.028492286999899, -22.931031633, 0.0 ], [ -47.028850163999898, -22.931102495, 0.0 ], [ -47.029203510999892, -22.931143746, 0.0 ], [ -47.029207508999903, -22.931062695, 0.0 ], [ -47.0286407, -22.93099705, 0.0 ], [ -47.028292317, -22.930912302, 0.0 ] ] ] } },
{ "type": "Feature", "properties": { }, "geometry": { "type": "Polygon", "coordinates": [ [ [ -47.029457486, -22.9311214599999, 0.0 ], [ -47.029453724999897, -22.931062966, 0.0 ], [ -47.029207508999903, -22.931062695, 0.0 ], [ -47.029203510999892, -22.931143746, 0.0 ], [ -47.029457486, -22.9311214599999, 0.0 ] ] ] } },
{ "type": "Feature", "properties": { }, "geometry": { "type": "Polygon", "coordinates": [ [ [ -47.030462542, -22.9310346739999, 0.0 ], [ -47.0304312499999, -22.930925777, 0.0 ], [ -47.030116037, -22.930994428999899, 0.0 ], [ -47.029663329, -22.931050158999899, 0.0 ], [ -47.029669435999899, -22.931117534999899, 0.0 ], [ -47.030114574, -22.9310887409999, 0.0 ], [ -47.030462542, -22.9310346739999, 0.0 ] ] ] } },
{ "type": "Feature", "properties": { }, "geometry": { "type": "Polygon", "coordinates": [ [ [ -47.029669435999899, -22.931117534999899, 0.0 ], [ -47.029663329, -22.931050158999899, 0.0 ], [ -47.029453724999897, -22.931062966, 0.0 ], [ -47.029457486, -22.9311214599999, 0.0 ], [ -47.029669435999899, -22.931117534999899, 0.0 ] ] ] } },
{ "type": "Feature", "properties": { }, "geometry": { "type": "Polygon", "coordinates": [ [ [ -47.030766647, -22.930942687, 0.0 ], [ -47.030721303, -22.930833275999898, 0.0 ], [ -47.0304312499999, -22.930925777, 0.0 ], [ -47.030462542, -22.9310346739999, 0.0 ], [ -47.030766647, -22.930942687, 0.0 ] ] ] } },
{ "type": "Feature", "properties": { }, "geometry": { "type": "Polygon", "coordinates": [ [ [ -47.030721303, -22.930833275999898, 0.0 ], [ -47.030766647, -22.930942687, 0.0 ], [ -47.030941222, -22.930805926999899, 0.0 ], [ -47.030918001, -22.930756297, 0.0 ], [ -47.030721303, -22.930833275999898, 0.0 ] ] ] } },
{ "type": "Feature", "properties": { }, "geometry": { "type": "Polygon", "coordinates": [ [ [ -47.030918001, -22.930756297, 0.0 ], [ -47.030941222, -22.930805926999899, 0.0 ], [ -47.031212581, -22.930687118, 0.0 ], [ -47.031499004999887, -22.930538111, 0.0 ], [ -47.031468241, -22.930492135, 0.0 ], [ -47.031185493999899, -22.930639197999898, 0.0 ], [ -47.030918001, -22.930756297, 0.0 ] ] ] } },
{ "type": "Feature", "properties": { }, "geometry": { "type": "Polygon", "coordinates": [ [ [ -47.032579853, -22.929850051, 0.0 ], [ -47.032445809, -22.9297405259999, 0.0 ], [ -47.032238425999893, -22.9299386819999, 0.0 ], [ -47.031893958, -22.930217038, 0.0 ], [ -47.031983733999908, -22.930323674, 0.0 ], [ -47.032343238, -22.930057425, 0.0 ], [ -47.032579853, -22.929850051, 0.0 ] ] ] } },
{ "type": "Feature", "properties": { }, "geometry": { "type": "Polygon", "coordinates": [ [ [ -47.031983733999908, -22.930323674, 0.0 ], [ -47.031893958, -22.930217038, 0.0 ], [ -47.031468241, -22.930492135, 0.0 ], [ -47.031499004999887, -22.930538111, 0.0 ], [ -47.031983733999908, -22.930323674, 0.0 ] ] ] } },
{ "type": "Feature", "properties": { }, "geometry": { "type": "Polygon", "coordinates": [ [ [ -47.033100664999893, -22.929229538, 0.0 ], [ -47.032892203, -22.92913192, 0.0 ], [ -47.0326927959999, -22.929444636, 0.0 ], [ -47.032445809, -22.9297405259999, 0.0 ], [ -47.032579853, -22.929850051, 0.0 ], [ -47.032859757999987, -22.929556722, 0.0 ], [ -47.033100664999893, -22.929229538, 0.0 ] ] ] } },
{ "type": "Feature", "properties": { }, "geometry": { "type": "Polygon", "coordinates": [ [ [ -47.032892203, -22.92913192, 0.0 ], [ -47.033100664999893, -22.929229538, 0.0 ], [ -47.033187095, -22.929083680999899, 0.0 ], [ -47.032964741999898, -22.928992154, 0.0 ], [ -47.032892203, -22.92913192, 0.0 ] ] ] } },
{ "type": "Feature", "properties": { }, "geometry": { "type": "Polygon", "coordinates": [ [ [ -47.033363609999988, -22.9285206109999, 0.0 ], [ -47.0331672619999, -22.928468031, 0.0 ], [ -47.033063586, -22.928765305999899, 0.0 ], [ -47.032964741999898, -22.928992154, 0.0 ], [ -47.033187095, -22.929083680999899, 0.0 ], [ -47.033279488999902, -22.928826886, 0.0 ], [ -47.033363609999988, -22.9285206109999, 0.0 ] ] ] } },
{ "type": "Feature", "properties": { }, "geometry": { "type": "Polygon", "coordinates": [ [ [ -47.0331672619999, -22.928468031, 0.0 ], [ -47.033363609999988, -22.9285206109999, 0.0 ], [ -47.033456639999898, -22.928092870999901, 0.0 ], [ -47.033270044999902, -22.928060753999901, 0.0 ], [ -47.0331672619999, -22.928468031, 0.0 ] ] ] } },
{ "type": "Feature", "properties": { }, "geometry": { "type": "Polygon", "coordinates": [ [ [ -47.033270044999902, -22.928060753999901, 0.0 ], [ -47.033456639999898, -22.928092870999901, 0.0 ], [ -47.033608893999897, -22.927696293999901, 0.0 ], [ -47.033340118, -22.927654614999891, 0.0 ], [ -47.033270044999902, -22.928060753999901, 0.0 ] ] ] } },
{ "type": "Feature", "properties": { }, "geometry": { "type": "Polygon", "coordinates": [ [ [ -47.033647994, -22.9274758789999, 0.0 ], [ -47.033367628, -22.927445728, 0.0 ], [ -47.033340118, -22.927654614999891, 0.0 ], [ -47.033608893999897, -22.927696293999901, 0.0 ], [ -47.033647994, -22.9274758789999, 0.0 ] ] ] } },
{ "type": "Feature", "properties": { }, "geometry": { "type": "Polygon", "coordinates": [ [ [ -47.033367628, -22.927445728, 0.0 ], [ -47.033647994, -22.9274758789999, 0.0 ], [ -47.033686303, -22.92714374, 0.0 ], [ -47.033417453999988, -22.927102472999898, 0.0 ], [ -47.033367628, -22.927445728, 0.0 ] ] ] } },
{ "type": "Feature", "properties": { }, "geometry": { "type": "Polygon", "coordinates": [ [ [ -47.033417453999988, -22.927102472999898, 0.0 ], [ -47.033686303, -22.92714374, 0.0 ], [ -47.033711604, -22.9268093119999, 0.0 ], [ -47.033476360999899, -22.926773203, 0.0 ], [ -47.033417453999988, -22.927102472999898, 0.0 ] ] ] } },
{ "type": "Feature", "properties": { }, "geometry": { "type": "Polygon", "coordinates": [ [ [ -47.033699918000011, -22.926597457, 0.0 ], [ -47.033518489999913, -22.926564320999901, 0.0 ], [ -47.033476360999899, -22.926773203, 0.0 ], [ -47.033711604, -22.9268093109999, 0.0 ], [ -47.033699918000011, -22.926597457, 0.0 ] ] ] } },
{ "type": "Feature", "properties": { }, "geometry": { "type": "Polygon", "coordinates": [ [ [ -47.033518489999913, -22.926564320999901, 0.0 ], [ -47.033699918000011, -22.926597457, 0.0 ], [ -47.033764437999899, -22.926269004999899, 0.0 ], [ -47.033601075, -22.926224373, 0.0 ], [ -47.033518489999913, -22.926564320999901, 0.0 ] ] ] } },
{ "type": "Feature", "properties": { }, "geometry": { "type": "Polygon", "coordinates": [ [ [ -47.033896086, -22.925836303, 0.0 ], [ -47.033776793999913, -22.9257852319999, 0.0 ], [ -47.033601075, -22.926224373, 0.0 ], [ -47.033764437999899, -22.926269004999899, 0.0 ], [ -47.033896086, -22.925836303, 0.0 ] ] ] } },
{ "type": "Feature", "properties": { }, "geometry": { "type": "Polygon", "coordinates": [ [ [ -47.034014270999897, -22.925651190999901, 0.0 ], [ -47.033899249999891, -22.925562866999901, 0.0 ], [ -47.033776793999913, -22.9257852319999, 0.0 ], [ -47.033896086, -22.925836303, 0.0 ], [ -47.034014270999897, -22.925651190999901, 0.0 ] ] ] } },
{ "type": "Feature", "properties": { }, "geometry": { "type": "Polygon", "coordinates": [ [ [ -47.034547610999901, -22.924988111, 0.0 ], [ -47.034443385, -22.924893422999901, 0.0 ], [ -47.034193769, -22.92515646, 0.0 ], [ -47.033996493, -22.925413196, 0.0 ], [ -47.034119788999902, -22.925485604, 0.0 ], [ -47.0343086829999, -22.925239872999899, 0.0 ], [ -47.034547610999901, -22.924988111, 0.0 ] ] ] } },
{ "type": "Feature", "properties": { }, "geometry": { "type": "Polygon", "coordinates": [ [ [ -47.034443385, -22.924893422999901, 0.0 ], [ -47.034547610999901, -22.924988111, 0.0 ], [ -47.034793643999897, -22.924752204, 0.0 ], [ -47.035101099, -22.924519277999899, 0.0 ], [ -47.035048163999903, -22.924443628, 0.0 ], [ -47.034712446999897, -22.9246666089999, 0.0 ], [ -47.034443385, -22.924893422999901, 0.0 ] ] ] } },
{ "type": "Feature", "properties": { }, "geometry": { "type": "Polygon", "coordinates": [ [ [ -47.035048163999903, -22.924443628, 0.0 ], [ -47.035101099, -22.924519277999899, 0.0 ], [ -47.035473896000013, -22.924312635, 0.0 ], [ -47.035825373, -22.924172443, 0.0 ], [ -47.035802417, -22.92410826, 0.0 ], [ -47.035438122, -22.924241745, 0.0 ], [ -47.035048163999903, -22.924443628, 0.0 ] ] ] } },
{ "type": "Feature", "properties": { }, "geometry": { "type": "Polygon", "coordinates": [ [ [ -47.035802417, -22.92410826, 0.0 ], [ -47.035825373, -22.924172443, 0.0 ], [ -47.036237590000013, -22.924071425, 0.0 ], [ -47.036224726999897, -22.924009453999901, 0.0 ], [ -47.035802417, -22.92410826, 0.0 ] ] ] } },
{ "type": "Feature", "properties": { }, "geometry": { "type": "Polygon", "coordinates": [ [ [ -47.036840747, -22.924061209999898, 0.0 ], [ -47.036835445, -22.923944116, 0.0 ], [ -47.036559352, -22.923962054999901, 0.0 ], [ -47.036224726999897, -22.924009453999901, 0.0 ], [ -47.036237590000013, -22.924071425, 0.0 ], [ -47.036563163, -22.924054129, 0.0 ], [ -47.036840747, -22.924061209999898, 0.0 ] ] ] } },
{ "type": "Feature", "properties": { }, "geometry": { "type": "Polygon", "coordinates": [ [ [ -47.036835445, -22.923944116, 0.0 ], [ -47.036840747, -22.924061209999898, 0.0 ], [ -47.037193605, -22.924021088999901, 0.0 ], [ -47.037198998999891, -22.923949142, 0.0 ], [ -47.036835445, -22.923944116, 0.0 ] ] ] } },
{ "type": "Feature", "properties": { }, "geometry": { "type": "Polygon", "coordinates": [ [ [ -47.037494382, -22.924053312, 0.0 ], [ -47.037512856000014, -22.923983032, 0.0 ], [ -47.037198998999891, -22.923949142, 0.0 ], [ -47.037193605, -22.924021088999901, 0.0 ], [ -47.037494382, -22.924053312, 0.0 ] ] ] } },
{ "type": "Feature", "properties": { }, "geometry": { "type": "Polygon", "coordinates": [ [ [ -47.037512856000014, -22.923983032, 0.0 ], [ -47.037500201999897, -22.924054664, 0.0 ], [ -47.037898104, -22.924172776, 0.0 ], [ -47.038099743, -22.924250747, 0.0 ], [ -47.03853414, -22.924478952, 0.0 ], [ -47.038599145, -22.924373187, 0.0 ], [ -47.038137567, -22.9241575369999, 0.0 ], [ -47.037930184999901, -22.924087572, 0.0 ], [ -47.037512856000014, -22.923983032, 0.0 ] ] ] } },
{ "type": "Feature", "properties": { }, "geometry": { "type": "Polygon", "coordinates": [ [ [ -47.039393409, -22.924882232, 0.0 ], [ -47.039437042, -22.924811878, 0.0 ], [ -47.038599145, -22.924373187, 0.0 ], [ -47.038534141, -22.924478952, 0.0 ], [ -47.039393409, -22.924882232, 0.0 ] ] ] } },
{ "type": "Feature", "properties": { }, "geometry": { "type": "Polygon", "coordinates": [ [ [ -47.039437042, -22.924811878, 0.0 ], [ -47.039393409, -22.924882232, 0.0 ], [ -47.03999278299991, -22.925206734, 0.0 ], [ -47.040353817, -22.925359338, 0.0 ], [ -47.040392082, -22.9252667219999, 0.0 ], [ -47.040040024999897, -22.925125039, 0.0 ], [ -47.039437042, -22.924811878, 0.0 ] ] ] } },
{ "type": "Feature", "properties": { }, "geometry": { "type": "Polygon", "coordinates": [ [ [ -47.042584017, -22.925515047, 0.0 ], [ -47.042565646999897, -22.9254357149999, 0.0 ], [ -47.042302697, -22.925482014999901, 0.0 ], [ -47.042079123, -22.925502093, 0.0 ], [ -47.041441436, -22.925495005, 0.0 ], [ -47.04095236900001, -22.925422932999901, 0.0 ], [ -47.040640689, -22.925346668, 0.0 ], [ -47.040392082, -22.9252667219999, 0.0 ], [ -47.040353817, -22.925359338, 0.0 ], [ -47.040607888, -22.925438839, 0.0 ], [ -47.040927006999887, -22.925514413, 0.0 ], [ -47.041442478, -22.925585703, 0.0 ], [ -47.04209114, -22.925586562, 0.0 ], [ -47.042319869, -22.925563859, 0.0 ], [ -47.042584017, -22.925515047, 0.0 ] ] ] } },
{ "type": "Feature", "properties": { }, "geometry": { "type": "Polygon", "coordinates": [ [ [ -47.042565646999897, -22.9254357149999, 0.0 ], [ -47.042584017, -22.925515047, 0.0 ], [ -47.0426404359999, -22.925503837999901, 0.0 ], [ -47.042622066, -22.925424506, 0.0 ], [ -47.042565646999897, -22.9254357149999, 0.0 ] ] ] } },
{ "type": "Feature", "properties": { }, "geometry": { "type": "Polygon", "coordinates": [ [ [ -47.0426404359999, -22.925503837999901, 0.0 ], [ -47.043138684, -22.9253832549999, 0.0 ], [ -47.043051829, -22.925305581, 0.0 ], [ -47.042622066, -22.925424506, 0.0 ], [ -47.0426404359999, -22.925503837999901, 0.0 ] ] ] } },
{ "type": "Feature", "properties": { }, "geometry": { "type": "Polygon", "coordinates": [ [ [ -47.044357674, -22.924805842, 0.0 ], [ -47.044266277, -22.924678088999901, 0.0 ], [ -47.043854309, -22.924932291999902, 0.0 ], [ -47.043927697, -22.925038634, 0.0 ], [ -47.044357674, -22.924805842, 0.0 ] ] ] } },
{ "type": "Feature", "properties": { }, "geometry": { "type": "Polygon", "coordinates": [ [ [ -47.044266277, -22.924678088999901, 0.0 ], [ -47.044357674, -22.924805842, 0.0 ], [ -47.04447491, -22.9246960259999, 0.0 ], [ -47.04440233, -22.924594575, 0.0 ], [ -47.044266277, -22.924678088999901, 0.0 ] ] ] } },
{ "type": "Feature", "properties": { }, "geometry": { "type": "Polygon", "coordinates": [ [ [ -47.044790592, -22.9244754969999, 0.0 ], [ -47.044731667, -22.924392702, 0.0 ], [ -47.04440233, -22.924594575, 0.0 ], [ -47.04447491, -22.9246960259999, 0.0 ], [ -47.044790592, -22.9244754969999, 0.0 ] ] ] } },
{ "type": "Feature", "properties": { }, "geometry": { "type": "Polygon", "coordinates": [ [ [ -47.044731667, -22.924392702, 0.0 ], [ -47.044790592999988, -22.9244754969999, 0.0 ], [ -47.04510283, -22.924242663, 0.0 ], [ -47.045064935, -22.924189192, 0.0 ], [ -47.044731667, -22.924392702, 0.0 ] ] ] } },
{ "type": "Feature", "properties": { }, "geometry": { "type": "Polygon", "coordinates": [ [ [ -47.045064935, -22.924189192, 0.0 ], [ -47.045102433, -22.92424188, 0.0 ], [ -47.045416314, -22.924049243, 0.0 ], [ -47.045378651999989, -22.9239966559999, 0.0 ], [ -47.045064935, -22.924189192, 0.0 ] ] ] } },
{ "type": "Feature", "properties": { }, "geometry": { "type": "Polygon", "coordinates": [ [ [ -47.045378651999989, -22.9239966559999, 0.0 ], [ -47.045416314, -22.924049243, 0.0 ], [ -47.045592739, -22.9239624689999, 0.0 ], [ -47.045544317, -22.923894856999901, 0.0 ], [ -47.045378651999989, -22.9239966559999, 0.0 ] ] ] } },
{ "type": "Feature", "properties": { }, "geometry": { "type": "Polygon", "coordinates": [ [ [ -47.045544317, -22.923894856999901, 0.0 ], [ -47.04559274, -22.9239624689999, 0.0 ], [ -47.045732653999899, -22.923833166999898, 0.0 ], [ -47.045705717999986, -22.923795626999901, 0.0 ], [ -47.045544317, -22.923894856999901, 0.0 ] ] ] } },
{ "type": "Feature", "properties": { }, "geometry": { "type": "Polygon", "coordinates": [ [ [ -47.045705717999986, -22.923795626999901, 0.0 ], [ -47.045732653999899, -22.923833166999898, 0.0 ], [ -47.046328159, -22.923499014999901, 0.0 ], [ -47.046284897, -22.9234390509999, 0.0 ], [ -47.045705717999986, -22.923795626999901, 0.0 ] ] ] } },
{ "type": "Feature", "properties": { }, "geometry": { "type": "Polygon", "coordinates": [ [ [ -47.046688186, -22.923254456999899, 0.0 ], [ -47.046655739, -22.923209484, 0.0 ], [ -47.046284897, -22.9234390509999, 0.0 ], [ -47.04632816, -22.923499015, 0.0 ], [ -47.046688186, -22.923254456999899, 0.0 ] ] ] } },
{ "type": "Feature", "properties": { }, "geometry": { "type": "Polygon", "coordinates": [ [ [ -47.046655739, -22.923209484, 0.0 ], [ -47.046688186, -22.923254456999899, 0.0 ], [ -47.047247937999899, -22.922910796999901, 0.0 ], [ -47.047212498, -22.922862256, 0.0 ], [ -47.046655739, -22.923209484, 0.0 ] ] ] } },
{ "type": "Feature", "properties": { }, "geometry": { "type": "Polygon", "coordinates": [ [ [ -47.047358427999903, -22.922836139, 0.0 ], [ -47.047325714, -22.922791333, 0.0 ], [ -47.047212498, -22.922862256, 0.0 ], [ -47.047247937999899, -22.922910796999901, 0.0 ], [ -47.047358427999903, -22.922836139, 0.0 ] ] ] } },
{ "type": "Feature", "properties": { }, "geometry": { "type": "Polygon", "coordinates": [ [ [ -47.047325714, -22.922791333, 0.0 ], [ -47.047358427999903, -22.922836139, 0.0 ], [ -47.047910945999902, -22.922479121, 0.0 ], [ -47.04822689, -22.922229764999901, 0.0 ], [ -47.048519817999903, -22.9219478539999, 0.0 ], [ -47.048475915, -22.921912188, 0.0 ], [ -47.048046483, -22.922307227, 0.0 ], [ -47.047714832999901, -22.922549217, 0.0 ], [ -47.047325714, -22.922791333, 0.0 ] ] ] } },
{ "type": "Feature", "properties": { }, "geometry": { "type": "Polygon", "coordinates": [ [ [ -47.048475915, -22.921912188, 0.0 ], [ -47.048519817999903, -22.9219478539999, 0.0 ], [ -47.048800567999898, -22.9216300749999, 0.0 ], [ -47.048743362, -22.921595805, 0.0 ], [ -47.048475915, -22.921912188, 0.0 ] ] ] } },
{ "type": "Feature", "properties": { }, "geometry": { "type": "Polygon", "coordinates": [ [ [ -47.049051874, -22.921241258, 0.0 ], [ -47.048976895, -22.921208882, 0.0 ], [ -47.048743362, -22.921595805, 0.0 ], [ -47.048800567999898, -22.9216300749999, 0.0 ], [ -47.049051874, -22.921241258, 0.0 ] ] ] } },
{ "type": "Feature", "properties": { }, "geometry": { "type": "Polygon", "coordinates": [ [ [ -47.048976895, -22.921208882, 0.0 ], [ -47.049051874, -22.921241258, 0.0 ], [ -47.049239089, -22.920906476, 0.0 ], [ -47.0491293709999, -22.920869403, 0.0 ], [ -47.048976895, -22.921208882, 0.0 ] ] ] } },
{ "type": "Feature", "properties": { }, "geometry": { "type": "Polygon", "coordinates": [ [ [ -47.0491293709999, -22.920869403, 0.0 ], [ -47.049239089, -22.920906476, 0.0 ], [ -47.049403519999899, -22.920573379, 0.0 ], [ -47.049249986999897, -22.9205297849999, 0.0 ], [ -47.0491293709999, -22.920869403, 0.0 ] ] ] } },
{ "type": "Feature", "properties": { }, "geometry": { "type": "Polygon", "coordinates": [ [ [ -47.049510572, -22.920109866, 0.0 ], [ -47.049337001, -22.920087900999899, 0.0 ], [ -47.049249986999897, -22.9205297849999, 0.0 ], [ -47.049403519999899, -22.920573379, 0.0 ], [ -47.049510572, -22.920109866, 0.0 ] ] ] } },
{ "type": "Feature", "properties": { }, "geometry": { "type": "Polygon", "coordinates": [ [ [ -47.049337001, -22.920087900999899, 0.0 ], [ -47.049510572, -22.920109866, 0.0 ], [ -47.049502571999902, -22.9198325149999, 0.0 ], [ -47.049366823999897, -22.919821662999901, 0.0 ], [ -47.049337001, -22.920087900999899, 0.0 ] ] ] } },
{ "type": "Feature", "properties": { }, "geometry": { "type": "Polygon", "coordinates": [ [ [ -47.049546768, -22.919260714999901, 0.0 ], [ -47.049415714, -22.919252059, 0.0 ], [ -47.049366823999897, -22.919821662999901, 0.0 ], [ -47.049502571999902, -22.9198325149999, 0.0 ], [ -47.049546768, -22.919260714999901, 0.0 ] ] ] } },
{ "type": "Feature", "properties": { }, "geometry": { "type": "Polygon", "coordinates": [ [ [ -47.049631152000011, -22.918712695999901, 0.0 ], [ -47.049507803, -22.918660029, 0.0 ], [ -47.049415714, -22.919252059, 0.0 ], [ -47.049546768, -22.919260714999901, 0.0 ], [ -47.049631152000011, -22.918712695999901, 0.0 ] ] ] } },
{ "type": "Feature", "properties": { }, "geometry": { "type": "Polygon", "coordinates": [ [ [ -47.049631152000011, -22.918712695999901, 0.0 ], [ -47.049674228999898, -22.918509425, 0.0 ], [ -47.049550821, -22.918483594, 0.0 ], [ -47.049507803, -22.918660029, 0.0 ], [ -47.049631152000011, -22.918712695999901, 0.0 ] ] ] } },
{ "type": "Feature", "properties": { }, "geometry": { "type": "Polygon", "coordinates": [ [ [ -47.049550821, -22.918483594, 0.0 ], [ -47.049674228999898, -22.918509425, 0.0 ], [ -47.049870577, -22.9181855809999, 0.0 ], [ -47.049681921999913, -22.918112764999901, 0.0 ], [ -47.049550821, -22.918483594, 0.0 ] ] ] } },
{ "type": "Feature", "properties": { }, "geometry": { "type": "Polygon", "coordinates": [ [ [ -47.049870577, -22.9181855809999, 0.0 ], [ -47.050359377999897, -22.917363472, 0.0 ], [ -47.050197059, -22.917263966999901, 0.0 ], [ -47.049878368999899, -22.917727821, 0.0 ], [ -47.049681921999913, -22.918112764999901, 0.0 ], [ -47.049870577, -22.9181855809999, 0.0 ] ] ] } },
{ "type": "Feature", "properties": { }, "geometry": { "type": "Polygon", "coordinates": [ [ [ -47.050197059, -22.917263966999901, 0.0 ], [ -47.050359377999897, -22.917363472, 0.0 ], [ -47.051077907, -22.9163301839999, 0.0 ], [ -47.050932501, -22.916239684999901, 0.0 ], [ -47.050197059, -22.917263966999901, 0.0 ] ] ] } },
{ "type": "Feature", "properties": { }, "geometry": { "type": "Polygon", "coordinates": [ [ [ -47.052264914, -22.915075594, 0.0 ], [ -47.052693245999897, -22.914818871, 0.0 ], [ -47.052714669999901, -22.914768885999909, 0.0 ], [ -47.052594176, -22.914573085, 0.0 ], [ -47.052307288, -22.914746436, 0.0 ], [ -47.051960454, -22.915006069999901, 0.0 ], [ -47.051694955999892, -22.915255096, 0.0 ], [ -47.051442452999908, -22.915545044999899, 0.0 ], [ -47.050932501, -22.916239684999901, 0.0 ], [ -47.051077908, -22.9163301839999, 0.0 ], [ -47.051481033999899, -22.915819561, 0.0 ], [ -47.051869086, -22.915396386999898, 0.0 ], [ -47.052264914, -22.915075594, 0.0 ] ] ] } },
{ "type": "Feature", "properties": { }, "geometry": { "type": "Polygon", "coordinates": [ [ [ -47.052594176, -22.914573085, 0.0 ], [ -47.052714669999901, -22.914768885999909, 0.0 ], [ -47.052779583, -22.914612299999899, 0.0 ], [ -47.052721053, -22.914508398, 0.0 ], [ -47.052594176, -22.914573085, 0.0 ] ] ] } },
{ "type": "Feature", "properties": { }, "geometry": { "type": "Polygon", "coordinates": [ [ [ -47.052895044, -22.914558051, 0.0 ], [ -47.052839752999901, -22.914452637, 0.0 ], [ -47.052721053, -22.914508398, 0.0 ], [ -47.052779583, -22.914612299999899, 0.0 ], [ -47.052895044, -22.914558051, 0.0 ] ] ] } },
{ "type": "Feature", "properties": { }, "geometry": { "type": "Polygon", "coordinates": [ [ [ -47.054414546, -22.9142883539999, 0.0 ], [ -47.054405512999899, -22.914117267999899, 0.0 ], [ -47.054214136, -22.914125939, 0.0 ], [ -47.05422412, -22.914315034, 0.0 ], [ -47.054414546, -22.9142883539999, 0.0 ] ] ] } },
{ "type": "Feature", "properties": { }, "geometry": { "type": "Polygon", "coordinates": [ [ [ -47.054610803999893, -22.914252383, 0.0 ], [ -47.054603196999892, -22.9141083109999, 0.0 ], [ -47.054405512999899, -22.914117267999899, 0.0 ], [ -47.054414546, -22.9142883539999, 0.0 ], [ -47.054610803999893, -22.914252383, 0.0 ] ] ] } },
{ "type": "Feature", "properties": { }, "geometry": { "type": "Polygon", "coordinates": [ [ [ -47.054603196999892, -22.9141083109999, 0.0 ], [ -47.054610803999893, -22.914252383, 0.0 ], [ -47.05480115200001, -22.914207654999899, 0.0 ], [ -47.054795446999897, -22.914099599999901, 0.0 ], [ -47.054603196999892, -22.9141083109999, 0.0 ] ] ] } },
{ "type": "Feature", "properties": { }, "geometry": { "type": "Polygon", "coordinates": [ [ [ -47.054795446999897, -22.914099599999901, 0.0 ], [ -47.05480115200001, -22.914207654999899, 0.0 ], [ -47.054991502, -22.91422305, 0.0 ], [ -47.054993382, -22.9140968479999, 0.0 ], [ -47.054795446999897, -22.914099599999901, 0.0 ] ] ] } },
{ "type": "Feature", "properties": { }, "geometry": { "type": "Polygon", "coordinates": [ [ [ -47.054993382, -22.9140968479999, 0.0 ], [ -47.054991502, -22.91422305, 0.0 ], [ -47.055185541, -22.914230039, 0.0 ], [ -47.055187487999902, -22.9140993299999, 0.0 ], [ -47.054993382, -22.9140968479999, 0.0 ] ] ] } },
{ "type": "Feature", "properties": { }, "geometry": { "type": "Polygon", "coordinates": [ [ [ -47.055187487999902, -22.9140993299999, 0.0 ], [ -47.055185541, -22.914230039, 0.0 ], [ -47.055381086999901, -22.914223523, 0.0 ], [ -47.0553829, -22.914101828, 0.0 ], [ -47.055187487999902, -22.9140993299999, 0.0 ] ] ] } },
{ "type": "Feature", "properties": { }, "geometry": { "type": "Polygon", "coordinates": [ [ [ -47.0553829, -22.914101828, 0.0 ], [ -47.055381086999901, -22.914223523, 0.0 ], [ -47.055570615, -22.914227635, 0.0 ], [ -47.055574272999898, -22.914105976, 0.0 ], [ -47.0553829, -22.914101828, 0.0 ] ] ] } },
{ "type": "Feature", "properties": { }, "geometry": { "type": "Polygon", "coordinates": [ [ [ -47.05576811, -22.914219202, 0.0 ], [ -47.055771361999987, -22.914111061, 0.0 ], [ -47.055574272999898, -22.914105976, 0.0 ], [ -47.055570615, -22.914227635, 0.0 ], [ -47.05576811, -22.914219202, 0.0 ] ] ] } },
{ "type": "Feature", "properties": { }, "geometry": { "type": "Polygon", "coordinates": [ [ [ -47.055771361999987, -22.914111061, 0.0 ], [ -47.05576811, -22.914219202, 0.0 ], [ -47.055964921999909, -22.914202186, 0.0 ], [ -47.055964842, -22.914112033, 0.0 ], [ -47.055771361999987, -22.914111061, 0.0 ] ] ] } },
{ "type": "Feature", "properties": { }, "geometry": { "type": "Polygon", "coordinates": [ [ [ -47.056157156, -22.9141975329999, 0.0 ], [ -47.056157079999899, -22.914111886999901, 0.0 ], [ -47.055964842, -22.914112033, 0.0 ], [ -47.055964921999909, -22.914202186, 0.0 ], [ -47.056157156, -22.9141975329999, 0.0 ] ] ] } },
{ "type": "Feature", "properties": { }, "geometry": { "type": "Polygon", "coordinates": [ [ [ -47.056157079999899, -22.914111886999901, 0.0 ], [ -47.056157156, -22.9141975329999, 0.0 ], [ -47.056352475, -22.914187656, 0.0 ], [ -47.056349732999898, -22.914106558, 0.0 ], [ -47.056157079999899, -22.914111886999901, 0.0 ] ] ] } },
{ "type": "Feature", "properties": { }, "geometry": { "type": "Polygon", "coordinates": [ [ [ -47.056349732999898, -22.914106558, 0.0 ], [ -47.056352475, -22.914187656, 0.0 ], [ -47.056742315999898, -22.914158617999899, 0.0 ], [ -47.056734075999898, -22.914077839999901, 0.0 ], [ -47.056349732999898, -22.914106558, 0.0 ] ] ] } },
{ "type": "Feature", "properties": { }, "geometry": { "type": "Polygon", "coordinates": [ [ [ -47.056877583999899, -22.914131539, 0.0 ], [ -47.056866251, -22.914060185, 0.0 ], [ -47.056734075999898, -22.914077839999901, 0.0 ], [ -47.056742315999898, -22.914158617999899, 0.0 ], [ -47.056877583999899, -22.914131539, 0.0 ] ] ] } },
{ "type": "Feature", "properties": { }, "geometry": { "type": "Polygon", "coordinates": [ [ [ -47.056866251, -22.914060185, 0.0 ], [ -47.056877583999899, -22.914131539, 0.0 ], [ -47.057327697999902, -22.9140578089999, 0.0 ], [ -47.057647231, -22.913982571, 0.0 ], [ -47.057968261, -22.913876987, 0.0 ], [ -47.058367292, -22.913711951, 0.0 ], [ -47.058316939, -22.913629581, 0.0 ], [ -47.057936363, -22.913793664, 0.0 ], [ -47.0576131, -22.913905359999902, 0.0 ], [ -47.057278573, -22.913988533, 0.0 ], [ -47.056866251, -22.914060185, 0.0 ] ] ] } },
{ "type": "Feature", "properties": { }, "geometry": { "type": "Polygon", "coordinates": [ [ [ -47.058316939, -22.913629581, 0.0 ], [ -47.058367292, -22.913711951, 0.0 ], [ -47.058728759, -22.9135422109999, 0.0 ], [ -47.058658652, -22.9134446519999, 0.0 ], [ -47.058316939, -22.913629581, 0.0 ] ] ] } },
{ "type": "Feature", "properties": { }, "geometry": { "type": "Polygon", "coordinates": [ [ [ -47.059556002, -22.912833636, 0.0 ], [ -47.059519717999898, -22.912748916999899, 0.0 ], [ -47.059190107999903, -22.913066907, 0.0 ], [ -47.058889257, -22.913296333999899, 0.0 ], [ -47.058687048, -22.9134271409999, 0.0 ], [ -47.058735584, -22.913494682, 0.0 ], [ -47.058944209, -22.913359517, 0.0 ], [ -47.059246786999893, -22.913128766, 0.0 ], [ -47.059556002, -22.912833636, 0.0 ] ] ] } },
{ "type": "Feature", "properties": { }, "geometry": { "type": "Polygon", "coordinates": [ [ [ -47.059664919999904, -22.912776860999902, 0.0 ], [ -47.059563279, -22.912699745999898, 0.0 ], [ -47.059519717999898, -22.912748916999899, 0.0 ], [ -47.059556002, -22.912833636, 0.0 ], [ -47.05958556, -22.912802424999899, 0.0 ], [ -47.059664919999904, -22.912776860999902, 0.0 ] ] ] } },
{ "type": "Feature", "properties": { }, "geometry": { "type": "Polygon", "coordinates": [ [ [ -47.059563279, -22.912699745999898, 0.0 ], [ -47.059664921, -22.912776860999902, 0.0 ], [ -47.059869273999901, -22.91255817, 0.0 ], [ -47.059754477999903, -22.912482146999899, 0.0 ], [ -47.059563279, -22.912699745999898, 0.0 ] ] ] } },
{ "type": "Feature", "properties": { }, "geometry": { "type": "Polygon", "coordinates": [ [ [ -47.059754477999903, -22.912482146999899, 0.0 ], [ -47.059869273999901, -22.91255817, 0.0 ], [ -47.0602201949999, -22.912117324, 0.0 ], [ -47.0600908609999, -22.912037000999899, 0.0 ], [ -47.059754477999903, -22.912482146999899, 0.0 ] ] ] } },
{ "type": "Feature", "properties": { }, "geometry": { "type": "Polygon", "coordinates": [ [ [ -47.060281039, -22.912047830999899, 0.0 ], [ -47.060144425, -22.911962985999899, 0.0 ], [ -47.0600908609999, -22.912037000999899, 0.0 ], [ -47.0602201949999, -22.912117324, 0.0 ], [ -47.060281039, -22.912047830999899, 0.0 ] ] ] } },
{ "type": "Feature", "properties": { }, "geometry": { "type": "Polygon", "coordinates": [ [ [ -47.060144425, -22.911962985999899, 0.0 ], [ -47.060285885, -22.9120508399999, 0.0 ], [ -47.060651301, -22.911593513, 0.0 ], [ -47.060494526999904, -22.911486656, 0.0 ], [ -47.060144425, -22.911962985999899, 0.0 ] ] ] } },
{ "type": "Feature", "properties": { }, "geometry": { "type": "Polygon", "coordinates": [ [ [ -47.060494526999904, -22.911486656, 0.0 ], [ -47.060623866, -22.911574813, 0.0 ], [ -47.060746068, -22.911423197, 0.0 ], [ -47.060618846999901, -22.911332435, 0.0 ], [ -47.060494526999904, -22.911486656, 0.0 ] ] ] } },
{ "type": "Feature", "properties": { }, "geometry": { "type": "Polygon", "coordinates": [ [ [ -47.060745583, -22.911401617, 0.0 ], [ -47.060629927, -22.911319106999901, 0.0 ], [ -47.060618846999901, -22.911332435, 0.0 ], [ -47.060746068, -22.911423197, 0.0 ], [ -47.060745583, -22.911401617, 0.0 ] ] ] } },
{ "type": "Feature", "properties": { }, "geometry": { "type": "Polygon", "coordinates": [ [ [ -47.060629927, -22.911319106999901, 0.0 ], [ -47.060745583, -22.911401617, 0.0 ], [ -47.060929846, -22.911186766, 0.0 ], [ -47.061110584999902, -22.911011775, 0.0 ], [ -47.061008181, -22.910915401999901, 0.0 ], [ -47.060819785, -22.911097852, 0.0 ], [ -47.060629927, -22.911319106999901, 0.0 ] ] ] } },
{ "type": "Feature", "properties": { }, "geometry": { "type": "Polygon", "coordinates": [ [ [ -47.061499996999899, -22.9107737739999, 0.0 ], [ -47.061382071, -22.91061915, 0.0 ], [ -47.061008181, -22.910915401999901, 0.0 ], [ -47.061110584999902, -22.911011775, 0.0 ], [ -47.061341324999887, -22.9108588839999, 0.0 ], [ -47.061499996999899, -22.9107737739999, 0.0 ] ] ] } },
{ "type": "Feature", "properties": { }, "geometry": { "type": "Polygon", "coordinates": [ [ [ -47.061382071, -22.91061915, 0.0 ], [ -47.061460688999901, -22.910722232999898, 0.0 ], [ -47.061740094999898, -22.910552884, 0.0 ], [ -47.061671452000013, -22.910443858999901, 0.0 ], [ -47.061382071, -22.91061915, 0.0 ] ] ] } },
{ "type": "Feature", "properties": { }, "geometry": { "type": "Polygon", "coordinates": [ [ [ -47.061671452000013, -22.910443858999901, 0.0 ], [ -47.061727837, -22.910533415, 0.0 ], [ -47.061919009, -22.910449612, 0.0 ], [ -47.062178022, -22.910363128, 0.0 ], [ -47.062124855, -22.910237186, 0.0 ], [ -47.061866747, -22.910342702, 0.0 ], [ -47.061671452000013, -22.910443858999901, 0.0 ] ] ] } },
{ "type": "Feature", "properties": { }, "geometry": { "type": "Polygon", "coordinates": [ [ [ -47.062520397999897, -22.9102260189999, 0.0 ], [ -47.062484409, -22.910121207, 0.0 ], [ -47.062124855, -22.910237186, 0.0 ], [ -47.062178022, -22.910363128, 0.0 ], [ -47.062520397999897, -22.9102260189999, 0.0 ] ] ] } },
{ "type": "Feature", "properties": { }, "geometry": { "type": "Polygon", "coordinates": [ [ [ -47.062739783, -22.910159479999901, 0.0 ], [ -47.06270438300001, -22.910056386, 0.0 ], [ -47.062484409, -22.910121207, 0.0 ], [ -47.062520397999897, -22.9102260189999, 0.0 ], [ -47.062739783, -22.910159479999901, 0.0 ] ] ] } },
{ "type": "Feature", "properties": { }, "geometry": { "type": "Polygon", "coordinates": [ [ [ -47.06270438300001, -22.910056386, 0.0 ], [ -47.062739783, -22.910159479999901, 0.0 ], [ -47.063137604, -22.910014512, 0.0 ], [ -47.063113292, -22.909941266, 0.0 ], [ -47.06270438300001, -22.910056386, 0.0 ] ] ] } },
{ "type": "Feature", "properties": { }, "geometry": { "type": "Polygon", "coordinates": [ [ [ -47.063113292, -22.909941266, 0.0 ], [ -47.063137604, -22.910014512, 0.0 ], [ -47.063313228000013, -22.909989283999899, 0.0 ], [ -47.063282893, -22.90989418, 0.0 ], [ -47.063113292, -22.909941266, 0.0 ] ] ] } },
{ "type": "Feature", "properties": { }, "geometry": { "type": "Polygon", "coordinates": [ [ [ -47.064096742999901, -22.909670796999901, 0.0 ], [ -47.0641676239999, -22.909891112, 0.0 ], [ -47.065593264, -22.909499696, 0.0 ], [ -47.065549352999902, -22.909272557999891, 0.0 ], [ -47.064096742999901, -22.909670796999901, 0.0 ] ] ] } },
{ "type": "Feature", "properties": { }, "geometry": { "type": "Polygon", "coordinates": [ [ [ -47.067206800999898, -22.909014719, 0.0 ], [ -47.06750351599991, -22.908908477999901, 0.0 ], [ -47.067472673999902, -22.908813514, 0.0 ], [ -47.067168697999897, -22.908898242, 0.0 ], [ -47.067206800999898, -22.909014719, 0.0 ] ] ] } },
{ "type": "Feature", "properties": { }, "geometry": { "type": "Polygon", "coordinates": [ [ [ -47.075954273, -22.906182688999898, 0.0 ], [ -47.076420727, -22.905904106, 0.0 ], [ -47.078560857, -22.904615949999901, 0.0 ], [ -47.07851282, -22.904548104, 0.0 ], [ -47.075933435, -22.906119647, 0.0 ], [ -47.075954273, -22.906182688999898, 0.0 ] ] ] } },
{ "type": "Feature", "properties": { }, "geometry": { "type": "Polygon", "coordinates": [ [ [ -47.080179864999899, -22.903744867999901, 0.0 ], [ -47.080073028, -22.903594152, 0.0 ], [ -47.07851282, -22.904548104, 0.0 ], [ -47.078560857, -22.904615949999901, 0.0 ], [ -47.080179864999899, -22.903744867999901, 0.0 ] ] ] } },
{ "type": "Feature", "properties": { }, "geometry": { "type": "Polygon", "coordinates": [ [ [ -47.080073028, -22.903594152, 0.0 ], [ -47.080179864999899, -22.903744867999901, 0.0 ], [ -47.080373449, -22.903605492999901, 0.0 ], [ -47.080277265999896, -22.903469866, 0.0 ], [ -47.080073028, -22.903594152, 0.0 ] ] ] } },
{ "type": "Feature", "properties": { }, "geometry": { "type": "Polygon", "coordinates": [ [ [ -47.080277265999896, -22.903469866, 0.0 ], [ -47.080373449, -22.903605491999901, 0.0 ], [ -47.081159275999902, -22.903048772, 0.0 ], [ -47.081103525999893, -22.9029694399999, 0.0 ], [ -47.080277265999896, -22.903469866, 0.0 ] ] ] } },
{ "type": "Feature", "properties": { }, "geometry": { "type": "Polygon", "coordinates": [ [ [ -47.081103525999893, -22.9029694399999, 0.0 ], [ -47.081159275999902, -22.903048772, 0.0 ], [ -47.081806572999902, -22.902650583, 0.0 ], [ -47.081753143, -22.902575231, 0.0 ], [ -47.081103525999893, -22.9029694399999, 0.0 ] ] ] } },
{ "type": "Feature", "properties": { }, "geometry": { "type": "Polygon", "coordinates": [ [ [ -47.081753143, -22.902575231, 0.0 ], [ -47.081806572999902, -22.902650582, 0.0 ], [ -47.082177918999903, -22.902397688999901, 0.0 ], [ -47.082137858999893, -22.902341168, 0.0 ], [ -47.081753143, -22.902575231, 0.0 ] ] ] } },
{ "type": "Feature", "properties": { }, "geometry": { "type": "Polygon", "coordinates": [ [ [ -47.082137858999893, -22.902341168, 0.0 ], [ -47.082177918999903, -22.902397688999901, 0.0 ], [ -47.08258922999989, -22.902152875, 0.0 ], [ -47.0825465, -22.902092586, 0.0 ], [ -47.082137858999893, -22.902341168, 0.0 ] ] ] } },
{ "type": "Feature", "properties": { }, "geometry": { "type": "Polygon", "coordinates": [ [ [ -47.083660850999898, -22.9015881609999, 0.0 ], [ -47.083575126, -22.901467742999891, 0.0 ], [ -47.0825465, -22.902092586, 0.0 ], [ -47.08258922999989, -22.902152875, 0.0 ], [ -47.083660850999898, -22.9015881609999, 0.0 ] ] ] } },
{ "type": "Feature", "properties": { }, "geometry": { "type": "Polygon", "coordinates": [ [ [ -47.083952772, -22.901411349999901, 0.0 ], [ -47.083912849999898, -22.901263217999901, 0.0 ], [ -47.083575126, -22.901467742999891, 0.0 ], [ -47.083660850999898, -22.90158816, 0.0 ], [ -47.083952772, -22.901411349999901, 0.0 ] ] ] } },
{ "type": "Feature", "properties": { }, "geometry": { "type": "Polygon", "coordinates": [ [ [ -47.083952772, -22.901411349999901, 0.0 ], [ -47.084469773, -22.901065208, 0.0 ], [ -47.084404513, -22.900969512, 0.0 ], [ -47.083912849999898, -22.901263217999901, 0.0 ], [ -47.083952772, -22.901411349999901, 0.0 ] ] ] } },
{ "type": "Feature", "properties": { }, "geometry": { "type": "Polygon", "coordinates": [ [ [ -47.084404513, -22.900969512, 0.0 ], [ -47.084470433, -22.901064225, 0.0 ], [ -47.084730882, -22.900919133999899, 0.0 ], [ -47.085229464999898, -22.900678615999901, 0.0 ], [ -47.085171054999897, -22.900569597, 0.0 ], [ -47.084638159999898, -22.900834537, 0.0 ], [ -47.084404513, -22.900969512, 0.0 ] ] ] } },
{ "type": "Feature", "properties": { }, "geometry": { "type": "Polygon", "coordinates": [ [ [ -47.085171054999897, -22.900569597, 0.0 ], [ -47.085229464999898, -22.900678615999901, 0.0 ], [ -47.08567965, -22.900473669999901, 0.0 ], [ -47.086106558, -22.900306855999901, 0.0 ], [ -47.086067218, -22.9002049929999, 0.0 ], [ -47.085629297, -22.900368807, 0.0 ], [ -47.085171054999897, -22.900569597, 0.0 ] ] ] } },
{ "type": "Feature", "properties": { }, "geometry": { "type": "Polygon", "coordinates": [ [ [ -47.08740073300001, -22.8999991489999, 0.0 ], [ -47.087382965, -22.899892221, 0.0 ], [ -47.087264751, -22.899909081, 0.0 ], [ -47.0866679969999, -22.900028612, 0.0 ], [ -47.086067218, -22.9002049929999, 0.0 ], [ -47.086106558, -22.900306855999901, 0.0 ], [ -47.086823013999897, -22.900102965, 0.0 ], [ -47.08740073300001, -22.8999991489999, 0.0 ] ] ] } },
{ "type": "Feature", "properties": { }, "geometry": { "type": "Polygon", "coordinates": [ [ [ -47.087382965, -22.899892221, 0.0 ], [ -47.08740073300001, -22.8999991489999, 0.0 ], [ -47.088358871, -22.899889327, 0.0 ], [ -47.089377965, -22.899833558999902, 0.0 ], [ -47.089376286999908, -22.899738908, 0.0 ], [ -47.088349461, -22.899788095999899, 0.0 ], [ -47.087382965, -22.899892221, 0.0 ] ] ] } },
{ "type": "Feature", "properties": { }, "geometry": { "type": "Polygon", "coordinates": [ [ [ -47.089376286999908, -22.899738908, 0.0 ], [ -47.089377166, -22.899788487, 0.0 ], [ -47.08957549, -22.899785468999902, 0.0 ], [ -47.089574610999897, -22.899735888999899, 0.0 ], [ -47.089376286999908, -22.899738908, 0.0 ] ] ] } },
{ "type": "Feature", "properties": { }, "geometry": { "type": "Polygon", "coordinates": [ [ [ -47.090779042999912, -22.899785005999899, 0.0 ], [ -47.090777768, -22.899717398999901, 0.0 ], [ -47.089574610999897, -22.899735888999899, 0.0 ], [ -47.089575889999907, -22.899808005, 0.0 ], [ -47.090779042999912, -22.899785005999899, 0.0 ] ] ] } },
{ "type": "Feature", "properties": { }, "geometry": { "type": "Polygon", "coordinates": [ [ [ -47.090777768, -22.899717398999901, 0.0 ], [ -47.090779042999912, -22.899785005999899, 0.0 ], [ -47.0919222429999, -22.899794702, 0.0 ], [ -47.09192037, -22.899700053999901, 0.0 ], [ -47.090777768, -22.899717398999901, 0.0 ] ] ] } },
{ "type": "Feature", "properties": { }, "geometry": { "type": "Polygon", "coordinates": [ [ [ -47.093205998, -22.899819645, 0.0 ], [ -47.093202254999902, -22.8996754369999, 0.0 ], [ -47.09192037, -22.899700053999901, 0.0 ], [ -47.0919222429999, -22.899794702, 0.0 ], [ -47.093205998, -22.899819645, 0.0 ] ] ] } },
{ "type": "Feature", "properties": { }, "geometry": { "type": "Polygon", "coordinates": [ [ [ -47.093246187, -22.899818749999898, 0.0 ], [ -47.093252892999907, -22.899674309, 0.0 ], [ -47.093202254999902, -22.8996754369999, 0.0 ], [ -47.093205998, -22.899819645, 0.0 ], [ -47.093246187, -22.899818749999898, 0.0 ] ] ] } },
{ "type": "Feature", "properties": { }, "geometry": { "type": "Polygon", "coordinates": [ [ [ -47.093246187, -22.899818749999898, 0.0 ], [ -47.09338479, -22.899820362, 0.0 ], [ -47.093381189, -22.899671640999902, 0.0 ], [ -47.093252892999907, -22.899674309, 0.0 ], [ -47.093246187, -22.899818749999898, 0.0 ] ] ] } },
{ "type": "Feature", "properties": { }, "geometry": { "type": "Polygon", "coordinates": [ [ [ -47.093381189, -22.899671640999902, 0.0 ], [ -47.09338479, -22.899820362, 0.0 ], [ -47.093729326, -22.899799365, 0.0 ], [ -47.093717198, -22.899655552999899, 0.0 ], [ -47.093381189, -22.899671640999902, 0.0 ] ] ] } },
{ "type": "Feature", "properties": { }, "geometry": { "type": "Polygon", "coordinates": [ [ [ -47.093717198, -22.899655552999899, 0.0 ], [ -47.093729326, -22.899799365, 0.0 ], [ -47.094273213, -22.899719982, 0.0 ], [ -47.094249471, -22.899595694, 0.0 ], [ -47.093717198, -22.899655552999899, 0.0 ] ] ] } },
{ "type": "Feature", "properties": { }, "geometry": { "type": "Polygon", "coordinates": [ [ [ -47.094249471, -22.899595694, 0.0 ], [ -47.094273213, -22.899719981, 0.0 ], [ -47.094707276999898, -22.899635765, 0.0 ], [ -47.094957789, -22.899570581, 0.0 ], [ -47.094918647, -22.8994543969999, 0.0 ], [ -47.094249471, -22.899595694, 0.0 ] ] ] } },
{ "type": "Feature", "properties": { }, "geometry": { "type": "Polygon", "coordinates": [ [ [ -47.095145062, -22.899521149999899, 0.0 ], [ -47.09510447000001, -22.899400662999899, 0.0 ], [ -47.094918647, -22.8994543969999, 0.0 ], [ -47.094957789, -22.899570581, 0.0 ], [ -47.095145062, -22.899521149999899, 0.0 ] ] ] } },
{ "type": "Feature", "properties": { }, "geometry": { "type": "Polygon", "coordinates": [ [ [ -47.095293151, -22.899344638, 0.0 ], [ -47.095340185999902, -22.899453439999899, 0.0 ], [ -47.095750268, -22.899310843999899, 0.0 ], [ -47.097596535, -22.898593930999901, 0.0 ], [ -47.097528054999898, -22.898439679, 0.0 ], [ -47.095702027999899, -22.899192922999902, 0.0 ], [ -47.095293151, -22.899344638, 0.0 ] ] ] } },
{ "type": "Feature", "properties": { }, "geometry": { "type": "Polygon", "coordinates": [ [ [ -47.103029077, -22.898270802, 0.0 ], [ -47.102992719, -22.898378346999898, 0.0 ], [ -47.103227219, -22.898459229, 0.0 ], [ -47.103268676, -22.898343736, 0.0 ], [ -47.103029077, -22.898270802, 0.0 ] ] ] } },
{ "type": "Feature", "properties": { }, "geometry": { "type": "Polygon", "coordinates": [ [ [ -47.103268676, -22.898343736, 0.0 ], [ -47.103227219, -22.898459229, 0.0 ], [ -47.104973887, -22.899109548999899, 0.0 ], [ -47.105047026, -22.898913569999898, 0.0 ], [ -47.103268676, -22.898343736, 0.0 ] ] ] } },
{ "type": "Feature", "properties": { }, "geometry": { "type": "Polygon", "coordinates": [ [ [ -47.105047026, -22.898913569999898, 0.0 ], [ -47.104973888, -22.899109548999899, 0.0 ], [ -47.105334185999901, -22.899224961, 0.0 ], [ -47.105407323999898, -22.899028981999901, 0.0 ], [ -47.105047026, -22.898913569999898, 0.0 ] ] ] } },
{ "type": "Feature", "properties": { }, "geometry": { "type": "Polygon", "coordinates": [ [ [ -47.105407323999898, -22.899028981999901, 0.0 ], [ -47.105334185999901, -22.899224961, 0.0 ], [ -47.105691072999903, -22.8993121839999, 0.0 ], [ -47.105755707999897, -22.8991421019999, 0.0 ], [ -47.105407323999898, -22.899028981999901, 0.0 ] ] ] } },
{ "type": "Feature", "properties": { }, "geometry": { "type": "Polygon", "coordinates": [ [ [ -47.105755707999897, -22.8991421019999, 0.0 ], [ -47.105691072999903, -22.8993121839999, 0.0 ], [ -47.106247713, -22.899407168, 0.0 ], [ -47.106282566999909, -22.899313398, 0.0 ], [ -47.105755707999897, -22.8991421019999, 0.0 ] ] ] } },
{ "type": "Feature", "properties": { }, "geometry": { "type": "Polygon", "coordinates": [ [ [ -47.106518219, -22.899469629999899, 0.0 ], [ -47.106545151, -22.899397171, 0.0 ], [ -47.106282566999909, -22.899313398, 0.0 ], [ -47.106247713, -22.899407168, 0.0 ], [ -47.106518219, -22.899469629999899, 0.0 ] ] ] } },
{ "type": "Feature", "properties": { }, "geometry": { "type": "Polygon", "coordinates": [ [ [ -47.106545151, -22.899397171, 0.0 ], [ -47.106518219, -22.899469629999899, 0.0 ], [ -47.106752013999902, -22.899534683, 0.0 ], [ -47.106775778, -22.899470748999899, 0.0 ], [ -47.106545151, -22.899397171, 0.0 ] ] ] } },
{ "type": "Feature", "properties": { }, "geometry": { "type": "Polygon", "coordinates": [ [ [ -47.107438026, -22.899744711, 0.0 ], [ -47.107459481, -22.899670699999898, 0.0 ], [ -47.106775778, -22.899470748999899, 0.0 ], [ -47.106752013999902, -22.899534683, 0.0 ], [ -47.107438026, -22.899744711, 0.0 ] ] ] } },
{ "type": "Feature", "properties": { }, "geometry": { "type": "Polygon", "coordinates": [ [ [ -47.107459481, -22.899670699999898, 0.0 ], [ -47.107438026, -22.899744711, 0.0 ], [ -47.108135561, -22.899896078, 0.0 ], [ -47.108831153, -22.900000459, 0.0 ], [ -47.109441278, -22.900044914, 0.0 ], [ -47.109444841000013, -22.899972863999899, 0.0 ], [ -47.109101639999913, -22.899955136, 0.0 ], [ -47.108424725, -22.899870473, 0.0 ], [ -47.107459481, -22.899670699999898, 0.0 ] ] ] } },
{ "type": "Feature", "properties": { }, "geometry": { "type": "Polygon", "coordinates": [ [ [ -47.111206951, -22.900083815999899, 0.0 ], [ -47.111207874, -22.8999981699999, 0.0 ], [ -47.109695174, -22.899980768, 0.0 ], [ -47.10969226799989, -22.900066375999899, 0.0 ], [ -47.111206951, -22.900083815999899, 0.0 ] ] ] } },
{ "type": "Feature", "properties": { }, "geometry": { "type": "Polygon", "coordinates": [ [ [ -47.111207874, -22.8999981699999, 0.0 ], [ -47.111206951, -22.900083815999899, 0.0 ], [ -47.111804205999903, -22.900123403999899, 0.0 ], [ -47.111804875, -22.900001691999901, 0.0 ], [ -47.111207874, -22.8999981699999, 0.0 ] ] ] } },
{ "type": "Feature", "properties": { }, "geometry": { "type": "Polygon", "coordinates": [ [ [ -47.112272859, -22.900164479999901, 0.0 ], [ -47.112276562, -22.900002802, 0.0 ], [ -47.111804875, -22.900001691999901, 0.0 ], [ -47.111804207, -22.900123403999899, 0.0 ], [ -47.112272859, -22.900164479999901, 0.0 ] ] ] } },
{ "type": "Feature", "properties": { }, "geometry": { "type": "Polygon", "coordinates": [ [ [ -47.112276562, -22.900002802, 0.0 ], [ -47.112276051, -22.900165086, 0.0 ], [ -47.11344207, -22.900183680999898, 0.0 ], [ -47.113441783, -22.9000033639999, 0.0 ], [ -47.112276562, -22.900002802, 0.0 ] ] ] } },
{ "type": "Feature", "properties": { }, "geometry": { "type": "Polygon", "coordinates": [ [ [ -47.113441783, -22.9000033639999, 0.0 ], [ -47.11344207, -22.900183680999898, 0.0 ], [ -47.114840124, -22.900171773, 0.0 ], [ -47.115302228, -22.900151631, 0.0 ], [ -47.115878011999889, -22.9001002759999, 0.0 ], [ -47.116614887, -22.899988386, 0.0 ], [ -47.117317343000011, -22.899834337, 0.0 ], [ -47.118295518, -22.899549142999899, 0.0 ], [ -47.118729066, -22.899399565, 0.0 ], [ -47.119113737, -22.899243627, 0.0 ], [ -47.119036082, -22.899078283999899, 0.0 ], [ -47.118661147999902, -22.899230582, 0.0 ], [ -47.118232814999892, -22.899378439, 0.0 ], [ -47.117262486, -22.89966133, 0.0 ], [ -47.11657760899989, -22.899811407, 0.0 ], [ -47.115847511, -22.899922187, 0.0 ], [ -47.115285881, -22.899971950999898, 0.0 ], [ -47.114832087, -22.89999161, 0.0 ], [ -47.113441783, -22.9000033639999, 0.0 ] ] ] } },
{ "type": "Feature", "properties": { }, "geometry": { "type": "Polygon", "coordinates": [ [ [ -47.120931894, -22.898406845999901, 0.0 ], [ -47.120837808, -22.898145976, 0.0 ], [ -47.120031105, -22.89861267, 0.0 ], [ -47.119643497, -22.898808960999901, 0.0 ], [ -47.119036082, -22.899078283999899, 0.0 ], [ -47.119113737, -22.899243627, 0.0 ], [ -47.119295855, -22.899179454, 0.0 ], [ -47.120144239999902, -22.898815845999898, 0.0 ], [ -47.120931894, -22.898406845999901, 0.0 ] ] ] } },
{ "type": "Feature", "properties": { }, "geometry": { "type": "Polygon", "coordinates": [ [ [ -46.872697839, -23.194517528999899, 0.0 ], [ -46.872865642, -23.1946179249999, 0.0 ], [ -46.874102095, -23.19283101, 0.0 ], [ -46.873929051999902, -23.192729826, 0.0 ], [ -46.872697839, -23.194517528999899, 0.0 ] ] ] } },
{ "type": "Feature", "properties": { }, "geometry": { "type": "Polygon", "coordinates": [ [ [ -46.873929051999902, -23.192729826, 0.0 ], [ -46.874102095999902, -23.19283101, 0.0 ], [ -46.874385525, -23.192502067, 0.0 ], [ -46.874171474, -23.19237651, 0.0 ], [ -46.873929051999902, -23.192729826, 0.0 ] ] ] } },
{ "type": "Feature", "properties": { }, "geometry": { "type": "Polygon", "coordinates": [ [ [ -46.874601317, -23.192187686, 0.0 ], [ -46.874598665999898, -23.1921564209999, 0.0 ], [ -46.874387266, -23.192062129999901, 0.0 ], [ -46.874171474, -23.19237651, 0.0 ], [ -46.874385525, -23.192502066, 0.0 ], [ -46.874601317, -23.192187686, 0.0 ] ] ] } },
{ "type": "Feature", "properties": { }, "geometry": { "type": "Polygon", "coordinates": [ [ [ -46.875108597, -23.19123575, 0.0 ], [ -46.875030186999901, -23.1911860619999, 0.0 ], [ -46.874490846999898, -23.191913972999899, 0.0 ], [ -46.874589066999903, -23.191972747999898, 0.0 ], [ -46.875108597, -23.19123575, 0.0 ] ] ] } },
{ "type": "Feature", "properties": { }, "geometry": { "type": "Polygon", "coordinates": [ [ [ -46.875030186999901, -23.1911860619999, 0.0 ], [ -46.875108597999898, -23.19123575, 0.0 ], [ -46.875645639, -23.190462378, 0.0 ], [ -46.875575979, -23.190420871999901, 0.0 ], [ -46.875030186999901, -23.1911860619999, 0.0 ] ] ] } },
{ "type": "Feature", "properties": { }, "geometry": { "type": "Polygon", "coordinates": [ [ [ -46.877113228, -23.188363952, 0.0 ], [ -46.877043774, -23.188322153999898, 0.0 ], [ -46.875575979, -23.190420871999901, 0.0 ], [ -46.875645639, -23.190462378, 0.0 ], [ -46.877113228, -23.188363952, 0.0 ] ] ] } },
{ "type": "Feature", "properties": { }, "geometry": { "type": "Polygon", "coordinates": [ [ [ -46.879019462, -23.1856648629999, 0.0 ], [ -46.878889553, -23.185602764999899, 0.0 ], [ -46.87868116, -23.185957827, 0.0 ], [ -46.878403336000012, -23.1863845029999, 0.0 ], [ -46.877043774, -23.188322153999898, 0.0 ], [ -46.877113229, -23.188363952, 0.0 ], [ -46.878516251999898, -23.186441622, 0.0 ], [ -46.878798134, -23.186025765, 0.0 ], [ -46.879019462, -23.1856648629999, 0.0 ] ] ] } },
{ "type": "Feature", "properties": { }, "geometry": { "type": "Polygon", "coordinates": [ [ [ -47.052839752999901, -22.914452637, 0.0 ], [ -47.052895044, -22.914558051, 0.0 ], [ -47.0529991229999, -22.914503867999901, 0.0 ], [ -47.052954901, -22.914403057999898, 0.0 ], [ -47.052839752999901, -22.914452637, 0.0 ] ] ] } },
{ "type": "Feature", "properties": { }, "geometry": { "type": "Polygon", "coordinates": [ [ [ -47.052954901, -22.914403057999898, 0.0 ], [ -47.052999337, -22.914503103999898, 0.0 ], [ -47.053176430999898, -22.914441711999899, 0.0 ], [ -47.053133548999902, -22.914336255, 0.0 ], [ -47.052954901, -22.914403057999898, 0.0 ] ] ] } },
{ "type": "Feature", "properties": { }, "geometry": { "type": "Polygon", "coordinates": [ [ [ -47.0533549049999, -22.91440446, 0.0 ], [ -47.053311846, -22.914275248, 0.0 ], [ -47.053133548999902, -22.914336255, 0.0 ], [ -47.053176430999898, -22.914441711999899, 0.0 ], [ -47.0533549049999, -22.91440446, 0.0 ] ] ] } },
{ "type": "Feature", "properties": { }, "geometry": { "type": "Polygon", "coordinates": [ [ [ -47.053311846, -22.914275248, 0.0 ], [ -47.0533549049999, -22.91440446, 0.0 ], [ -47.053529331999989, -22.914373742999899, 0.0 ], [ -47.053491480999988, -22.914224549, 0.0 ], [ -47.053311846, -22.914275248, 0.0 ] ] ] } },
{ "type": "Feature", "properties": { }, "geometry": { "type": "Polygon", "coordinates": [ [ [ -47.053713202, -22.914352521999898, 0.0 ], [ -47.0536762959999, -22.914184678, 0.0 ], [ -47.053491480999988, -22.914224549, 0.0 ], [ -47.053529331999989, -22.914373742999899, 0.0 ], [ -47.053713202, -22.914352521999898, 0.0 ] ] ] } },
{ "type": "Feature", "properties": { }, "geometry": { "type": "Polygon", "coordinates": [ [ [ -47.053895, -22.914340207999899, 0.0 ], [ -47.053863524, -22.914153145999901, 0.0 ], [ -47.0536762959999, -22.914184678, 0.0 ], [ -47.053713202, -22.914352521999898, 0.0 ], [ -47.053895, -22.914340207999899, 0.0 ] ] ] } },
{ "type": "Feature", "properties": { }, "geometry": { "type": "Polygon", "coordinates": [ [ [ -47.06623877, -22.909322575, 0.0 ], [ -47.066208022999902, -22.909162817, 0.0 ], [ -47.065549352999902, -22.909272557999891, 0.0 ], [ -47.065593100999912, -22.90949885, 0.0 ], [ -47.06623877, -22.909322575, 0.0 ] ] ] } },
{ "type": "Feature", "properties": { }, "geometry": { "type": "Polygon", "coordinates": [ [ [ -47.069197237, -22.908573025, 0.0 ], [ -47.069109990999891, -22.908296086, 0.0 ], [ -47.0686476609999, -22.908423458, 0.0 ], [ -47.068117406999903, -22.908615766, 0.0 ], [ -47.068150031, -22.908695903, 0.0 ], [ -47.068495007, -22.9086439179999, 0.0 ], [ -47.069197237, -22.908573025, 0.0 ] ] ] } },
{ "type": "Feature", "properties": { }, "geometry": { "type": "Polygon", "coordinates": [ [ [ -47.072432518, -22.9073845409999, 0.0 ], [ -47.0724144, -22.907333117999901, 0.0 ], [ -47.0719568, -22.9074729939999, 0.0 ], [ -47.07197373, -22.907520033, 0.0 ], [ -47.072432518, -22.9073845409999, 0.0 ] ] ] } },
{ "type": "Feature", "properties": { }, "geometry": { "type": "Polygon", "coordinates": [ [ [ -47.075549692, -22.906407234, 0.0 ], [ -47.075519046999908, -22.9063559689999, 0.0 ], [ -47.075189475999892, -22.906511936999909, 0.0 ], [ -47.0752295509999, -22.9065891189999, 0.0 ], [ -47.075549692, -22.906407234, 0.0 ] ] ] } },
{ "type": "Feature", "properties": { }, "geometry": { "type": "Polygon", "coordinates": [ [ [ -47.075954273, -22.906182688999898, 0.0 ], [ -47.075933435, -22.906119647, 0.0 ], [ -47.075519046999908, -22.9063559689999, 0.0 ], [ -47.075549692, -22.906407234, 0.0 ], [ -47.075954273, -22.906182688999898, 0.0 ] ] ] } },
{ "type": "Feature", "properties": { }, "geometry": { "type": "Polygon", "coordinates": [ [ [ -47.09839677, -22.898301552, 0.0 ], [ -47.098360321, -22.898184618999899, 0.0 ], [ -47.097788623, -22.89835111, 0.0 ], [ -47.097843, -22.898495861, 0.0 ], [ -47.09839677, -22.898301552, 0.0 ] ] ] } },
{ "type": "Feature", "properties": { }, "geometry": { "type": "Polygon", "coordinates": [ [ [ -47.098360321, -22.898184618999899, 0.0 ], [ -47.09839677, -22.898301552, 0.0 ], [ -47.099107922, -22.898096707, 0.0 ], [ -47.099089744, -22.898017332999899, 0.0 ], [ -47.098360321, -22.898184618999899, 0.0 ] ] ] } },
{ "type": "Feature", "properties": { }, "geometry": { "type": "Polygon", "coordinates": [ [ [ -47.099089744, -22.898017332999899, 0.0 ], [ -47.099107922, -22.898096707, 0.0 ], [ -47.099314509999893, -22.898075057, 0.0 ], [ -47.09983139500001, -22.8980601539999, 0.0 ], [ -47.09981506, -22.897934845, 0.0 ], [ -47.099302248, -22.897981558, 0.0 ], [ -47.099089744, -22.898017332999899, 0.0 ] ] ] } },
{ "type": "Feature", "properties": { }, "geometry": { "type": "Polygon", "coordinates": [ [ [ -47.09983139500001, -22.8980601539999, 0.0 ], [ -47.100597739, -22.898033545, 0.0 ], [ -47.10059231, -22.897893891, 0.0 ], [ -47.100006337, -22.897913441999901, 0.0 ], [ -47.09981506, -22.897934845, 0.0 ], [ -47.09983139500001, -22.8980601539999, 0.0 ] ] ] } },
{ "type": "Feature", "properties": { }, "geometry": { "type": "Polygon", "coordinates": [ [ [ -47.10059231, -22.897893891, 0.0 ], [ -47.100597739, -22.898033545, 0.0 ], [ -47.100982277, -22.8980616, 0.0 ], [ -47.101476676999887, -22.898127772, 0.0 ], [ -47.101503081, -22.897949125, 0.0 ], [ -47.100998019, -22.897904683, 0.0 ], [ -47.10059231, -22.897893891, 0.0 ] ] ] } },
{ "type": "Feature", "properties": { }, "geometry": { "type": "Polygon", "coordinates": [ [ [ -47.1021505309999, -22.898210062, 0.0 ], [ -47.102194243, -22.898052001999901, 0.0 ], [ -47.101503081, -22.897949125, 0.0 ], [ -47.101476676999887, -22.898127772, 0.0 ], [ -47.1021505309999, -22.898210062, 0.0 ] ] ] } },
{ "type": "Feature", "properties": { }, "geometry": { "type": "Polygon", "coordinates": [ [ [ -47.10282552, -22.89821232, 0.0 ], [ -47.102194243, -22.898052001999901, 0.0 ], [ -47.102150767, -22.898209207, 0.0 ], [ -47.102836757, -22.898333089999898, 0.0 ], [ -47.10282552, -22.89821232, 0.0 ] ] ] } },
{ "type": "Feature", "properties": { }, "geometry": { "type": "Polygon", "coordinates": [ [ [ -46.992836161999897, -22.970983042999901, 0.0 ], [ -46.992697243, -22.97090108, 0.0 ], [ -46.992585505, -22.9710622979999, 0.0 ], [ -46.992719523999902, -22.971144299999899, 0.0 ], [ -46.992836161999897, -22.970983042999901, 0.0 ] ] ] } },
{ "type": "Feature", "properties": { }, "geometry": { "type": "Polygon", "coordinates": [ [ [ -46.989354429999899, -22.960983300999899, 0.0 ], [ -46.988615185999898, -22.960116582999898, 0.0 ], [ -46.98832699, -22.960331336, 0.0 ], [ -46.988632175, -22.9606385119999, 0.0 ], [ -46.988941493, -22.960884294, 0.0 ], [ -46.989134313, -22.961014470999899, 0.0 ], [ -46.989276441999912, -22.961097618999901, 0.0 ], [ -46.989354429999899, -22.960983300999899, 0.0 ] ] ] } },
{ "type": "Feature", "properties": { }, "geometry": { "type": "Polygon", "coordinates": [ [ [ -46.988417999, -22.96026352, 0.0 ], [ -46.988176371999899, -22.960034423, 0.0 ], [ -46.988114386999897, -22.960078080999899, 0.0 ], [ -46.98832699, -22.960331336, 0.0 ], [ -46.988417999, -22.96026352, 0.0 ] ] ] } },
{ "type": "Feature", "properties": { }, "geometry": { "type": "Polygon", "coordinates": [ [ [ -47.0641676239999, -22.909891112, 0.0 ], [ -47.064096742999901, -22.909670796999901, 0.0 ], [ -47.063282893, -22.90989418, 0.0 ], [ -47.063354595, -22.910118971, 0.0 ], [ -47.0641676239999, -22.909891112, 0.0 ] ] ] } },
{ "type": "Feature", "properties": { }, "geometry": { "type": "Polygon", "coordinates": [ [ [ -47.067205854, -22.909014984999899, 0.0 ], [ -47.067168697999897, -22.908898242, 0.0 ], [ -47.066208022999902, -22.909162817, 0.0 ], [ -47.066231084, -22.909282635, 0.0 ], [ -47.067205854, -22.909014984999899, 0.0 ] ] ] } },
{ "type": "Feature", "properties": { }, "geometry": { "type": "Polygon", "coordinates": [ [ [ -47.067874033, -22.908774724, 0.0 ], [ -47.067848446, -22.908701850999901, 0.0 ], [ -47.067472673999902, -22.908813514, 0.0 ], [ -47.06750351599991, -22.908908477999901, 0.0 ], [ -47.067874033, -22.908774724, 0.0 ] ] ] } },
{ "type": "Feature", "properties": { }, "geometry": { "type": "Polygon", "coordinates": [ [ [ -47.068150031, -22.908695903, 0.0 ], [ -47.068117406999903, -22.908615766, 0.0 ], [ -47.067848446, -22.908701850999901, 0.0 ], [ -47.067874033, -22.908774724, 0.0 ], [ -47.068150031, -22.908695903, 0.0 ] ] ] } },
{ "type": "Feature", "properties": { }, "geometry": { "type": "Polygon", "coordinates": [ [ [ -47.071987582, -22.907558519, 0.0 ], [ -47.0719568, -22.9074729939999, 0.0 ], [ -47.070703196, -22.907858658999899, 0.0 ], [ -47.069109990999891, -22.908296086, 0.0 ], [ -47.069137256, -22.908382629999899, 0.0 ], [ -47.0707318239999, -22.907944824, 0.0 ], [ -47.071987582, -22.907558519, 0.0 ] ] ] } },
{ "type": "Feature", "properties": { }, "geometry": { "type": "Polygon", "coordinates": [ [ [ -47.0724144, -22.907333117999901, 0.0 ], [ -47.072444597, -22.907418823, 0.0 ], [ -47.073260174, -22.907193827, 0.0 ], [ -47.073234231, -22.907106934999899, 0.0 ], [ -47.0724144, -22.907333117999901, 0.0 ] ] ] } },
{ "type": "Feature", "properties": { }, "geometry": { "type": "Polygon", "coordinates": [ [ [ -47.073474615999913, -22.907122634999901, 0.0 ], [ -47.073451621999901, -22.9070490239999, 0.0 ], [ -47.073234231, -22.907106934999899, 0.0 ], [ -47.073256281999903, -22.907180792999899, 0.0 ], [ -47.073474615999913, -22.907122634999901, 0.0 ] ] ] } },
{ "type": "Feature", "properties": { }, "geometry": { "type": "Polygon", "coordinates": [ [ [ -47.075107053999901, -22.906659761, 0.0 ], [ -47.075061291999901, -22.906565147, 0.0 ], [ -47.074995116, -22.906591406, 0.0 ], [ -47.075031649, -22.906674967, 0.0 ], [ -47.075107053999901, -22.906659761, 0.0 ] ] ] } },
{ "type": "Feature", "properties": { }, "geometry": { "type": "Polygon", "coordinates": [ [ [ -47.073451621999901, -22.9070490239999, 0.0 ], [ -47.073478673999901, -22.907135625, 0.0 ], [ -47.074367848, -22.906897125999901, 0.0 ], [ -47.075031649, -22.906674967, 0.0 ], [ -47.074995116, -22.906591406, 0.0 ], [ -47.074336839, -22.90681167, 0.0 ], [ -47.073451621999901, -22.9070490239999, 0.0 ] ] ] } },
{ "type": "Feature", "properties": { }, "geometry": { "type": "Polygon", "coordinates": [ [ [ -47.075061291999901, -22.906565147, 0.0 ], [ -47.075107053999901, -22.906659761, 0.0 ], [ -47.0752295509999, -22.9065891189999, 0.0 ], [ -47.075189475999892, -22.906511936999909, 0.0 ], [ -47.075061291999901, -22.906565147, 0.0 ] ] ] } },
{ "type": "Feature", "properties": { }, "geometry": { "type": "Polygon", "coordinates": [ [ [ -47.097695307, -22.898381199, 0.0 ], [ -47.097748085, -22.898521692, 0.0 ], [ -47.097843, -22.898495861, 0.0 ], [ -47.097788623, -22.89835111, 0.0 ], [ -47.097695307, -22.898381199, 0.0 ] ] ] } },
{ "type": "Feature", "properties": { }, "geometry": { "type": "Polygon", "coordinates": [ [ [ -46.8984149079999, -23.1724265309999, 0.0 ], [ -46.897959279000013, -23.1721653439999, 0.0 ], [ -46.897693548999897, -23.172533116999901, 0.0 ], [ -46.898274828, -23.172928171, 0.0 ], [ -46.8984149079999, -23.1724265309999, 0.0 ] ] ] } },
{ "type": "Feature", "properties": { }, "geometry": { "type": "Polygon", "coordinates": [ [ [ -46.898416728, -23.1724200109999, 0.0 ], [ -46.898487055, -23.172168163, 0.0 ], [ -46.898123843, -23.171940675, 0.0 ], [ -46.897959279000013, -23.1721653439999, 0.0 ], [ -46.898416728, -23.1724200109999, 0.0 ] ] ] } },
{ "type": "Feature", "properties": { }, "geometry": { "type": "Polygon", "coordinates": [ [ [ -46.903836789, -23.156268356999899, 0.0 ], [ -46.903043523, -23.156298986, 0.0 ], [ -46.903075814, -23.156429424999899, 0.0 ], [ -46.903836789, -23.156268356999899, 0.0 ] ] ] } },
{ "type": "Feature", "properties": { }, "geometry": { "type": "Polygon", "coordinates": [ [ [ -46.903913361, -23.156265399999899, 0.0 ], [ -46.903022716, -23.1549139379999, 0.0 ], [ -46.902698874999899, -23.15497913, 0.0 ], [ -46.903043540999903, -23.156299053999899, 0.0 ], [ -46.903913361, -23.156265399999899, 0.0 ] ] ] } },
{ "type": "Feature", "properties": { }, "geometry": { "type": "Polygon", "coordinates": [ [ [ -46.941613429, -23.109496544, 0.0 ], [ -46.941298839999902, -23.109279446, 0.0 ], [ -46.94124343, -23.109374046, 0.0 ], [ -46.941608503999902, -23.1095643089999, 0.0 ], [ -46.941613429, -23.109496544, 0.0 ] ] ] } },
{ "type": "Feature", "properties": { }, "geometry": { "type": "Polygon", "coordinates": [ [ [ -47.034014270999897, -22.925651190999901, 0.0 ], [ -47.03411979, -22.925485604, 0.0 ], [ -47.033996493, -22.925413196, 0.0 ], [ -47.033899249999891, -22.925562866999901, 0.0 ], [ -47.034014270999897, -22.925651190999901, 0.0 ] ] ] } },
{ "type": "Feature", "properties": { }, "geometry": { "type": "Polygon", "coordinates": [ [ [ -46.905484166, -23.147711348, 0.0 ], [ -46.905492068999898, -23.147659471999901, 0.0 ], [ -46.905433624999887, -23.147661464999899, 0.0 ], [ -46.905435477, -23.147707916999899, 0.0 ], [ -46.905484166, -23.147711348, 0.0 ] ] ] } },
{ "type": "Feature", "properties": { }, "geometry": { "type": "Polygon", "coordinates": [ [ [ -46.905484166, -23.147711348, 0.0 ], [ -46.905435477, -23.147707916999899, 0.0 ], [ -46.905434812, -23.1477394039999, 0.0 ], [ -46.905483538999903, -23.1477403069999, 0.0 ], [ -46.905484166, -23.147711348, 0.0 ] ] ] } },
{ "type": "Feature", "properties": { }, "geometry": { "type": "Polygon", "coordinates": [ [ [ -46.947659229999907, -23.093526793, 0.0 ], [ -46.947726422, -23.093346263999901, 0.0 ], [ -46.9475882139999, -23.093302281, 0.0 ], [ -46.947528306, -23.0934633869999, 0.0 ], [ -46.947659229999907, -23.093526793, 0.0 ] ] ] } },
{ "type": "Feature", "properties": { }, "geometry": { "type": "Polygon", "coordinates": [ [ [ -46.952264737, -23.053434027, 0.0 ], [ -46.952860648999902, -23.052616304, 0.0 ], [ -46.9526974569999, -23.0525178349999, 0.0 ], [ -46.952102652, -23.0533340009999, 0.0 ], [ -46.952264737, -23.053434027, 0.0 ] ] ] } },
{ "type": "Feature", "properties": { }, "geometry": { "type": "Polygon", "coordinates": [ [ [ -46.960834180999903, -23.0509766599999, 0.0 ], [ -46.961113902, -23.050842228, 0.0 ], [ -46.961428048, -23.050650257, 0.0 ], [ -46.961668899, -23.050473628, 0.0 ], [ -46.961951342, -23.050221886, 0.0 ], [ -46.961667934999987, -23.049974445, 0.0 ], [ -46.961406586, -23.050207009, 0.0 ], [ -46.961193524, -23.050362317, 0.0 ], [ -46.960908694999887, -23.050535716, 0.0 ], [ -46.960719317, -23.050629671, 0.0 ], [ -46.960834180999903, -23.0509766599999, 0.0 ] ] ] } },
{ "type": "Feature", "properties": { }, "geometry": { "type": "Polygon", "coordinates": [ [ [ -46.960834180999903, -23.0509766599999, 0.0 ], [ -46.960719317, -23.050629671, 0.0 ], [ -46.960435475999901, -23.050740026, 0.0 ], [ -46.959994001, -23.050859312999901, 0.0 ], [ -46.960077578, -23.051211491999901, 0.0 ], [ -46.96055818, -23.051082251, 0.0 ], [ -46.960834180999903, -23.0509766599999, 0.0 ] ] ] } },
{ "type": "Feature", "properties": { }, "geometry": { "type": "Polygon", "coordinates": [ [ [ -46.987340280999902, -22.9581582389999, 0.0 ], [ -46.987272211999901, -22.957782569, 0.0 ], [ -46.987195525999901, -22.957795123, 0.0 ], [ -46.987264303, -22.958174264, 0.0 ], [ -46.987340280999902, -22.9581582389999, 0.0 ] ] ] } },
{ "type": "Feature", "properties": { }, "geometry": { "type": "Polygon", "coordinates": [ [ [ -46.987771881999898, -22.941887845999901, 0.0 ], [ -46.987810916999898, -22.941970426, 0.0 ], [ -46.98824289399991, -22.941796428, 0.0 ], [ -46.988204664, -22.941713525999901, 0.0 ], [ -46.987771881999898, -22.941887845999901, 0.0 ] ] ] } },
{ "type": "Feature", "properties": { }, "geometry": { "type": "Polygon", "coordinates": [ [ [ -46.987194542999887, -22.942160223, 0.0 ], [ -46.987216563999901, -22.942195289, 0.0 ], [ -46.987490636, -22.9420799869999, 0.0 ], [ -46.987810916999898, -22.941970426, 0.0 ], [ -46.987771881999898, -22.941887845999901, 0.0 ], [ -46.98745959, -22.942023337, 0.0 ], [ -46.987194542999887, -22.942160223, 0.0 ] ] ] } },
{ "type": "Feature", "properties": { }, "geometry": { "type": "Polygon", "coordinates": [ [ [ -46.995224500999903, -22.9370294359999, 0.0 ], [ -46.99539098, -22.93698255, 0.0 ], [ -46.995348517, -22.936919353999901, 0.0 ], [ -46.995200071999911, -22.93696096, 0.0 ], [ -46.995224500999903, -22.9370294359999, 0.0 ] ] ] } },
{ "type": "Feature", "properties": { }, "geometry": { "type": "Polygon", "coordinates": [ [ [ -47.054152144999897, -22.914318379, 0.0 ], [ -47.05422412, -22.914315034, 0.0 ], [ -47.054214136, -22.914125939, 0.0 ], [ -47.054155726, -22.914128585999901, 0.0 ], [ -47.054152144999897, -22.914318379, 0.0 ] ] ] } },
{ "type": "Feature", "properties": { }, "geometry": { "type": "Polygon", "coordinates": [ [ [ -47.054152144999897, -22.914318379, 0.0 ], [ -47.054155726, -22.914128585999901, 0.0 ], [ -47.053863524, -22.914153145999901, 0.0 ], [ -47.053895, -22.914340207999899, 0.0 ], [ -47.054152144999897, -22.914318379, 0.0 ] ] ] } },
{ "type": "Feature", "properties": { }, "geometry": { "type": "Polygon", "coordinates": [ [ [ -46.874387266, -23.192062129999901, 0.0 ], [ -46.874598665999898, -23.1921564209999, 0.0 ], [ -46.874589066999903, -23.191972747999898, 0.0 ], [ -46.874490846999898, -23.191913972999899, 0.0 ], [ -46.874387266, -23.192062129999901, 0.0 ] ] ] } },
{ "type": "Feature", "properties": { }, "geometry": { "type": "Polygon", "coordinates": [ [ [ -46.879019462, -23.1856648629999, 0.0 ], [ -46.879119147, -23.185480406999901, 0.0 ], [ -46.878986811999887, -23.185422855999899, 0.0 ], [ -46.878889553, -23.185602764999899, 0.0 ], [ -46.879019462, -23.1856648629999, 0.0 ] ] ] } },
{ "type": "Feature", "properties": { }, "geometry": { "type": "Polygon", "coordinates": [ [ [ -46.885549512999901, -23.178574704, 0.0 ], [ -46.885344569, -23.178449246, 0.0 ], [ -46.8850644669999, -23.178615045, 0.0 ], [ -46.885185376, -23.178789636, 0.0 ], [ -46.885549512999901, -23.178574704, 0.0 ] ] ] } },
{ "type": "Feature", "properties": { }, "geometry": { "type": "Polygon", "coordinates": [ [ [ -46.885549512999901, -23.178574704, 0.0 ], [ -46.885621347, -23.178618678, 0.0 ], [ -46.886139750999988, -23.1783188049999, 0.0 ], [ -46.886104804, -23.178267252, 0.0 ], [ -46.885549512999901, -23.178574704, 0.0 ] ] ] } },
{ "type": "Feature", "properties": { }, "geometry": { "type": "Polygon", "coordinates": [ [ [ -46.8933766869999, -23.174576733, 0.0 ], [ -46.893180273, -23.174242437, 0.0 ], [ -46.892230415, -23.174599769999901, 0.0 ], [ -46.89234685400001, -23.174896308, 0.0 ], [ -46.8933766869999, -23.174576733, 0.0 ] ] ] } },
{ "type": "Feature", "properties": { }, "geometry": { "type": "Polygon", "coordinates": [ [ [ -46.8933766869999, -23.174576733, 0.0 ], [ -46.893550445, -23.174872466999901, 0.0 ], [ -46.895213548999898, -23.174525679999899, 0.0 ], [ -46.8950649229999, -23.174091732, 0.0 ], [ -46.8933766869999, -23.174576733, 0.0 ] ] ] } },
{ "type": "Feature", "properties": { }, "geometry": { "type": "Polygon", "coordinates": [ [ [ -46.895074974, -23.173824059, 0.0 ], [ -46.894879919999902, -23.173561644, 0.0 ], [ -46.893180273, -23.174242437, 0.0 ], [ -46.8933766869999, -23.174576733, 0.0 ], [ -46.895157379999887, -23.1740646639999, 0.0 ], [ -46.895074974, -23.173824059, 0.0 ] ] ] } },
{ "type": "Feature", "properties": { }, "geometry": { "type": "Polygon", "coordinates": [ [ [ -46.897727324, -23.172032376999901, 0.0 ], [ -46.897959279000013, -23.1721653439999, 0.0 ], [ -46.898681861999897, -23.17117847, 0.0 ], [ -46.898456024, -23.171036705999899, 0.0 ], [ -46.897727324, -23.172032376999901, 0.0 ] ] ] } },
{ "type": "Feature", "properties": { }, "geometry": { "type": "Polygon", "coordinates": [ [ [ -46.904494742999901, -23.1507351, 0.0 ], [ -46.90461914, -23.150476184999899, 0.0 ], [ -46.904571763, -23.150452981999901, 0.0 ], [ -46.904427057, -23.150699292999899, 0.0 ], [ -46.904494742999901, -23.1507351, 0.0 ] ] ] } },
{ "type": "Feature", "properties": { }, "geometry": { "type": "Polygon", "coordinates": [ [ [ -46.905270824, -23.147696311999901, 0.0 ], [ -46.905259395, -23.147736154, 0.0 ], [ -46.905434812, -23.1477394039999, 0.0 ], [ -46.905435477, -23.147707916999899, 0.0 ], [ -46.905270824, -23.147696311999901, 0.0 ] ] ] } },
{ "type": "Feature", "properties": { }, "geometry": { "type": "Polygon", "coordinates": [ [ [ -46.908986828, -23.1396177889999, 0.0 ], [ -46.908453586999897, -23.1394388309999, 0.0 ], [ -46.908228591, -23.139777007, 0.0 ], [ -46.9087017639999, -23.140046246999901, 0.0 ], [ -46.908986828, -23.1396177889999, 0.0 ] ] ] } },
{ "type": "Feature", "properties": { }, "geometry": { "type": "Polygon", "coordinates": [ [ [ -46.908987834, -23.139616276, 0.0 ], [ -46.909268696, -23.1397117029999, 0.0 ], [ -46.90924358199991, -23.139479250999901, 0.0 ], [ -46.909131407, -23.1394073979999, 0.0 ], [ -46.908987834, -23.139616276, 0.0 ] ] ] } },
{ "type": "Feature", "properties": { }, "geometry": { "type": "Polygon", "coordinates": [ [ [ -46.9240361929999, -23.129137649, 0.0 ], [ -46.923877006999902, -23.12895122, 0.0 ], [ -46.923507734999902, -23.129098962999901, 0.0 ], [ -46.923701294999901, -23.129369615, 0.0 ], [ -46.9240361929999, -23.129137649, 0.0 ] ] ] } },
{ "type": "Feature", "properties": { }, "geometry": { "type": "Polygon", "coordinates": [ [ [ -46.923877006999902, -23.12895122, 0.0 ], [ -46.9240361929999, -23.129137649, 0.0 ], [ -46.924249357999891, -23.128958095, 0.0 ], [ -46.924133411, -23.128848633999901, 0.0 ], [ -46.923877006999902, -23.12895122, 0.0 ] ] ] } },
{ "type": "Feature", "properties": { }, "geometry": { "type": "Polygon", "coordinates": [ [ [ -46.929873809999897, -23.124427338, 0.0 ], [ -46.930043649, -23.124329555, 0.0 ], [ -46.930005650999902, -23.124097843, 0.0 ], [ -46.929821316999899, -23.124124734999899, 0.0 ], [ -46.929873809999897, -23.124427338, 0.0 ] ] ] } },
{ "type": "Feature", "properties": { }, "geometry": { "type": "Polygon", "coordinates": [ [ [ -46.931556338, -23.123692853, 0.0 ], [ -46.93130367899991, -23.123441863, 0.0 ], [ -46.931011371999901, -23.123584851, 0.0 ], [ -46.930665661, -23.123714871, 0.0 ], [ -46.930737252, -23.123977056999902, 0.0 ], [ -46.93119468, -23.123843243, 0.0 ], [ -46.931556338, -23.123692853, 0.0 ] ] ] } },
{ "type": "Feature", "properties": { }, "geometry": { "type": "Polygon", "coordinates": [ [ [ -46.931732594, -23.123867944, 0.0 ], [ -46.931556338, -23.123692853, 0.0 ], [ -46.931476658, -23.1237307449999, 0.0 ], [ -46.9316463, -23.124045330999898, 0.0 ], [ -46.931732594, -23.123867944, 0.0 ] ] ] } },
{ "type": "Feature", "properties": { }, "geometry": { "type": "Polygon", "coordinates": [ [ [ -46.933445935999899, -23.121858573999901, 0.0 ], [ -46.933460179, -23.121723295, 0.0 ], [ -46.933304948999897, -23.121669742999899, 0.0 ], [ -46.933255314999897, -23.121789673, 0.0 ], [ -46.933445935999899, -23.121858573999901, 0.0 ] ] ] } },
{ "type": "Feature", "properties": { }, "geometry": { "type": "Polygon", "coordinates": [ [ [ -46.944593289999901, -23.068230404999898, 0.0 ], [ -46.944406508, -23.06823049, 0.0 ], [ -46.944352645, -23.068535057, 0.0 ], [ -46.944524954, -23.0685651709999, 0.0 ], [ -46.944593289999901, -23.068230404999898, 0.0 ] ] ] } },
{ "type": "Feature", "properties": { }, "geometry": { "type": "Polygon", "coordinates": [ [ [ -46.944742581, -23.0682299119999, 0.0 ], [ -46.944896516, -23.06753149, 0.0 ], [ -46.945001649999902, -23.066966431, 0.0 ], [ -46.945055527, -23.066574385, 0.0 ], [ -46.945078902, -23.066147747999899, 0.0 ], [ -46.944932824, -23.066144247, 0.0 ], [ -46.944909809, -23.066564265999901, 0.0 ], [ -46.944857203, -23.066945979, 0.0 ], [ -46.944752942, -23.067506318, 0.0 ], [ -46.944593289999901, -23.068230404999898, 0.0 ], [ -46.944742581, -23.0682299119999, 0.0 ] ] ] } },
{ "type": "Feature", "properties": { }, "geometry": { "type": "Polygon", "coordinates": [ [ [ -46.945932716999899, -23.059788249999901, 0.0 ], [ -46.945729792999892, -23.0596589109999, 0.0 ], [ -46.945373491999902, -23.059969918, 0.0 ], [ -46.945592387, -23.060135166999899, 0.0 ], [ -46.945932716999899, -23.059788249999901, 0.0 ] ] ] } },
{ "type": "Feature", "properties": { }, "geometry": { "type": "Polygon", "coordinates": [ [ [ -46.945932716999899, -23.059788249999901, 0.0 ], [ -46.946095877999888, -23.059892245, 0.0 ], [ -46.946804792, -23.0592352849999, 0.0 ], [ -46.946666719999897, -23.059108092, 0.0 ], [ -46.945932716999899, -23.059788249999901, 0.0 ] ] ] } },
{ "type": "Feature", "properties": { }, "geometry": { "type": "Polygon", "coordinates": [ [ [ -46.951827548, -23.053147291, 0.0 ], [ -46.952102652, -23.0533340009999, 0.0 ], [ -46.952400075, -23.052928930999901, 0.0 ], [ -46.952118081, -23.052751615, 0.0 ], [ -46.951827548, -23.053147291, 0.0 ] ] ] } },
{ "type": "Feature", "properties": { }, "geometry": { "type": "Polygon", "coordinates": [ [ [ -46.953690564999903, -23.051629743, 0.0 ], [ -46.955394989, -23.050656977, 0.0 ], [ -46.955339969, -23.050418979, 0.0 ], [ -46.955035223, -23.050490844, 0.0 ], [ -46.95470117, -23.0506065329999, 0.0 ], [ -46.954323077, -23.050793976, 0.0 ], [ -46.953972603, -23.051016913999899, 0.0 ], [ -46.95375812399989, -23.0511820249999, 0.0 ], [ -46.953470552999903, -23.051465778999901, 0.0 ], [ -46.953690564999903, -23.051629743, 0.0 ] ] ] } },
{ "type": "Feature", "properties": { }, "geometry": { "type": "Polygon", "coordinates": [ [ [ -46.967532789, -23.034559047, 0.0 ], [ -46.96764488799991, -23.0346219219999, 0.0 ], [ -46.9682209489999, -23.0340232839999, 0.0 ], [ -46.968018792999899, -23.033897666, 0.0 ], [ -46.967532789, -23.034559047, 0.0 ] ] ] } },
{ "type": "Feature", "properties": { }, "geometry": { "type": "Polygon", "coordinates": [ [ [ -46.967532789, -23.034559047, 0.0 ], [ -46.96728229699989, -23.034418550999899, 0.0 ], [ -46.967238263, -23.03447633, 0.0 ], [ -46.967477035999899, -23.034632203999902, 0.0 ], [ -46.967532789, -23.034559047, 0.0 ] ] ] } },
{ "type": "Feature", "properties": { }, "geometry": { "type": "Polygon", "coordinates": [ [ [ -46.973198215, -23.0273212829999, 0.0 ], [ -46.973005398999902, -23.027174666999901, 0.0 ], [ -46.972698425, -23.027411318, 0.0 ], [ -46.972348193, -23.027718271, 0.0 ], [ -46.972094907, -23.027968722, 0.0 ], [ -46.971781737999898, -23.028318242, 0.0 ], [ -46.97149573, -23.028685122, 0.0 ], [ -46.967817135, -23.0337713609999, 0.0 ], [ -46.96801929, -23.033896979999898, 0.0 ], [ -46.971833042999897, -23.028631117, 0.0 ], [ -46.972123989, -23.028283245, 0.0 ], [ -46.972438137, -23.0279561749999, 0.0 ], [ -46.972774004, -23.027651449999901, 0.0 ], [ -46.973198215, -23.0273212829999, 0.0 ] ] ] } },
{ "type": "Feature", "properties": { }, "geometry": { "type": "Polygon", "coordinates": [ [ [ -46.973198215, -23.0273212829999, 0.0 ], [ -46.973321703999908, -23.027415184999899, 0.0 ], [ -46.973760909000013, -23.027129385, 0.0 ], [ -46.974120977, -23.026931287, 0.0 ], [ -46.974454329, -23.02677412, 0.0 ], [ -46.974836549, -23.026627983, 0.0 ], [ -46.975279588, -23.026496822, 0.0 ], [ -46.975589506999903, -23.026427979, 0.0 ], [ -46.9760288969999, -23.026352190999901, 0.0 ], [ -46.977254515, -23.026182279, 0.0 ], [ -46.977226492999897, -23.0260403989999, 0.0 ], [ -46.976004928, -23.026209648, 0.0 ], [ -46.975556926, -23.026286915999901, 0.0 ], [ -46.97523789, -23.026357795, 0.0 ], [ -46.974782978999897, -23.026492485999899, 0.0 ], [ -46.974388959, -23.02664314, 0.0 ], [ -46.974045436, -23.026805108, 0.0 ], [ -46.973676696, -23.027008005, 0.0 ], [ -46.973198215, -23.0273212829999, 0.0 ] ] ] } },
{ "type": "Feature", "properties": { }, "geometry": { "type": "Polygon", "coordinates": [ [ [ -46.981540600999907, -23.014993864, 0.0 ], [ -46.981623157999898, -23.014999800999899, 0.0 ], [ -46.981715095000013, -23.014472401, 0.0 ], [ -46.981653509999902, -23.014458854999901, 0.0 ], [ -46.981540600999907, -23.014993864, 0.0 ] ] ] } },
{ "type": "Feature", "properties": { }, "geometry": { "type": "Polygon", "coordinates": [ [ [ -46.985836908999893, -23.006811626999902, 0.0 ], [ -46.985739001999903, -23.006760889, 0.0 ], [ -46.983586413, -23.009857553, 0.0 ], [ -46.9833083729999, -23.0102882649999, 0.0 ], [ -46.983405621, -23.010339675999901, 0.0 ], [ -46.983680426, -23.009913884, 0.0 ], [ -46.985836908999893, -23.006811626999902, 0.0 ] ] ] } },
{ "type": "Feature", "properties": { }, "geometry": { "type": "Polygon", "coordinates": [ [ [ -46.985979414, -23.006885477, 0.0 ], [ -46.986082063, -23.00660112, 0.0 ], [ -46.986012501999909, -23.006559589999899, 0.0 ], [ -46.985836908999893, -23.006811626999902, 0.0 ], [ -46.985979414, -23.006885477, 0.0 ] ] ] } },
{ "type": "Feature", "properties": { }, "geometry": { "type": "Polygon", "coordinates": [ [ [ -46.989161006, -22.998799828, 0.0 ], [ -46.989247603, -22.998813536999901, 0.0 ], [ -46.990227959, -22.99131045, 0.0 ], [ -46.990140982999897, -22.991300545999891, 0.0 ], [ -46.990059013999897, -22.991917522999891, 0.0 ], [ -46.989161006, -22.998799828, 0.0 ] ] ] } },
{ "type": "Feature", "properties": { }, "geometry": { "type": "Polygon", "coordinates": [ [ [ -46.990267833, -22.980925243999899, 0.0 ], [ -46.99015866, -22.980921504, 0.0 ], [ -46.990540709999912, -22.983261195999901, 0.0 ], [ -46.990585414, -22.983616691999899, 0.0 ], [ -46.990692136999897, -22.983608385, 0.0 ], [ -46.990646742, -22.983247229, 0.0 ], [ -46.990267833, -22.980925243999899, 0.0 ] ] ] } },
{ "type": "Feature", "properties": { }, "geometry": { "type": "Polygon", "coordinates": [ [ [ -46.99015866, -22.980921504, 0.0 ], [ -46.9902236779999, -22.980923731, 0.0 ], [ -46.989998339, -22.979596229, 0.0 ], [ -46.98991749, -22.979238741, 0.0 ], [ -46.989479869, -22.976474639, 0.0 ], [ -46.989388166, -22.9757885729999, 0.0 ], [ -46.989325128, -22.975793713, 0.0 ], [ -46.9894172159999, -22.9764828839999, 0.0 ], [ -46.989855291, -22.9792498969999, 0.0 ], [ -46.989936015, -22.979606401, 0.0 ], [ -46.99015866, -22.980921504, 0.0 ] ] ] } },
{ "type": "Feature", "properties": { }, "geometry": { "type": "Polygon", "coordinates": [ [ [ -46.994125482999891, -22.967687194, 0.0 ], [ -46.994081423999909, -22.967653648999899, 0.0 ], [ -46.994005886, -22.967880183, 0.0 ], [ -46.9940509159999, -22.967911597999901, 0.0 ], [ -46.994125482999891, -22.967687194, 0.0 ] ] ] } },
{ "type": "Feature", "properties": { }, "geometry": { "type": "Polygon", "coordinates": [ [ [ -46.995348449999902, -22.936919372, 0.0 ], [ -46.995278962, -22.936816106, 0.0 ], [ -46.995160374, -22.936849686, 0.0 ], [ -46.995200071999911, -22.93696096, 0.0 ], [ -46.995348449999902, -22.936919372, 0.0 ] ] ] } },
{ "type": "Feature", "properties": { }, "geometry": { "type": "Polygon", "coordinates": [ [ [ -46.995348586, -22.936919573999901, 0.0 ], [ -46.99539098, -22.93698255, 0.0 ], [ -46.995731043, -22.9368834919999, 0.0 ], [ -46.995716851999902, -22.936821773, 0.0 ], [ -46.995348586, -22.936919573999901, 0.0 ] ] ] } },
{ "type": "Feature", "properties": { }, "geometry": { "type": "Polygon", "coordinates": [ [ [ -47.016617716, -22.931482554999899, 0.0 ], [ -47.016616602999903, -22.931302237999901, 0.0 ], [ -47.015509081999909, -22.931307612999898, 0.0 ], [ -47.015517367, -22.931487747999899, 0.0 ], [ -47.016617716, -22.931482554999899, 0.0 ] ] ] } },
{ "type": "Feature", "properties": { }, "geometry": { "type": "Polygon", "coordinates": [ [ [ -47.016617716, -22.931482554999899, 0.0 ], [ -47.016618523, -22.931613298999899, 0.0 ], [ -47.018298554, -22.931634501, 0.0 ], [ -47.0183004209999, -22.931512811999902, 0.0 ], [ -47.016617716, -22.931482554999899, 0.0 ] ] ] } },
{ "type": "Feature", "properties": { }, "geometry": { "type": "Polygon", "coordinates": [ [ [ -47.026913099, -22.930152923, 0.0 ], [ -47.026382956, -22.929914407, 0.0 ], [ -47.02634569, -22.930298219999909, 0.0 ], [ -47.026808204999988, -22.9304149559999, 0.0 ], [ -47.026913099, -22.930152923, 0.0 ] ] ] } },
{ "type": "Feature", "properties": { }, "geometry": { "type": "Polygon", "coordinates": [ [ [ -47.02634569, -22.930298219999909, 0.0 ], [ -47.026382956, -22.929914407, 0.0 ], [ -47.026204274, -22.929834017, 0.0 ], [ -47.026125914, -22.930260607, 0.0 ], [ -47.02634569, -22.930298219999909, 0.0 ] ] ] } },
{ "type": "Feature", "properties": { }, "geometry": { "type": "Polygon", "coordinates": [ [ [ -47.02634569, -22.930298219999909, 0.0 ], [ -47.026326806, -22.930492721999901, 0.0 ], [ -47.026665997, -22.930514649, 0.0 ], [ -47.026708541999902, -22.930385293, 0.0 ], [ -47.02634569, -22.930298219999909, 0.0 ] ] ] } },
{ "type": "Feature", "properties": { }, "geometry": { "type": "Polygon", "coordinates": [ [ [ -47.030351123999893, -22.930646945, 0.0 ], [ -47.030075102999902, -22.9307124699999, 0.0 ], [ -47.0301343, -22.9309911, 0.0 ], [ -47.0304312499999, -22.930925777, 0.0 ], [ -47.030351123999893, -22.930646945, 0.0 ] ] ] } },
{ "type": "Feature", "properties": { }, "geometry": { "type": "Polygon", "coordinates": [ [ [ -47.033899249999891, -22.925562866999901, 0.0 ], [ -47.033745891, -22.925445103999898, 0.0 ], [ -47.033539918, -22.9256372309999, 0.0 ], [ -47.033794105, -22.925750775, 0.0 ], [ -47.033899249999891, -22.925562866999901, 0.0 ] ] ] } },
{ "type": "Feature", "properties": { }, "geometry": { "type": "Polygon", "coordinates": [ [ [ -47.033745891, -22.925445103999898, 0.0 ], [ -47.033899249999891, -22.925562866999901, 0.0 ], [ -47.034029562999891, -22.925366426, 0.0 ], [ -47.034202254, -22.925146604999899, 0.0 ], [ -47.034126159, -22.925090398999899, 0.0 ], [ -47.033745891, -22.925445103999898, 0.0 ] ] ] } },
{ "type": "Feature", "properties": { }, "geometry": { "type": "Polygon", "coordinates": [ [ [ -47.043051829, -22.925305581, 0.0 ], [ -47.042918014, -22.92518591, 0.0 ], [ -47.042614947999901, -22.925269177, 0.0 ], [ -47.042649646, -22.925419025999901, 0.0 ], [ -47.043051829, -22.925305581, 0.0 ] ] ] } },
{ "type": "Feature", "properties": { }, "geometry": { "type": "Polygon", "coordinates": [ [ [ -47.043051829, -22.925305581, 0.0 ], [ -47.043138684, -22.9253832549999, 0.0 ], [ -47.043498341, -22.925254375999899, 0.0 ], [ -47.043927697, -22.925038634, 0.0 ], [ -47.043854309, -22.924932291999902, 0.0 ], [ -47.043451843, -22.925150890999902, 0.0 ], [ -47.043051829, -22.925305581, 0.0 ] ] ] } },
{ "type": "Feature", "properties": { }, "geometry": { "type": "Polygon", "coordinates": [ [ [ -47.049507803, -22.918660029, 0.0 ], [ -47.049251947999899, -22.918551376, 0.0 ], [ -47.049152966999898, -22.919124646999901, 0.0 ], [ -47.049109659999893, -22.919646129999901, 0.0 ], [ -47.04938115600001, -22.919667834999899, 0.0 ], [ -47.049422815999897, -22.9191597989999, 0.0 ], [ -47.049507803, -22.918660029, 0.0 ] ] ] } },
{ "type": "Feature", "properties": { }, "geometry": { "type": "Polygon", "coordinates": [ [ [ -47.054155726, -22.914128585999901, 0.0 ], [ -47.054157964, -22.9140099859999, 0.0 ], [ -47.05397232, -22.914014899999898, 0.0 ], [ -47.053985462, -22.914140526, 0.0 ], [ -47.054155726, -22.914128585999901, 0.0 ] ] ] } },
{ "type": "Feature", "properties": { }, "geometry": { "type": "Polygon", "coordinates": [ [ [ -47.057380564, -22.9138231599999, 0.0 ], [ -47.057227433, -22.913770687, 0.0 ], [ -47.057013631, -22.913697424, 0.0 ], [ -47.057084205, -22.914024520999899, 0.0 ], [ -47.057418405, -22.913953767, 0.0 ], [ -47.057380564, -22.9138231599999, 0.0 ] ] ] } },
{ "type": "Feature", "properties": { }, "geometry": { "type": "Polygon", "coordinates": [ [ [ -47.058728759, -22.9135422109999, 0.0 ], [ -47.058735584, -22.913494682, 0.0 ], [ -47.058687048, -22.9134271409999, 0.0 ], [ -47.058658652, -22.9134446519999, 0.0 ], [ -47.058728759, -22.9135422109999, 0.0 ] ] ] } },
{ "type": "Feature", "properties": { }, "geometry": { "type": "Polygon", "coordinates": [ [ [ -47.095145062, -22.899521149999899, 0.0 ], [ -47.095218734999897, -22.899620861, 0.0 ], [ -47.095384898, -22.899563464, 0.0 ], [ -47.095312377, -22.899463168999901, 0.0 ], [ -47.095340185999902, -22.899453439999899, 0.0 ], [ -47.095293151, -22.899344638, 0.0 ], [ -47.09510447000001, -22.899400662999899, 0.0 ], [ -47.095145062, -22.899521149999899, 0.0 ] ] ] } },
{ "type": "Feature", "properties": { }, "geometry": { "type": "Polygon", "coordinates": [ [ [ -47.10282552, -22.89821232, 0.0 ], [ -47.102815456, -22.898104155999899, 0.0 ], [ -47.102682640999902, -22.898048550999899, 0.0 ], [ -47.102243042999888, -22.897877725999901, 0.0 ], [ -47.101542686, -22.897681153999901, 0.0 ], [ -47.101503081, -22.897949125, 0.0 ], [ -47.102192406, -22.8980515659999, 0.0 ], [ -47.10282552, -22.89821232, 0.0 ] ] ] } },
{ "type": "Feature", "properties": { }, "geometry": { "type": "Polygon", "coordinates": [ [ [ -47.10282552, -22.89821232, 0.0 ], [ -47.102836757, -22.898333089999898, 0.0 ], [ -47.102992719, -22.898378346999898, 0.0 ], [ -47.103029077, -22.898270802, 0.0 ], [ -47.10282552, -22.89821232, 0.0 ] ] ] } },
{ "type": "Feature", "properties": { }, "geometry": { "type": "Polygon", "coordinates": [ [ [ -47.112276562, -22.900002802, 0.0 ], [ -47.112276959, -22.899876580999901, 0.0 ], [ -47.109750600000012, -22.899856099, 0.0 ], [ -47.109746318, -22.899982258, 0.0 ], [ -47.112276562, -22.900002802, 0.0 ] ] ] } },
{ "type": "Feature", "properties": { }, "geometry": { "type": "Polygon", "coordinates": [ [ [ -46.947528306, -23.0934633869999, 0.0 ], [ -46.947453173, -23.093427, 0.0 ], [ -46.947325117999988, -23.093838887999901, 0.0 ], [ -46.947405923, -23.093855699, 0.0 ], [ -46.947528306, -23.0934633869999, 0.0 ] ] ] } },
{ "type": "Feature", "properties": { }, "geometry": { "type": "Polygon", "coordinates": [ [ [ -46.945373490999899, -23.059969919, 0.0 ], [ -46.944555830999903, -23.060878128999899, 0.0 ], [ -46.944980917, -23.061058370999898, 0.0 ], [ -46.945066981, -23.060884573, 0.0 ], [ -46.945275107, -23.060545143999899, 0.0 ], [ -46.945592387, -23.060135166999899, 0.0 ], [ -46.945373490999899, -23.059969919, 0.0 ] ] ] } },
{ "type": "Feature", "properties": { }, "geometry": { "type": "Polygon", "coordinates": [ [ [ -47.120742719, -22.897882320999901, 0.0 ], [ -47.120837808, -22.898145976, 0.0 ], [ -47.121731398, -22.897632389, 0.0 ], [ -47.121577601, -22.897402486, 0.0 ], [ -47.120742719, -22.897882320999901, 0.0 ] ] ] } },
{ "type": "Feature", "properties": { }, "geometry": { "type": "Polygon", "coordinates": [ [ [ -47.132317224, -22.891494506999901, 0.0 ], [ -47.132227169, -22.8913659349999, 0.0 ], [ -47.130829604, -22.892217977, 0.0 ], [ -47.129767059999899, -22.892840662, 0.0 ], [ -47.126867776, -22.894486835, 0.0 ], [ -47.126956054999887, -22.89461646, 0.0 ], [ -47.129854797999897, -22.892970604, 0.0 ], [ -47.130919478999907, -22.892346667, 0.0 ], [ -47.132317224, -22.891494506999901, 0.0 ] ] ] } },
{ "type": "Feature", "properties": { }, "geometry": { "type": "Polygon", "coordinates": [ [ [ -47.133119887, -22.890864687, 0.0 ], [ -47.132978245999901, -22.890943002, 0.0 ], [ -47.132227169, -22.8913659349999, 0.0 ], [ -47.132317224, -22.891494506999901, 0.0 ], [ -47.133197041, -22.8909794909999, 0.0 ], [ -47.133119887, -22.890864687, 0.0 ] ] ] } },
{ "type": "Feature", "properties": { }, "geometry": { "type": "Polygon", "coordinates": [ [ [ -47.133104456, -22.890841726, 0.0 ], [ -47.133197041, -22.8909794909999, 0.0 ], [ -47.133393742, -22.890852625, 0.0 ], [ -47.133321420999899, -22.890756458999899, 0.0 ], [ -47.133104456, -22.890841726, 0.0 ] ] ] } },
{ "type": "Feature", "properties": { }, "geometry": { "type": "Polygon", "coordinates": [ [ [ -47.133726005, -22.890547689999899, 0.0 ], [ -47.133441627, -22.890667606, 0.0 ], [ -47.1333047319999, -22.890734267, 0.0 ], [ -47.133393742, -22.890852625, 0.0 ], [ -47.133777509, -22.890624186, 0.0 ], [ -47.133726005, -22.890547689999899, 0.0 ] ] ] } },
{ "type": "Feature", "properties": { }, "geometry": { "type": "Polygon", "coordinates": [ [ [ -47.147099849, -22.885796400999901, 0.0 ], [ -47.151874968999898, -22.884869410999901, 0.0 ], [ -47.152530999, -22.884762838, 0.0 ], [ -47.152500378999903, -22.8845847599999, 0.0 ], [ -47.151834871999903, -22.884692956, 0.0 ], [ -47.147063035, -22.8856184959999, 0.0 ], [ -47.147099849, -22.885796400999901, 0.0 ] ] ] } },
{ "type": "Feature", "properties": { }, "geometry": { "type": "Polygon", "coordinates": [ [ [ -47.120931894, -22.898406845999901, 0.0 ], [ -47.122651188, -22.897313686999901, 0.0 ], [ -47.122550574999892, -22.897158783999899, 0.0 ], [ -47.120837808, -22.898145976, 0.0 ], [ -47.120931894, -22.898406845999901, 0.0 ] ] ] } },
{ "type": "Feature", "properties": { }, "geometry": { "type": "Polygon", "coordinates": [ [ [ -47.126956054999887, -22.89461646, 0.0 ], [ -47.127075491, -22.894791835, 0.0 ], [ -47.129959574999901, -22.893133981999899, 0.0 ], [ -47.131554423999901, -22.892173573, 0.0 ], [ -47.13144701399991, -22.892023201, 0.0 ], [ -47.129854797999897, -22.892970604, 0.0 ], [ -47.126956054999887, -22.89461646, 0.0 ] ] ] } },
{ "type": "Feature", "properties": { }, "geometry": { "type": "Polygon", "coordinates": [ [ [ -47.13144701399991, -22.892023201, 0.0 ], [ -47.131554424999898, -22.892173573, 0.0 ], [ -47.133299913, -22.8911325629999, 0.0 ], [ -47.133197041, -22.8909794909999, 0.0 ], [ -47.13144701399991, -22.892023201, 0.0 ] ] ] } },
{ "type": "Feature", "properties": { }, "geometry": { "type": "Polygon", "coordinates": [ [ [ -47.13344381, -22.890919202, 0.0 ], [ -47.133393742, -22.890852625, 0.0 ], [ -47.133197041, -22.8909794909999, 0.0 ], [ -47.133215043, -22.891006279, 0.0 ], [ -47.13344381, -22.890919202, 0.0 ] ] ] } },
{ "type": "Feature", "properties": { }, "geometry": { "type": "Polygon", "coordinates": [ [ [ -47.133599362, -22.890790143999901, 0.0 ], [ -47.133568652999891, -22.890744135, 0.0 ], [ -47.133393742, -22.890852625, 0.0 ], [ -47.13344381, -22.890919202, 0.0 ], [ -47.133599362, -22.890790143999901, 0.0 ] ] ] } },
{ "type": "Feature", "properties": { }, "geometry": { "type": "Polygon", "coordinates": [ [ [ -47.133568652999891, -22.890744135, 0.0 ], [ -47.133599362, -22.890790143999901, 0.0 ], [ -47.1338444639999, -22.890723631999901, 0.0 ], [ -47.133777509, -22.890624186, 0.0 ], [ -47.133568652999891, -22.890744135, 0.0 ] ] ] } },
{ "type": "Feature", "properties": { }, "geometry": { "type": "Polygon", "coordinates": [ [ [ -47.133777509, -22.890624186, 0.0 ], [ -47.1338444639999, -22.890723631999901, 0.0 ], [ -47.134255795999913, -22.891538533999899, 0.0 ], [ -47.134526158, -22.891409962, 0.0 ], [ -47.135093317, -22.891089432999902, 0.0 ], [ -47.134520852, -22.8901974179999, 0.0 ], [ -47.133777509, -22.890624186, 0.0 ] ] ] } },
{ "type": "Feature", "properties": { }, "geometry": { "type": "Polygon", "coordinates": [ [ [ -47.147136479, -22.885973527, 0.0 ], [ -47.148961651, -22.8856194379999, 0.0 ], [ -47.148921696999899, -22.885442956, 0.0 ], [ -47.147099849, -22.885796400999901, 0.0 ], [ -47.147136479, -22.885973527, 0.0 ] ] ] } },
{ "type": "Feature", "properties": { }, "geometry": { "type": "Polygon", "coordinates": [ [ [ -47.148921696999899, -22.885442956, 0.0 ], [ -47.14897164, -22.885663559, 0.0 ], [ -47.152007983, -22.885076218999899, 0.0 ], [ -47.151964787999901, -22.884854396, 0.0 ], [ -47.148921696999899, -22.885442956, 0.0 ] ] ] } },
{ "type": "Feature", "properties": { }, "geometry": { "type": "Polygon", "coordinates": [ [ [ -46.94895229, -23.083743006, 0.0 ], [ -46.949104325, -23.083732272999899, 0.0 ], [ -46.949053281, -23.083294886, 0.0 ], [ -46.94890785, -23.083308251999899, 0.0 ], [ -46.94895229, -23.083743006, 0.0 ] ] ] } },
{ "type": "Feature", "properties": { }, "geometry": { "type": "Polygon", "coordinates": [ [ [ -46.948688691, -23.082788362, 0.0 ], [ -46.9488539, -23.0827743349999, 0.0 ], [ -46.948423254, -23.078694631, 0.0 ], [ -46.948258119999899, -23.078709349999901, 0.0 ], [ -46.948688691, -23.082788362, 0.0 ] ] ] } },
{ "type": "Feature", "properties": { }, "geometry": { "type": "Polygon", "coordinates": [ [ [ -46.9488539, -23.0827743349999, 0.0 ], [ -46.948649818, -23.082791662, 0.0 ], [ -46.948865709, -23.084016120999909, 0.0 ], [ -46.948982053999913, -23.08400376, 0.0 ], [ -46.9488539, -23.0827743349999, 0.0 ] ] ] } },
{ "type": "Feature", "properties": { }, "geometry": { "type": "Polygon", "coordinates": [ [ [ -46.993907573999898, -22.968261652, 0.0 ], [ -46.993821075, -22.96823132, 0.0 ], [ -46.993168179999891, -22.969734194999901, 0.0 ], [ -46.993263311, -22.969768834, 0.0 ], [ -46.993907573999898, -22.968261652, 0.0 ] ] ] } },
{ "type": "Feature", "properties": { }, "geometry": { "type": "Polygon", "coordinates": [ [ [ -47.133785076, -22.890619812, 0.0 ], [ -47.134520852, -22.8901974179999, 0.0 ], [ -47.133988438, -22.889363924, 0.0 ], [ -47.133492174, -22.889643898, 0.0 ], [ -47.133311933, -22.889718398, 0.0 ], [ -47.133700253, -22.890509440999899, 0.0 ], [ -47.133785076, -22.890619812, 0.0 ] ] ] } },
{ "type": "Feature", "properties": { }, "geometry": { "type": "Polygon", "coordinates": [ [ [ -46.879948673999898, -23.1822217019999, 0.0 ], [ -46.879371106, -23.183485893, 0.0 ], [ -46.878625094, -23.185265550999901, 0.0 ], [ -46.878986811999887, -23.185422855999899, 0.0 ], [ -46.879857507999887, -23.183695266, 0.0 ], [ -46.880507936999898, -23.1824972379999, 0.0 ], [ -46.879948673999898, -23.1822217019999, 0.0 ] ] ] } },
{ "type": "Feature", "properties": { }, "geometry": { "type": "Polygon", "coordinates": [ [ [ -46.880248557999899, -23.181002109999898, 0.0 ], [ -46.879948673999898, -23.182221701, 0.0 ], [ -46.880507936999898, -23.1824972379999, 0.0 ], [ -46.880811036999908, -23.182027488, 0.0 ], [ -46.881123202, -23.181621406, 0.0 ], [ -46.880248557999899, -23.181002109999898, 0.0 ] ] ] } },
{ "type": "Feature", "properties": { }, "geometry": { "type": "Polygon", "coordinates": [ [ [ -46.883208728999897, -23.179925969, 0.0 ], [ -46.882712448999897, -23.179213688999901, 0.0 ], [ -46.882048171999898, -23.179581093, 0.0 ], [ -46.881355133999897, -23.180025185, 0.0 ], [ -46.8807522339999, -23.180509447999899, 0.0 ], [ -46.880248557999899, -23.181002109, 0.0 ], [ -46.881123202, -23.181621406, 0.0 ], [ -46.881522785, -23.181182951, 0.0 ], [ -46.882014582, -23.180738044, 0.0 ], [ -46.882610019, -23.180306269, 0.0 ], [ -46.883208728999897, -23.179925969, 0.0 ] ] ] } },
{ "type": "Feature", "properties": { }, "geometry": { "type": "Polygon", "coordinates": [ [ [ -46.883080149, -23.1793927639999, 0.0 ], [ -46.88271245, -23.179213688999901, 0.0 ], [ -46.883208728999897, -23.179925969, 0.0 ], [ -46.883373134, -23.179829325999901, 0.0 ], [ -46.883080149, -23.1793927639999, 0.0 ] ] ] } },
{ "type": "Feature", "properties": { }, "geometry": { "type": "Polygon", "coordinates": [ [ [ -46.879167396999897, -23.1853839989999, 0.0 ], [ -46.879034175, -23.1853282239999, 0.0 ], [ -46.878986811999887, -23.185422855999899, 0.0 ], [ -46.879119147, -23.185480406999901, 0.0 ], [ -46.879167396999897, -23.1853839989999, 0.0 ] ] ] } },
{ "type": "Feature", "properties": { }, "geometry": { "type": "Polygon", "coordinates": [ [ [ -46.879034175, -23.1853282239999, 0.0 ], [ -46.879167396999897, -23.1853839989999, 0.0 ], [ -46.879974029, -23.18374621, 0.0 ], [ -46.880557261, -23.182641815999901, 0.0 ], [ -46.880453135, -23.182592499999899, 0.0 ], [ -46.879857507999887, -23.183695266, 0.0 ], [ -46.879034175, -23.1853282239999, 0.0 ] ] ] } },
{ "type": "Feature", "properties": { }, "geometry": { "type": "Polygon", "coordinates": [ [ [ -46.883099515, -23.18007856, 0.0 ], [ -46.883056177, -23.180018608, 0.0 ], [ -46.882610019, -23.180306269, 0.0 ], [ -46.882100822, -23.180668836999899, 0.0 ], [ -46.881681675, -23.1810291379999, 0.0 ], [ -46.881294415999903, -23.181423513, 0.0 ], [ -46.881009433, -23.1817616659999, 0.0 ], [ -46.880686365, -23.182210138999899, 0.0 ], [ -46.880453135, -23.182592499999899, 0.0 ], [ -46.880557261, -23.182641815999901, 0.0 ], [ -46.880783202, -23.1822625369999, 0.0 ], [ -46.881097721999907, -23.181816527, 0.0 ], [ -46.881445156, -23.181402824, 0.0 ], [ -46.88174916, -23.181092071999899, 0.0 ], [ -46.882074132999897, -23.180801933999899, 0.0 ], [ -46.882322862, -23.180609064999899, 0.0 ], [ -46.883099515, -23.18007856, 0.0 ] ] ] } },
{ "type": "Feature", "properties": { }, "geometry": { "type": "Polygon", "coordinates": [ [ [ -46.883056177, -23.180018608, 0.0 ], [ -46.883099515, -23.18007856, 0.0 ], [ -46.885621347, -23.178618678, 0.0 ], [ -46.88554764299991, -23.178575712999901, 0.0 ], [ -46.883056177, -23.180018608, 0.0 ] ] ] } }
]
}
