{
"type": "FeatureCollection",
"name": "vet_dxf_linhas",
"features": [
{ "type": "Feature", "properties": { "Layer": "Limite Faixa", "PaperSpace": null, "SubClasses": "AcDbEntity:AcDbPolyline", "Linetype": null, "EntityHandle": "2C3", "Text": null }, "geometry": { "type": "LineString", "coordinates": [ [ -46.900758, -23.1678324 ], [ -46.8995181, -23.1695653 ], [ -46.8993863, -23.1697487 ], [ -46.8993749, -23.1697421 ], [ -46.8992488, -23.169917 ], [ -46.8988814, -23.1704347 ], [ -46.898776, -23.1703697 ], [ -46.898748, -23.1704106 ], [ -46.8988331, -23.1704611 ], [ -46.8987367, -23.1705997 ], [ -46.8986596, -23.1705494 ], [ -46.8986518, -23.1705739 ], [ -46.8987541, -23.1706376 ], [ -46.8986872, -23.1707216 ], [ -46.8986105, -23.1706798 ], [ -46.8985637, -23.1708529 ], [ -46.8985338, -23.170963 ], [ -46.8984967, -23.171077 ], [ -46.8984537, -23.1711789 ] ] } },
{ "type": "Feature", "properties": { "Layer": "Limite OC", "PaperSpace": null, "SubClasses": "AcDbEntity:AcDbPolyline", "Linetype": null, "EntityHandle": "2C5", "Text": null }, "geometry": { "type": "LineString", "coordinates": [ [ -46.9009326, -23.1679849 ], [ -46.9005699, -23.1677626 ] ] } },
{ "type": "Feature", "properties": { "Layer": "Limite OC", "PaperSpace": null, "SubClasses": "AcDbEntity:AcDbPolyline", "Linetype": null, "EntityHandle": "2CD", "Text": null }, "geometry": { "type": "LineString", "coordinates": [ [ -46.9009134, -23.1680106 ], [ -46.9005528, -23.1677896 ] ] } },
{ "type": "Feature", "properties": { "Layer": "Limite OC", "PaperSpace": null, "SubClasses": "AcDbEntity:AcDbPolyline", "Linetype": null, "EntityHandle": "2CF", "Text": null }, "geometry": { "type": "LineString", "coordinates": [ [ -46.9008939, -23.1680366 ], [ -46.9005339, -23.1678159 ] ] } },
{ "type": "Feature", "properties": { "Layer": "Limite OC", "PaperSpace": null, "SubClasses": "AcDbEntity:AcDbPolyline", "Linetype": null, "EntityHandle": "2D0", "Text": null }, "geometry": { "type": "LineString", "coordinates": [ [ -46.9008744, -23.1680626 ], [ -46.900515, -23.1678423 ] ] } },
{ "type": "Feature", "properties": { "Layer": "Limite OC", "PaperSpace": null, "SubClasses": "AcDbEntity:AcDbPolyline", "Linetype": null, "EntityHandle": "2D1", "Text": null }, "geometry": { "type": "LineString", "coordinates": [ [ -46.9008549, -23.1680885 ], [ -46.9004961, -23.1678686 ] ] } },
{ "type": "Feature", "properties": { "Layer": "Limite OC", "PaperSpace": null, "SubClasses": "AcDbEntity:AcDbPolyline", "Linetype": null, "EntityHandle": "2D2", "Text": null }, "geometry": { "type": "LineString", "coordinates": [ [ -46.9008358, -23.1681147 ], [ -46.9004772, -23.167895 ] ] } },
{ "type": "Feature", "properties": { "Layer": "Limite OC", "PaperSpace": null, "SubClasses": "AcDbEntity:AcDbPolyline", "Linetype": null, "EntityHandle": "2D3", "Text": null }, "geometry": { "type": "LineString", "coordinates": [ [ -46.9008168, -23.168141 ], [ -46.9004584, -23.1679213 ] ] } },
{ "type": "Feature", "properties": { "Layer": "Limite OC", "PaperSpace": null, "SubClasses": "AcDbEntity:AcDbPolyline", "Linetype": null, "EntityHandle": "2D4", "Text": null }, "geometry": { "type": "LineString", "coordinates": [ [ -46.9007979, -23.1681673 ], [ -46.9004395, -23.1679476 ] ] } },
{ "type": "Feature", "properties": { "Layer": "Limite OC", "PaperSpace": null, "SubClasses": "AcDbEntity:AcDbPolyline", "Linetype": null, "EntityHandle": "2DC", "Text": null }, "geometry": { "type": "LineString", "coordinates": [ [ -46.9007907, -23.1681772 ], [ -46.900436, -23.1679598 ] ] } },
{ "type": "Feature", "properties": { "Layer": "Limite OC", "PaperSpace": null, "SubClasses": "AcDbEntity:AcDbPolyline", "Linetype": null, "EntityHandle": "2DD", "Text": null }, "geometry": { "type": "LineString", "coordinates": [ [ -46.9007637, -23.1682148 ], [ -46.900409, -23.1679975 ] ] } },
{ "type": "Feature", "properties": { "Layer": "Limite OC", "PaperSpace": null, "SubClasses": "AcDbEntity:AcDbPolyline", "Linetype": null, "EntityHandle": "2DF", "Text": null }, "geometry": { "type": "LineString", "coordinates": [ [ -46.9007292, -23.1682628 ], [ -46.9003963, -23.1680587 ] ] } },
{ "type": "Feature", "properties": { "Layer": "Limite OC", "PaperSpace": null, "SubClasses": "AcDbEntity:AcDbPolyline", "Linetype": null, "EntityHandle": "2E3", "Text": null }, "geometry": { "type": "LineString", "coordinates": [ [ -46.9007481, -23.1682365 ], [ -46.9004152, -23.1680324 ] ] } },
{ "type": "Feature", "properties": { "Layer": "Limite OC", "PaperSpace": null, "SubClasses": "AcDbEntity:AcDbPolyline", "Linetype": null, "EntityHandle": "2E4", "Text": null }, "geometry": { "type": "LineString", "coordinates": [ [ -46.9007102, -23.1682891 ], [ -46.9003774, -23.1680851 ] ] } },
{ "type": "Feature", "properties": { "Layer": "Linha-Ferrea", "PaperSpace": null, "SubClasses": "AcDbEntity:AcDbLine", "Linetype": null, "EntityHandle": "36B", "Text": null }, "geometry": { "type": "LineString", "coordinates": [ [ -46.9010324, -23.1679559, 0.0 ], [ -46.9009791, -23.1680285, 0.0 ] ] } },
{ "type": "Feature", "properties": { "Layer": "Linha-Ferrea", "PaperSpace": null, "SubClasses": "AcDbEntity:AcDbLine", "Linetype": null, "EntityHandle": "36C", "Text": null }, "geometry": { "type": "LineString", "coordinates": [ [ -46.9010462, -23.1679646, 0.0 ], [ -46.9009928, -23.1680371, 0.0 ] ] } },
{ "type": "Feature", "properties": { "Layer": "Linha-Ferrea", "PaperSpace": null, "SubClasses": "AcDbEntity:AcDbPolyline", "Linetype": null, "EntityHandle": "36D", "Text": null }, "geometry": { "type": "LineString", "coordinates": [ [ -46.9010163, -23.1679731 ], [ -46.901019, -23.1679693 ], [ -46.9010376, -23.167981 ], [ -46.9010348, -23.1679847 ], [ -46.9010163, -23.1679731 ] ] } },
{ "type": "Feature", "properties": { "Layer": "Linha-Ferrea", "PaperSpace": null, "SubClasses": "AcDbEntity:AcDbPolyline", "Linetype": null, "EntityHandle": "36E", "Text": null }, "geometry": { "type": "LineString", "coordinates": [ [ -46.9009888, -23.1680104 ], [ -46.9009916, -23.1680067 ], [ -46.9010101, -23.1680183 ], [ -46.9010074, -23.1680221 ], [ -46.9009888, -23.1680104 ] ] } },
{ "type": "Feature", "properties": { "Layer": "Linha-Ferrea", "PaperSpace": null, "SubClasses": "AcDbEntity:AcDbLine", "Linetype": null, "EntityHandle": "36F", "Text": null }, "geometry": { "type": "LineString", "coordinates": [ [ -46.900979, -23.1680285, 0.0 ], [ -46.900323, -23.1689331, 0.0 ] ] } },
{ "type": "Feature", "properties": { "Layer": "Linha-Ferrea", "PaperSpace": null, "SubClasses": "AcDbEntity:AcDbLine", "Linetype": null, "EntityHandle": "370", "Text": null }, "geometry": { "type": "LineString", "coordinates": [ [ -46.9009928, -23.1680371, 0.0 ], [ -46.9003368, -23.1689417, 0.0 ] ] } },
{ "type": "Feature", "properties": { "Layer": "Linha-Ferrea", "PaperSpace": null, "SubClasses": "AcDbEntity:AcDbPolyline", "Linetype": null, "EntityHandle": "371", "Text": null }, "geometry": { "type": "LineString", "coordinates": [ [ -46.900963, -23.1680457 ], [ -46.9009657, -23.168042 ], [ -46.9009844, -23.1680536 ], [ -46.9009816, -23.1680573 ], [ -46.900963, -23.1680457 ] ] } },
{ "type": "Feature", "properties": { "Layer": "Linha-Ferrea", "PaperSpace": null, "SubClasses": "AcDbEntity:AcDbPolyline", "Linetype": null, "EntityHandle": "372", "Text": null }, "geometry": { "type": "LineString", "coordinates": [ [ -46.9009358, -23.1680832 ], [ -46.9009385, -23.1680795 ], [ -46.9009572, -23.1680911 ], [ -46.9009545, -23.1680948 ], [ -46.9009358, -23.1680832 ] ] } },
{ "type": "Feature", "properties": { "Layer": "Linha-Ferrea", "PaperSpace": null, "SubClasses": "AcDbEntity:AcDbPolyline", "Linetype": null, "EntityHandle": "373", "Text": null }, "geometry": { "type": "LineString", "coordinates": [ [ -46.9009086, -23.1681207 ], [ -46.9009113, -23.168117 ], [ -46.90093, -23.1681286 ], [ -46.9009273, -23.1681323 ], [ -46.9009086, -23.1681207 ] ] } },
{ "type": "Feature", "properties": { "Layer": "Linha-Ferrea", "PaperSpace": null, "SubClasses": "AcDbEntity:AcDbPolyline", "Linetype": null, "EntityHandle": "374", "Text": null }, "geometry": { "type": "LineString", "coordinates": [ [ -46.9008814, -23.1681582 ], [ -46.9008841, -23.1681545 ], [ -46.9009028, -23.1681661 ], [ -46.9009001, -23.1681698 ], [ -46.9008814, -23.1681582 ] ] } },
{ "type": "Feature", "properties": { "Layer": "Linha-Ferrea", "PaperSpace": null, "SubClasses": "AcDbEntity:AcDbPolyline", "Linetype": null, "EntityHandle": "375", "Text": null }, "geometry": { "type": "LineString", "coordinates": [ [ -46.9008542, -23.1681957 ], [ -46.9008569, -23.168192 ], [ -46.9008756, -23.1682035 ], [ -46.9008729, -23.1682073 ], [ -46.9008542, -23.1681957 ] ] } },
{ "type": "Feature", "properties": { "Layer": "Linha-Ferrea", "PaperSpace": null, "SubClasses": "AcDbEntity:AcDbPolyline", "Linetype": null, "EntityHandle": "376", "Text": null }, "geometry": { "type": "LineString", "coordinates": [ [ -46.900827, -23.1682332 ], [ -46.9008297, -23.1682295 ], [ -46.9008484, -23.168241 ], [ -46.9008457, -23.1682448 ], [ -46.900827, -23.1682332 ] ] } },
{ "type": "Feature", "properties": { "Layer": "Linha-Ferrea", "PaperSpace": null, "SubClasses": "AcDbEntity:AcDbPolyline", "Linetype": null, "EntityHandle": "377", "Text": null }, "geometry": { "type": "LineString", "coordinates": [ [ -46.9007998, -23.1682707 ], [ -46.9008026, -23.168267 ], [ -46.9008212, -23.1682785 ], [ -46.9008185, -23.1682823 ], [ -46.9007998, -23.1682707 ] ] } },
{ "type": "Feature", "properties": { "Layer": "Linha-Ferrea", "PaperSpace": null, "SubClasses": "AcDbEntity:AcDbPolyline", "Linetype": null, "EntityHandle": "378", "Text": null }, "geometry": { "type": "LineString", "coordinates": [ [ -46.9007726, -23.1683082 ], [ -46.9007754, -23.1683045 ], [ -46.900794, -23.168316 ], [ -46.9007913, -23.1683198 ], [ -46.9007726, -23.1683082 ] ] } },
{ "type": "Feature", "properties": { "Layer": "Linha-Ferrea", "PaperSpace": null, "SubClasses": "AcDbEntity:AcDbPolyline", "Linetype": null, "EntityHandle": "379", "Text": null }, "geometry": { "type": "LineString", "coordinates": [ [ -46.9007454, -23.1683457 ], [ -46.9007482, -23.168342 ], [ -46.9007668, -23.1683535 ], [ -46.9007641, -23.1683573 ], [ -46.9007454, -23.1683457 ] ] } },
{ "type": "Feature", "properties": { "Layer": "Linha-Ferrea", "PaperSpace": null, "SubClasses": "AcDbEntity:AcDbPolyline", "Linetype": null, "EntityHandle": "37A", "Text": null }, "geometry": { "type": "LineString", "coordinates": [ [ -46.9007183, -23.1683832 ], [ -46.900721, -23.1683795 ], [ -46.9007396, -23.168391 ], [ -46.9007369, -23.1683948 ], [ -46.9007183, -23.1683832 ] ] } },
{ "type": "Feature", "properties": { "Layer": "Linha-Ferrea", "PaperSpace": null, "SubClasses": "AcDbEntity:AcDbPolyline", "Linetype": null, "EntityHandle": "37B", "Text": null }, "geometry": { "type": "LineString", "coordinates": [ [ -46.9006911, -23.1684207 ], [ -46.9006938, -23.168417 ], [ -46.9007124, -23.1684285 ], [ -46.9007097, -23.1684323 ], [ -46.9006911, -23.1684207 ] ] } },
{ "type": "Feature", "properties": { "Layer": "Linha-Ferrea", "PaperSpace": null, "SubClasses": "AcDbEntity:AcDbPolyline", "Linetype": null, "EntityHandle": "37C", "Text": null }, "geometry": { "type": "LineString", "coordinates": [ [ -46.9006639, -23.1684582 ], [ -46.9006666, -23.1684545 ], [ -46.9006852, -23.168466 ], [ -46.9006825, -23.1684698 ], [ -46.9006639, -23.1684582 ] ] } },
{ "type": "Feature", "properties": { "Layer": "Linha-Ferrea", "PaperSpace": null, "SubClasses": "AcDbEntity:AcDbPolyline", "Linetype": null, "EntityHandle": "37D", "Text": null }, "geometry": { "type": "LineString", "coordinates": [ [ -46.9006367, -23.1684957 ], [ -46.9006394, -23.1684919 ], [ -46.9006581, -23.1685035 ], [ -46.9006553, -23.1685073 ], [ -46.9006367, -23.1684957 ] ] } },
{ "type": "Feature", "properties": { "Layer": "Linha-Ferrea", "PaperSpace": null, "SubClasses": "AcDbEntity:AcDbPolyline", "Linetype": null, "EntityHandle": "37E", "Text": null }, "geometry": { "type": "LineString", "coordinates": [ [ -46.9006095, -23.1685332 ], [ -46.9006122, -23.1685294 ], [ -46.9006309, -23.168541 ], [ -46.9006281, -23.1685448 ], [ -46.9006095, -23.1685332 ] ] } },
{ "type": "Feature", "properties": { "Layer": "Linha-Ferrea", "PaperSpace": null, "SubClasses": "AcDbEntity:AcDbPolyline", "Linetype": null, "EntityHandle": "37F", "Text": null }, "geometry": { "type": "LineString", "coordinates": [ [ -46.9005823, -23.1685707 ], [ -46.900585, -23.1685669 ], [ -46.9006037, -23.1685785 ], [ -46.9006009, -23.1685823 ], [ -46.9005823, -23.1685707 ] ] } },
{ "type": "Feature", "properties": { "Layer": "Linha-Ferrea", "PaperSpace": null, "SubClasses": "AcDbEntity:AcDbPolyline", "Linetype": null, "EntityHandle": "380", "Text": null }, "geometry": { "type": "LineString", "coordinates": [ [ -46.9005551, -23.1686082 ], [ -46.9005578, -23.1686044 ], [ -46.9005765, -23.168616 ], [ -46.9005738, -23.1686198 ], [ -46.9005551, -23.1686082 ] ] } },
{ "type": "Feature", "properties": { "Layer": "Linha-Ferrea", "PaperSpace": null, "SubClasses": "AcDbEntity:AcDbPolyline", "Linetype": null, "EntityHandle": "381", "Text": null }, "geometry": { "type": "LineString", "coordinates": [ [ -46.9005279, -23.1686457 ], [ -46.9005306, -23.1686419 ], [ -46.9005493, -23.1686535 ], [ -46.9005466, -23.1686572 ], [ -46.9005279, -23.1686457 ] ] } },
{ "type": "Feature", "properties": { "Layer": "Linha-Ferrea", "PaperSpace": null, "SubClasses": "AcDbEntity:AcDbPolyline", "Linetype": null, "EntityHandle": "382", "Text": null }, "geometry": { "type": "LineString", "coordinates": [ [ -46.9005007, -23.1686832 ], [ -46.9005034, -23.1686794 ], [ -46.9005221, -23.168691 ], [ -46.9005194, -23.1686947 ], [ -46.9005007, -23.1686832 ] ] } },
{ "type": "Feature", "properties": { "Layer": "Linha-Ferrea", "PaperSpace": null, "SubClasses": "AcDbEntity:AcDbPolyline", "Linetype": null, "EntityHandle": "383", "Text": null }, "geometry": { "type": "LineString", "coordinates": [ [ -46.9004735, -23.1687207 ], [ -46.9004762, -23.1687169 ], [ -46.9004949, -23.1687285 ], [ -46.9004922, -23.1687322 ], [ -46.9004735, -23.1687207 ] ] } },
{ "type": "Feature", "properties": { "Layer": "Linha-Ferrea", "PaperSpace": null, "SubClasses": "AcDbEntity:AcDbPolyline", "Linetype": null, "EntityHandle": "384", "Text": null }, "geometry": { "type": "LineString", "coordinates": [ [ -46.9004463, -23.1687582 ], [ -46.900449, -23.1687544 ], [ -46.9004677, -23.168766 ], [ -46.900465, -23.1687697 ], [ -46.9004463, -23.1687582 ] ] } },
{ "type": "Feature", "properties": { "Layer": "Linha-Ferrea", "PaperSpace": null, "SubClasses": "AcDbEntity:AcDbPolyline", "Linetype": null, "EntityHandle": "385", "Text": null }, "geometry": { "type": "LineString", "coordinates": [ [ -46.9004191, -23.1687957 ], [ -46.9004219, -23.1687919 ], [ -46.9004405, -23.1688035 ], [ -46.9004378, -23.1688072 ], [ -46.9004191, -23.1687957 ] ] } },
{ "type": "Feature", "properties": { "Layer": "Linha-Ferrea", "PaperSpace": null, "SubClasses": "AcDbEntity:AcDbPolyline", "Linetype": null, "EntityHandle": "386", "Text": null }, "geometry": { "type": "LineString", "coordinates": [ [ -46.9003919, -23.1688332 ], [ -46.9003947, -23.1688294 ], [ -46.9004133, -23.168841 ], [ -46.9004106, -23.1688447 ], [ -46.9003919, -23.1688332 ] ] } },
{ "type": "Feature", "properties": { "Layer": "Linha-Ferrea", "PaperSpace": null, "SubClasses": "AcDbEntity:AcDbPolyline", "Linetype": null, "EntityHandle": "387", "Text": null }, "geometry": { "type": "LineString", "coordinates": [ [ -46.9003647, -23.1688707 ], [ -46.9003675, -23.1688669 ], [ -46.9003861, -23.1688785 ], [ -46.9003834, -23.1688822 ], [ -46.9003647, -23.1688707 ] ] } },
{ "type": "Feature", "properties": { "Layer": "Linha-Ferrea", "PaperSpace": null, "SubClasses": "AcDbEntity:AcDbPolyline", "Linetype": null, "EntityHandle": "388", "Text": null }, "geometry": { "type": "LineString", "coordinates": [ [ -46.9003376, -23.1689082 ], [ -46.9003403, -23.1689044 ], [ -46.9003589, -23.168916 ], [ -46.9003562, -23.1689197 ], [ -46.9003376, -23.1689082 ] ] } },
{ "type": "Feature", "properties": { "Layer": "Linha-Ferrea", "PaperSpace": null, "SubClasses": "AcDbEntity:AcDbLine", "Linetype": null, "EntityHandle": "389", "Text": null }, "geometry": { "type": "LineString", "coordinates": [ [ -46.900323, -23.1689331, 0.0 ], [ -46.898689, -23.1711861, 0.0 ] ] } },
{ "type": "Feature", "properties": { "Layer": "Linha-Ferrea", "PaperSpace": null, "SubClasses": "AcDbEntity:AcDbLine", "Linetype": null, "EntityHandle": "38A", "Text": null }, "geometry": { "type": "LineString", "coordinates": [ [ -46.9003368, -23.1689417, 0.0 ], [ -46.8987027, -23.1711946, 0.0 ] ] } },
{ "type": "Feature", "properties": { "Layer": "Linha-Ferrea", "PaperSpace": null, "SubClasses": "AcDbEntity:AcDbPolyline", "Linetype": null, "EntityHandle": "38B", "Text": null }, "geometry": { "type": "LineString", "coordinates": [ [ -46.9003069, -23.1689504 ], [ -46.9003097, -23.1689466 ], [ -46.9003283, -23.1689582 ], [ -46.9003256, -23.1689619 ], [ -46.9003069, -23.1689504 ] ] } },
{ "type": "Feature", "properties": { "Layer": "Linha-Ferrea", "PaperSpace": null, "SubClasses": "AcDbEntity:AcDbPolyline", "Linetype": null, "EntityHandle": "38C", "Text": null }, "geometry": { "type": "LineString", "coordinates": [ [ -46.9002797, -23.1689879 ], [ -46.9002825, -23.1689841 ], [ -46.9003011, -23.1689957 ], [ -46.9002984, -23.1689994 ], [ -46.9002797, -23.1689879 ] ] } },
{ "type": "Feature", "properties": { "Layer": "Linha-Ferrea", "PaperSpace": null, "SubClasses": "AcDbEntity:AcDbPolyline", "Linetype": null, "EntityHandle": "38D", "Text": null }, "geometry": { "type": "LineString", "coordinates": [ [ -46.9002526, -23.1690254 ], [ -46.9002553, -23.1690216 ], [ -46.9002739, -23.1690332 ], [ -46.9002712, -23.1690369 ], [ -46.9002526, -23.1690254 ] ] } },
{ "type": "Feature", "properties": { "Layer": "Linha-Ferrea", "PaperSpace": null, "SubClasses": "AcDbEntity:AcDbPolyline", "Linetype": null, "EntityHandle": "38E", "Text": null }, "geometry": { "type": "LineString", "coordinates": [ [ -46.9002254, -23.1690629 ], [ -46.9002281, -23.1690591 ], [ -46.9002467, -23.1690707 ], [ -46.900244, -23.1690744 ], [ -46.9002254, -23.1690629 ] ] } },
{ "type": "Feature", "properties": { "Layer": "Linha-Ferrea", "PaperSpace": null, "SubClasses": "AcDbEntity:AcDbPolyline", "Linetype": null, "EntityHandle": "38F", "Text": null }, "geometry": { "type": "LineString", "coordinates": [ [ -46.9001982, -23.1691004 ], [ -46.9002009, -23.1690966 ], [ -46.9002195, -23.1691082 ], [ -46.9002168, -23.1691119 ], [ -46.9001982, -23.1691004 ] ] } },
{ "type": "Feature", "properties": { "Layer": "Linha-Ferrea", "PaperSpace": null, "SubClasses": "AcDbEntity:AcDbPolyline", "Linetype": null, "EntityHandle": "390", "Text": null }, "geometry": { "type": "LineString", "coordinates": [ [ -46.900171, -23.1691378 ], [ -46.9001737, -23.1691341 ], [ -46.9001923, -23.1691457 ], [ -46.9001896, -23.1691494 ], [ -46.900171, -23.1691378 ] ] } },
{ "type": "Feature", "properties": { "Layer": "Linha-Ferrea", "PaperSpace": null, "SubClasses": "AcDbEntity:AcDbPolyline", "Linetype": null, "EntityHandle": "391", "Text": null }, "geometry": { "type": "LineString", "coordinates": [ [ -46.9001438, -23.1691753 ], [ -46.9001465, -23.1691716 ], [ -46.9001652, -23.1691832 ], [ -46.9001624, -23.1691869 ], [ -46.9001438, -23.1691753 ] ] } },
{ "type": "Feature", "properties": { "Layer": "Linha-Ferrea", "PaperSpace": null, "SubClasses": "AcDbEntity:AcDbPolyline", "Linetype": null, "EntityHandle": "392", "Text": null }, "geometry": { "type": "LineString", "coordinates": [ [ -46.9001166, -23.1692128 ], [ -46.9001193, -23.1692091 ], [ -46.900138, -23.1692207 ], [ -46.9001352, -23.1692244 ], [ -46.9001166, -23.1692128 ] ] } },
{ "type": "Feature", "properties": { "Layer": "Linha-Ferrea", "PaperSpace": null, "SubClasses": "AcDbEntity:AcDbPolyline", "Linetype": null, "EntityHandle": "393", "Text": null }, "geometry": { "type": "LineString", "coordinates": [ [ -46.9000894, -23.1692503 ], [ -46.9000921, -23.1692466 ], [ -46.9001108, -23.1692581 ], [ -46.900108, -23.1692619 ], [ -46.9000894, -23.1692503 ] ] } },
{ "type": "Feature", "properties": { "Layer": "Linha-Ferrea", "PaperSpace": null, "SubClasses": "AcDbEntity:AcDbPolyline", "Linetype": null, "EntityHandle": "394", "Text": null }, "geometry": { "type": "LineString", "coordinates": [ [ -46.9000622, -23.1692878 ], [ -46.9000649, -23.1692841 ], [ -46.9000836, -23.1692956 ], [ -46.9000808, -23.1692994 ], [ -46.9000622, -23.1692878 ] ] } },
{ "type": "Feature", "properties": { "Layer": "Linha-Ferrea", "PaperSpace": null, "SubClasses": "AcDbEntity:AcDbPolyline", "Linetype": null, "EntityHandle": "395", "Text": null }, "geometry": { "type": "LineString", "coordinates": [ [ -46.900035, -23.1693253 ], [ -46.9000377, -23.1693216 ], [ -46.9000564, -23.1693331 ], [ -46.9000537, -23.1693369 ], [ -46.900035, -23.1693253 ] ] } },
{ "type": "Feature", "properties": { "Layer": "Linha-Ferrea", "PaperSpace": null, "SubClasses": "AcDbEntity:AcDbPolyline", "Linetype": null, "EntityHandle": "396", "Text": null }, "geometry": { "type": "LineString", "coordinates": [ [ -46.9000078, -23.1693628 ], [ -46.9000105, -23.1693591 ], [ -46.9000292, -23.1693706 ], [ -46.9000265, -23.1693744 ], [ -46.9000078, -23.1693628 ] ] } },
{ "type": "Feature", "properties": { "Layer": "Linha-Ferrea", "PaperSpace": null, "SubClasses": "AcDbEntity:AcDbPolyline", "Linetype": null, "EntityHandle": "397", "Text": null }, "geometry": { "type": "LineString", "coordinates": [ [ -46.8999806, -23.1694003 ], [ -46.8999833, -23.1693966 ], [ -46.900002, -23.1694081 ], [ -46.9, -23.1694119 ], [ -46.8999806, -23.1694003 ] ] } },
{ "type": "Feature", "properties": { "Layer": "Linha-Ferrea", "PaperSpace": null, "SubClasses": "AcDbEntity:AcDbPolyline", "Linetype": null, "EntityHandle": "398", "Text": null }, "geometry": { "type": "LineString", "coordinates": [ [ -46.8999534, -23.1694378 ], [ -46.8999561, -23.1694341 ], [ -46.8999748, -23.1694456 ], [ -46.8999721, -23.1694494 ], [ -46.8999534, -23.1694378 ] ] } },
{ "type": "Feature", "properties": { "Layer": "Linha-Ferrea", "PaperSpace": null, "SubClasses": "AcDbEntity:AcDbPolyline", "Linetype": null, "EntityHandle": "399", "Text": null }, "geometry": { "type": "LineString", "coordinates": [ [ -46.8999262, -23.1694753 ], [ -46.8999289, -23.1694716 ], [ -46.8999476, -23.1694831 ], [ -46.8999449, -23.1694869 ], [ -46.8999262, -23.1694753 ] ] } },
{ "type": "Feature", "properties": { "Layer": "Linha-Ferrea", "PaperSpace": null, "SubClasses": "AcDbEntity:AcDbPolyline", "Linetype": null, "EntityHandle": "39A", "Text": null }, "geometry": { "type": "LineString", "coordinates": [ [ -46.899899, -23.1695128 ], [ -46.8999017, -23.169509 ], [ -46.8999204, -23.1695206 ], [ -46.8999177, -23.1695244 ], [ -46.899899, -23.1695128 ] ] } },
{ "type": "Feature", "properties": { "Layer": "Linha-Ferrea", "PaperSpace": null, "SubClasses": "AcDbEntity:AcDbPolyline", "Linetype": null, "EntityHandle": "39B", "Text": null }, "geometry": { "type": "LineString", "coordinates": [ [ -46.8998718, -23.1695503 ], [ -46.8998746, -23.1695465 ], [ -46.8998932, -23.1695581 ], [ -46.8998905, -23.1695619 ], [ -46.8998718, -23.1695503 ] ] } },
{ "type": "Feature", "properties": { "Layer": "Linha-Ferrea", "PaperSpace": null, "SubClasses": "AcDbEntity:AcDbPolyline", "Linetype": null, "EntityHandle": "39C", "Text": null }, "geometry": { "type": "LineString", "coordinates": [ [ -46.8998446, -23.1695878 ], [ -46.8998474, -23.169584 ], [ -46.899866, -23.1695956 ], [ -46.8998633, -23.1695994 ], [ -46.8998446, -23.1695878 ] ] } },
{ "type": "Feature", "properties": { "Layer": "Linha-Ferrea", "PaperSpace": null, "SubClasses": "AcDbEntity:AcDbPolyline", "Linetype": null, "EntityHandle": "39D", "Text": null }, "geometry": { "type": "LineString", "coordinates": [ [ -46.8998174, -23.1696253 ], [ -46.8998202, -23.1696215 ], [ -46.8998388, -23.1696331 ], [ -46.8998361, -23.1696369 ], [ -46.8998174, -23.1696253 ] ] } },
{ "type": "Feature", "properties": { "Layer": "Linha-Ferrea", "PaperSpace": null, "SubClasses": "AcDbEntity:AcDbPolyline", "Linetype": null, "EntityHandle": "39E", "Text": null }, "geometry": { "type": "LineString", "coordinates": [ [ -46.8997903, -23.1696628 ], [ -46.899793, -23.169659 ], [ -46.8998116, -23.1696706 ], [ -46.8998089, -23.1696743 ], [ -46.8997903, -23.1696628 ] ] } },
{ "type": "Feature", "properties": { "Layer": "Linha-Ferrea", "PaperSpace": null, "SubClasses": "AcDbEntity:AcDbPolyline", "Linetype": null, "EntityHandle": "39F", "Text": null }, "geometry": { "type": "LineString", "coordinates": [ [ -46.8997631, -23.1697003 ], [ -46.8997658, -23.1696965 ], [ -46.8997844, -23.1697081 ], [ -46.8997817, -23.1697118 ], [ -46.8997631, -23.1697003 ] ] } },
{ "type": "Feature", "properties": { "Layer": "Linha-Ferrea", "PaperSpace": null, "SubClasses": "AcDbEntity:AcDbPolyline", "Linetype": null, "EntityHandle": "3A0", "Text": null }, "geometry": { "type": "LineString", "coordinates": [ [ -46.8997359, -23.1697378 ], [ -46.8997386, -23.169734 ], [ -46.8997572, -23.1697456 ], [ -46.8997545, -23.1697493 ], [ -46.8997359, -23.1697378 ] ] } },
{ "type": "Feature", "properties": { "Layer": "Linha-Ferrea", "PaperSpace": null, "SubClasses": "AcDbEntity:AcDbPolyline", "Linetype": null, "EntityHandle": "3A1", "Text": null }, "geometry": { "type": "LineString", "coordinates": [ [ -46.8997087, -23.1697753 ], [ -46.8997114, -23.1697715 ], [ -46.89973, -23.1697831 ], [ -46.8997273, -23.1697868 ], [ -46.8997087, -23.1697753 ] ] } },
{ "type": "Feature", "properties": { "Layer": "Linha-Ferrea", "PaperSpace": null, "SubClasses": "AcDbEntity:AcDbPolyline", "Linetype": null, "EntityHandle": "3A2", "Text": null }, "geometry": { "type": "LineString", "coordinates": [ [ -46.8996815, -23.1698128 ], [ -46.8996842, -23.169809 ], [ -46.8997029, -23.1698206 ], [ -46.8997001, -23.1698243 ], [ -46.8996815, -23.1698128 ] ] } },
{ "type": "Feature", "properties": { "Layer": "Linha-Ferrea", "PaperSpace": null, "SubClasses": "AcDbEntity:AcDbPolyline", "Linetype": null, "EntityHandle": "3A3", "Text": null }, "geometry": { "type": "LineString", "coordinates": [ [ -46.8996543, -23.1698503 ], [ -46.899657, -23.1698465 ], [ -46.8996757, -23.1698581 ], [ -46.8996729, -23.1698618 ], [ -46.8996543, -23.1698503 ] ] } },
{ "type": "Feature", "properties": { "Layer": "Linha-Ferrea", "PaperSpace": null, "SubClasses": "AcDbEntity:AcDbPolyline", "Linetype": null, "EntityHandle": "3A4", "Text": null }, "geometry": { "type": "LineString", "coordinates": [ [ -46.8996271, -23.1698878 ], [ -46.8996298, -23.169884 ], [ -46.8996485, -23.1698956 ], [ -46.8996457, -23.1698993 ], [ -46.8996271, -23.1698878 ] ] } },
{ "type": "Feature", "properties": { "Layer": "Linha-Ferrea", "PaperSpace": null, "SubClasses": "AcDbEntity:AcDbPolyline", "Linetype": null, "EntityHandle": "3A5", "Text": null }, "geometry": { "type": "LineString", "coordinates": [ [ -46.8995999, -23.1699252 ], [ -46.8996026, -23.1699215 ], [ -46.8996213, -23.1699331 ], [ -46.8996185, -23.1699368 ], [ -46.8995999, -23.1699252 ] ] } },
{ "type": "Feature", "properties": { "Layer": "Linha-Ferrea", "PaperSpace": null, "SubClasses": "AcDbEntity:AcDbPolyline", "Linetype": null, "EntityHandle": "3A6", "Text": null }, "geometry": { "type": "LineString", "coordinates": [ [ -46.8995727, -23.1699627 ], [ -46.8995754, -23.169959 ], [ -46.8995941, -23.1699706 ], [ -46.8995914, -23.1699743 ], [ -46.8995727, -23.1699627 ] ] } },
{ "type": "Feature", "properties": { "Layer": "Linha-Ferrea", "PaperSpace": null, "SubClasses": "AcDbEntity:AcDbPolyline", "Linetype": null, "EntityHandle": "3A7", "Text": null }, "geometry": { "type": "LineString", "coordinates": [ [ -46.8995455, -23.1700002 ], [ -46.8995482, -23.1699965 ], [ -46.8995669, -23.1700081 ], [ -46.8995642, -23.1700118 ], [ -46.8995455, -23.1700002 ] ] } },
{ "type": "Feature", "properties": { "Layer": "Linha-Ferrea", "PaperSpace": null, "SubClasses": "AcDbEntity:AcDbPolyline", "Linetype": null, "EntityHandle": "3A8", "Text": null }, "geometry": { "type": "LineString", "coordinates": [ [ -46.8995183, -23.1700377 ], [ -46.899521, -23.170034 ], [ -46.8995397, -23.1700456 ], [ -46.899537, -23.1700493 ], [ -46.8995183, -23.1700377 ] ] } },
{ "type": "Feature", "properties": { "Layer": "Linha-Ferrea", "PaperSpace": null, "SubClasses": "AcDbEntity:AcDbPolyline", "Linetype": null, "EntityHandle": "3A9", "Text": null }, "geometry": { "type": "LineString", "coordinates": [ [ -46.8994911, -23.1700752 ], [ -46.8994938, -23.1700715 ], [ -46.8995125, -23.170083 ], [ -46.8995098, -23.1700868 ], [ -46.8994911, -23.1700752 ] ] } },
{ "type": "Feature", "properties": { "Layer": "Linha-Ferrea", "PaperSpace": null, "SubClasses": "AcDbEntity:AcDbPolyline", "Linetype": null, "EntityHandle": "3AA", "Text": null }, "geometry": { "type": "LineString", "coordinates": [ [ -46.8994639, -23.1701127 ], [ -46.8994666, -23.170109 ], [ -46.8994853, -23.1701205 ], [ -46.8994826, -23.1701243 ], [ -46.8994639, -23.1701127 ] ] } },
{ "type": "Feature", "properties": { "Layer": "Linha-Ferrea", "PaperSpace": null, "SubClasses": "AcDbEntity:AcDbPolyline", "Linetype": null, "EntityHandle": "3AB", "Text": null }, "geometry": { "type": "LineString", "coordinates": [ [ -46.8994367, -23.1701502 ], [ -46.8994394, -23.1701465 ], [ -46.8994581, -23.170158 ], [ -46.8994554, -23.1701618 ], [ -46.8994367, -23.1701502 ] ] } },
{ "type": "Feature", "properties": { "Layer": "Linha-Ferrea", "PaperSpace": null, "SubClasses": "AcDbEntity:AcDbPolyline", "Linetype": null, "EntityHandle": "3AC", "Text": null }, "geometry": { "type": "LineString", "coordinates": [ [ -46.8994095, -23.1701877 ], [ -46.8994123, -23.170184 ], [ -46.8994309, -23.1701955 ], [ -46.8994282, -23.1701993 ], [ -46.8994095, -23.1701877 ] ] } },
{ "type": "Feature", "properties": { "Layer": "Linha-Ferrea", "PaperSpace": null, "SubClasses": "AcDbEntity:AcDbPolyline", "Linetype": null, "EntityHandle": "3AD", "Text": null }, "geometry": { "type": "LineString", "coordinates": [ [ -46.8993823, -23.1702252 ], [ -46.8993851, -23.1702215 ], [ -46.8994037, -23.170233 ], [ -46.899401, -23.1702368 ], [ -46.8993823, -23.1702252 ] ] } },
{ "type": "Feature", "properties": { "Layer": "Linha-Ferrea", "PaperSpace": null, "SubClasses": "AcDbEntity:AcDbPolyline", "Linetype": null, "EntityHandle": "3AE", "Text": null }, "geometry": { "type": "LineString", "coordinates": [ [ -46.8993551, -23.1702627 ], [ -46.8993579, -23.170259 ], [ -46.8993765, -23.1702705 ], [ -46.8993738, -23.1702743 ], [ -46.8993551, -23.1702627 ] ] } },
{ "type": "Feature", "properties": { "Layer": "Linha-Ferrea", "PaperSpace": null, "SubClasses": "AcDbEntity:AcDbPolyline", "Linetype": null, "EntityHandle": "3AF", "Text": null }, "geometry": { "type": "LineString", "coordinates": [ [ -46.8993279, -23.1703002 ], [ -46.8993307, -23.1702965 ], [ -46.8993493, -23.170308 ], [ -46.8993466, -23.1703118 ], [ -46.8993279, -23.1703002 ] ] } },
{ "type": "Feature", "properties": { "Layer": "Linha-Ferrea", "PaperSpace": null, "SubClasses": "AcDbEntity:AcDbPolyline", "Linetype": null, "EntityHandle": "3B0", "Text": null }, "geometry": { "type": "LineString", "coordinates": [ [ -46.8993008, -23.1703377 ], [ -46.8993035, -23.1703339 ], [ -46.8993221, -23.1703455 ], [ -46.8993194, -23.1703493 ], [ -46.8993008, -23.1703377 ] ] } },
{ "type": "Feature", "properties": { "Layer": "Linha-Ferrea", "PaperSpace": null, "SubClasses": "AcDbEntity:AcDbPolyline", "Linetype": null, "EntityHandle": "3B1", "Text": null }, "geometry": { "type": "LineString", "coordinates": [ [ -46.8992736, -23.1703752 ], [ -46.8992763, -23.1703714 ], [ -46.8992949, -23.170383 ], [ -46.8992922, -23.1703868 ], [ -46.8992736, -23.1703752 ] ] } },
{ "type": "Feature", "properties": { "Layer": "Linha-Ferrea", "PaperSpace": null, "SubClasses": "AcDbEntity:AcDbPolyline", "Linetype": null, "EntityHandle": "3B2", "Text": null }, "geometry": { "type": "LineString", "coordinates": [ [ -46.8992464, -23.1704127 ], [ -46.8992491, -23.1704089 ], [ -46.8992677, -23.1704205 ], [ -46.899265, -23.1704243 ], [ -46.8992464, -23.1704127 ] ] } },
{ "type": "Feature", "properties": { "Layer": "Linha-Ferrea", "PaperSpace": null, "SubClasses": "AcDbEntity:AcDbPolyline", "Linetype": null, "EntityHandle": "3B3", "Text": null }, "geometry": { "type": "LineString", "coordinates": [ [ -46.8992192, -23.1704502 ], [ -46.8992219, -23.1704464 ], [ -46.8992405, -23.170458 ], [ -46.8992378, -23.1704617 ], [ -46.8992192, -23.1704502 ] ] } },
{ "type": "Feature", "properties": { "Layer": "Linha-Ferrea", "PaperSpace": null, "SubClasses": "AcDbEntity:AcDbPolyline", "Linetype": null, "EntityHandle": "3B4", "Text": null }, "geometry": { "type": "LineString", "coordinates": [ [ -46.899192, -23.1704877 ], [ -46.8991947, -23.1704839 ], [ -46.8992134, -23.1704955 ], [ -46.8992106, -23.1704992 ], [ -46.899192, -23.1704877 ] ] } },
{ "type": "Feature", "properties": { "Layer": "Linha-Ferrea", "PaperSpace": null, "SubClasses": "AcDbEntity:AcDbPolyline", "Linetype": null, "EntityHandle": "3B5", "Text": null }, "geometry": { "type": "LineString", "coordinates": [ [ -46.8991648, -23.1705252 ], [ -46.8991675, -23.1705214 ], [ -46.8991862, -23.170533 ], [ -46.8991834, -23.1705367 ], [ -46.8991648, -23.1705252 ] ] } },
{ "type": "Feature", "properties": { "Layer": "Linha-Ferrea", "PaperSpace": null, "SubClasses": "AcDbEntity:AcDbPolyline", "Linetype": null, "EntityHandle": "3B6", "Text": null }, "geometry": { "type": "LineString", "coordinates": [ [ -46.8991376, -23.1705627 ], [ -46.8991403, -23.1705589 ], [ -46.899159, -23.1705705 ], [ -46.8991562, -23.1705742 ], [ -46.8991376, -23.1705627 ] ] } },
{ "type": "Feature", "properties": { "Layer": "Linha-Ferrea", "PaperSpace": null, "SubClasses": "AcDbEntity:AcDbPolyline", "Linetype": null, "EntityHandle": "3B7", "Text": null }, "geometry": { "type": "LineString", "coordinates": [ [ -46.8991104, -23.1706002 ], [ -46.8991131, -23.1705964 ], [ -46.8991318, -23.170608 ], [ -46.899129, -23.1706117 ], [ -46.8991104, -23.1706002 ] ] } },
{ "type": "Feature", "properties": { "Layer": "Linha-Ferrea", "PaperSpace": null, "SubClasses": "AcDbEntity:AcDbPolyline", "Linetype": null, "EntityHandle": "3B8", "Text": null }, "geometry": { "type": "LineString", "coordinates": [ [ -46.8990832, -23.1706377 ], [ -46.8990859, -23.1706339 ], [ -46.8991046, -23.1706455 ], [ -46.8991019, -23.1706492 ], [ -46.8990832, -23.1706377 ] ] } },
{ "type": "Feature", "properties": { "Layer": "Linha-Ferrea", "PaperSpace": null, "SubClasses": "AcDbEntity:AcDbPolyline", "Linetype": null, "EntityHandle": "3B9", "Text": null }, "geometry": { "type": "LineString", "coordinates": [ [ -46.899056, -23.1706752 ], [ -46.8990587, -23.1706714 ], [ -46.8990774, -23.170683 ], [ -46.8990747, -23.1706867 ], [ -46.899056, -23.1706752 ] ] } },
{ "type": "Feature", "properties": { "Layer": "Linha-Ferrea", "PaperSpace": null, "SubClasses": "AcDbEntity:AcDbPolyline", "Linetype": null, "EntityHandle": "3BA", "Text": null }, "geometry": { "type": "LineString", "coordinates": [ [ -46.8990288, -23.1707126 ], [ -46.8990315, -23.1707089 ], [ -46.8990502, -23.1707205 ], [ -46.8990475, -23.1707242 ], [ -46.8990288, -23.1707126 ] ] } },
{ "type": "Feature", "properties": { "Layer": "Linha-Ferrea", "PaperSpace": null, "SubClasses": "AcDbEntity:AcDbPolyline", "Linetype": null, "EntityHandle": "3BB", "Text": null }, "geometry": { "type": "LineString", "coordinates": [ [ -46.8990016, -23.1707501 ], [ -46.8990043, -23.1707464 ], [ -46.899023, -23.170758 ], [ -46.8990203, -23.1707617 ], [ -46.8990016, -23.1707501 ] ] } },
{ "type": "Feature", "properties": { "Layer": "Linha-Ferrea", "PaperSpace": null, "SubClasses": "AcDbEntity:AcDbPolyline", "Linetype": null, "EntityHandle": "3BC", "Text": null }, "geometry": { "type": "LineString", "coordinates": [ [ -46.8989744, -23.1707876 ], [ -46.8989771, -23.1707839 ], [ -46.8989958, -23.1707955 ], [ -46.8989931, -23.1707992 ], [ -46.8989744, -23.1707876 ] ] } },
{ "type": "Feature", "properties": { "Layer": "Linha-Ferrea", "PaperSpace": null, "SubClasses": "AcDbEntity:AcDbPolyline", "Linetype": null, "EntityHandle": "3BD", "Text": null }, "geometry": { "type": "LineString", "coordinates": [ [ -46.8989472, -23.1708251 ], [ -46.8989499, -23.1708214 ], [ -46.8989686, -23.170833 ], [ -46.8989659, -23.1708367 ], [ -46.8989472, -23.1708251 ] ] } },
{ "type": "Feature", "properties": { "Layer": "Linha-Ferrea", "PaperSpace": null, "SubClasses": "AcDbEntity:AcDbPolyline", "Linetype": null, "EntityHandle": "3BE", "Text": null }, "geometry": { "type": "LineString", "coordinates": [ [ -46.89892, -23.1708626 ], [ -46.8989227, -23.1708589 ], [ -46.8989414, -23.1708704 ], [ -46.8989387, -23.1708742 ], [ -46.89892, -23.1708626 ] ] } },
{ "type": "Feature", "properties": { "Layer": "Linha-Ferrea", "PaperSpace": null, "SubClasses": "AcDbEntity:AcDbPolyline", "Linetype": null, "EntityHandle": "3BF", "Text": null }, "geometry": { "type": "LineString", "coordinates": [ [ -46.8988928, -23.1709001 ], [ -46.8988956, -23.1708964 ], [ -46.8989142, -23.1709079 ], [ -46.8989115, -23.1709117 ], [ -46.8988928, -23.1709001 ] ] } },
{ "type": "Feature", "properties": { "Layer": "Linha-Ferrea", "PaperSpace": null, "SubClasses": "AcDbEntity:AcDbPolyline", "Linetype": null, "EntityHandle": "3C0", "Text": null }, "geometry": { "type": "LineString", "coordinates": [ [ -46.8988656, -23.1709376 ], [ -46.8988684, -23.1709339 ], [ -46.898887, -23.1709454 ], [ -46.8988843, -23.1709492 ], [ -46.8988656, -23.1709376 ] ] } },
{ "type": "Feature", "properties": { "Layer": "Linha-Ferrea", "PaperSpace": null, "SubClasses": "AcDbEntity:AcDbPolyline", "Linetype": null, "EntityHandle": "3C1", "Text": null }, "geometry": { "type": "LineString", "coordinates": [ [ -46.8988384, -23.1709751 ], [ -46.8988412, -23.1709714 ], [ -46.8988598, -23.1709829 ], [ -46.8988571, -23.1709867 ], [ -46.8988384, -23.1709751 ] ] } },
{ "type": "Feature", "properties": { "Layer": "Linha-Ferrea", "PaperSpace": null, "SubClasses": "AcDbEntity:AcDbPolyline", "Linetype": null, "EntityHandle": "3C2", "Text": null }, "geometry": { "type": "LineString", "coordinates": [ [ -46.8988113, -23.1710126 ], [ -46.898814, -23.1710089 ], [ -46.8988326, -23.1710204 ], [ -46.8988299, -23.1710242 ], [ -46.8988113, -23.1710126 ] ] } },
{ "type": "Feature", "properties": { "Layer": "Linha-Ferrea", "PaperSpace": null, "SubClasses": "AcDbEntity:AcDbPolyline", "Linetype": null, "EntityHandle": "3C3", "Text": null }, "geometry": { "type": "LineString", "coordinates": [ [ -46.8987841, -23.1710501 ], [ -46.8987868, -23.1710464 ], [ -46.8988054, -23.1710579 ], [ -46.8988027, -23.1710617 ], [ -46.8987841, -23.1710501 ] ] } },
{ "type": "Feature", "properties": { "Layer": "Linha-Ferrea", "PaperSpace": null, "SubClasses": "AcDbEntity:AcDbPolyline", "Linetype": null, "EntityHandle": "3C4", "Text": null }, "geometry": { "type": "LineString", "coordinates": [ [ -46.8987569, -23.1710876 ], [ -46.8987596, -23.1710839 ], [ -46.8987782, -23.1710954 ], [ -46.8987755, -23.1710992 ], [ -46.8987569, -23.1710876 ] ] } },
{ "type": "Feature", "properties": { "Layer": "Linha-Ferrea", "PaperSpace": null, "SubClasses": "AcDbEntity:AcDbPolyline", "Linetype": null, "EntityHandle": "3C5", "Text": null }, "geometry": { "type": "LineString", "coordinates": [ [ -46.8987297, -23.1711251 ], [ -46.8987324, -23.1711213 ], [ -46.898751, -23.1711329 ], [ -46.8987483, -23.1711367 ], [ -46.8987297, -23.1711251 ] ] } },
{ "type": "Feature", "properties": { "Layer": "Linha-Ferrea", "PaperSpace": null, "SubClasses": "AcDbEntity:AcDbPolyline", "Linetype": null, "EntityHandle": "3C6", "Text": null }, "geometry": { "type": "LineString", "coordinates": [ [ -46.8987025, -23.1711626 ], [ -46.8987052, -23.1711588 ], [ -46.8987238, -23.1711704 ], [ -46.8987211, -23.1711742 ], [ -46.8987025, -23.1711626 ] ] } },
{ "type": "Feature", "properties": { "Layer": "Linha-Ferrea", "PaperSpace": null, "SubClasses": "AcDbEntity:AcDbLine", "Linetype": null, "EntityHandle": "3C7", "Text": null }, "geometry": { "type": "LineString", "coordinates": [ [ -46.8986889, -23.1711861, 0.0 ], [ -46.8981705, -23.1719038, 0.0 ] ] } },
{ "type": "Feature", "properties": { "Layer": "Linha-Ferrea", "PaperSpace": null, "SubClasses": "AcDbEntity:AcDbLine", "Linetype": null, "EntityHandle": "3C8", "Text": null }, "geometry": { "type": "LineString", "coordinates": [ [ -46.8987027, -23.1711946, 0.0 ], [ -46.8981843, -23.1719123, 0.0 ] ] } },
{ "type": "Feature", "properties": { "Layer": "Linha-Ferrea", "PaperSpace": null, "SubClasses": "AcDbEntity:AcDbPolyline", "Linetype": null, "EntityHandle": "3C9", "Text": null }, "geometry": { "type": "LineString", "coordinates": [ [ -46.8986729, -23.1712034 ], [ -46.8986757, -23.1711996 ], [ -46.8986943, -23.1712112 ], [ -46.8986916, -23.1712149 ], [ -46.8986729, -23.1712034 ] ] } },
{ "type": "Feature", "properties": { "Layer": "Linha-Ferrea", "PaperSpace": null, "SubClasses": "AcDbEntity:AcDbPolyline", "Linetype": null, "EntityHandle": "3CA", "Text": null }, "geometry": { "type": "LineString", "coordinates": [ [ -46.8986458, -23.1712409 ], [ -46.8986485, -23.1712372 ], [ -46.8986672, -23.1712487 ], [ -46.8986645, -23.1712525 ], [ -46.8986458, -23.1712409 ] ] } },
{ "type": "Feature", "properties": { "Layer": "Linha-Ferrea", "PaperSpace": null, "SubClasses": "AcDbEntity:AcDbPolyline", "Linetype": null, "EntityHandle": "3CB", "Text": null }, "geometry": { "type": "LineString", "coordinates": [ [ -46.8986187, -23.1712785 ], [ -46.8986214, -23.1712747 ], [ -46.8986401, -23.1712862 ], [ -46.8986374, -23.17129 ], [ -46.8986187, -23.1712785 ] ] } },
{ "type": "Feature", "properties": { "Layer": "Linha-Ferrea", "PaperSpace": null, "SubClasses": "AcDbEntity:AcDbPolyline", "Linetype": null, "EntityHandle": "3CC", "Text": null }, "geometry": { "type": "LineString", "coordinates": [ [ -46.8985916, -23.171316 ], [ -46.8985943, -23.1713122 ], [ -46.898613, -23.1713238 ], [ -46.8986103, -23.1713275 ], [ -46.8985916, -23.171316 ] ] } },
{ "type": "Feature", "properties": { "Layer": "Linha-Ferrea", "PaperSpace": null, "SubClasses": "AcDbEntity:AcDbPolyline", "Linetype": null, "EntityHandle": "3CD", "Text": null }, "geometry": { "type": "LineString", "coordinates": [ [ -46.8985645, -23.1713535 ], [ -46.8985672, -23.1713498 ], [ -46.8985859, -23.1713613 ], [ -46.8985832, -23.1713651 ], [ -46.8985645, -23.1713535 ] ] } },
{ "type": "Feature", "properties": { "Layer": "Linha-Ferrea", "PaperSpace": null, "SubClasses": "AcDbEntity:AcDbPolyline", "Linetype": null, "EntityHandle": "3CE", "Text": null }, "geometry": { "type": "LineString", "coordinates": [ [ -46.8985374, -23.1713911 ], [ -46.8985401, -23.1713873 ], [ -46.8985587, -23.1713989 ], [ -46.898556, -23.1714026 ], [ -46.8985374, -23.1713911 ] ] } },
{ "type": "Feature", "properties": { "Layer": "Linha-Ferrea", "PaperSpace": null, "SubClasses": "AcDbEntity:AcDbPolyline", "Linetype": null, "EntityHandle": "3CF", "Text": null }, "geometry": { "type": "LineString", "coordinates": [ [ -46.8985102, -23.1714286 ], [ -46.8985129, -23.1714249 ], [ -46.8985316, -23.1714364 ], [ -46.8985289, -23.1714402 ], [ -46.8985102, -23.1714286 ] ] } },
{ "type": "Feature", "properties": { "Layer": "Linha-Ferrea", "PaperSpace": null, "SubClasses": "AcDbEntity:AcDbPolyline", "Linetype": null, "EntityHandle": "3D0", "Text": null }, "geometry": { "type": "LineString", "coordinates": [ [ -46.8984831, -23.1714662 ], [ -46.8984858, -23.1714624 ], [ -46.8985045, -23.1714739 ], [ -46.8985018, -23.1714777 ], [ -46.8984831, -23.1714662 ] ] } },
{ "type": "Feature", "properties": { "Layer": "Linha-Ferrea", "PaperSpace": null, "SubClasses": "AcDbEntity:AcDbPolyline", "Linetype": null, "EntityHandle": "3D1", "Text": null }, "geometry": { "type": "LineString", "coordinates": [ [ -46.898456, -23.1715037 ], [ -46.8984587, -23.1715 ], [ -46.8984774, -23.1715115 ], [ -46.8984747, -23.1715152 ], [ -46.898456, -23.1715037 ] ] } },
{ "type": "Feature", "properties": { "Layer": "Linha-Ferrea", "PaperSpace": null, "SubClasses": "AcDbEntity:AcDbPolyline", "Linetype": null, "EntityHandle": "3D2", "Text": null }, "geometry": { "type": "LineString", "coordinates": [ [ -46.8984289, -23.1715413 ], [ -46.8984316, -23.1715375 ], [ -46.8984503, -23.171549 ], [ -46.8984476, -23.1715528 ], [ -46.8984289, -23.1715413 ] ] } },
{ "type": "Feature", "properties": { "Layer": "Linha-Ferrea", "PaperSpace": null, "SubClasses": "AcDbEntity:AcDbPolyline", "Linetype": null, "EntityHandle": "3D3", "Text": null }, "geometry": { "type": "LineString", "coordinates": [ [ -46.8984018, -23.1715788 ], [ -46.8984045, -23.171575 ], [ -46.8984231, -23.1715866 ], [ -46.8984204, -23.1715903 ], [ -46.8984018, -23.1715788 ] ] } },
{ "type": "Feature", "properties": { "Layer": "Linha-Ferrea", "PaperSpace": null, "SubClasses": "AcDbEntity:AcDbPolyline", "Linetype": null, "EntityHandle": "3D4", "Text": null }, "geometry": { "type": "LineString", "coordinates": [ [ -46.8983746, -23.1716163 ], [ -46.8983774, -23.1716126 ], [ -46.898396, -23.1716241 ], [ -46.8983933, -23.1716279 ], [ -46.8983746, -23.1716163 ] ] } },
{ "type": "Feature", "properties": { "Layer": "Linha-Ferrea", "PaperSpace": null, "SubClasses": "AcDbEntity:AcDbPolyline", "Linetype": null, "EntityHandle": "3D5", "Text": null }, "geometry": { "type": "LineString", "coordinates": [ [ -46.8983475, -23.1716539 ], [ -46.8983502, -23.1716501 ], [ -46.8983689, -23.1716617 ], [ -46.8983662, -23.1716654 ], [ -46.8983475, -23.1716539 ] ] } },
{ "type": "Feature", "properties": { "Layer": "Linha-Ferrea", "PaperSpace": null, "SubClasses": "AcDbEntity:AcDbPolyline", "Linetype": null, "EntityHandle": "3D6", "Text": null }, "geometry": { "type": "LineString", "coordinates": [ [ -46.8983204, -23.1716914 ], [ -46.8983231, -23.1716877 ], [ -46.8983418, -23.1716992 ], [ -46.8983391, -23.171703 ], [ -46.8983204, -23.1716914 ] ] } },
{ "type": "Feature", "properties": { "Layer": "Linha-Ferrea", "PaperSpace": null, "SubClasses": "AcDbEntity:AcDbPolyline", "Linetype": null, "EntityHandle": "3D7", "Text": null }, "geometry": { "type": "LineString", "coordinates": [ [ -46.8982933, -23.171729 ], [ -46.898296, -23.1717252 ], [ -46.8983147, -23.1717367 ], [ -46.898312, -23.1717405 ], [ -46.8982933, -23.171729 ] ] } },
{ "type": "Feature", "properties": { "Layer": "Linha-Ferrea", "PaperSpace": null, "SubClasses": "AcDbEntity:AcDbPolyline", "Linetype": null, "EntityHandle": "3D8", "Text": null }, "geometry": { "type": "LineString", "coordinates": [ [ -46.8982662, -23.1717665 ], [ -46.8982689, -23.1717628 ], [ -46.8982876, -23.1717743 ], [ -46.8982848, -23.171778 ], [ -46.8982662, -23.1717665 ] ] } },
{ "type": "Feature", "properties": { "Layer": "Linha-Ferrea", "PaperSpace": null, "SubClasses": "AcDbEntity:AcDbPolyline", "Linetype": null, "EntityHandle": "3D9", "Text": null }, "geometry": { "type": "LineString", "coordinates": [ [ -46.898239, -23.171804 ], [ -46.8982418, -23.1718003 ], [ -46.8982604, -23.1718118 ], [ -46.8982577, -23.1718156 ], [ -46.898239, -23.171804 ] ] } },
{ "type": "Feature", "properties": { "Layer": "Linha-Ferrea", "PaperSpace": null, "SubClasses": "AcDbEntity:AcDbPolyline", "Linetype": null, "EntityHandle": "3DA", "Text": null }, "geometry": { "type": "LineString", "coordinates": [ [ -46.8982119, -23.1718416 ], [ -46.8982146, -23.1718378 ], [ -46.8982333, -23.1718494 ], [ -46.8982306, -23.1718531 ], [ -46.8982119, -23.1718416 ] ] } },
{ "type": "Feature", "properties": { "Layer": "Linha-Ferrea", "PaperSpace": null, "SubClasses": "AcDbEntity:AcDbPolyline", "Linetype": null, "EntityHandle": "3DB", "Text": null }, "geometry": { "type": "LineString", "coordinates": [ [ -46.8981848, -23.1718791 ], [ -46.8981875, -23.1718754 ], [ -46.8982062, -23.1718869 ], [ -46.8982035, -23.1718907 ], [ -46.8981848, -23.1718791 ] ] } },
{ "type": "Feature", "properties": { "Layer": "Limite OC", "PaperSpace": null, "SubClasses": "AcDbEntity:AcDbPolyline", "Linetype": null, "EntityHandle": "3DC", "Text": null }, "geometry": { "type": "LineString", "coordinates": [ [ -46.9010393, -23.1679602 ], [ -46.9009859, -23.1680328 ], [ -46.9003299, -23.1689374 ], [ -46.8986958, -23.1711904 ], [ -46.8981774, -23.171908 ] ] } },
{ "type": "Feature", "properties": { "Layer": "Limite OC", "PaperSpace": null, "SubClasses": "AcDbEntity:AcDbPolyline", "Linetype": null, "EntityHandle": "3DD", "Text": null }, "geometry": { "type": "LineString", "coordinates": [ [ -46.9006913, -23.1683154 ], [ -46.9003585, -23.1681114 ] ] } },
{ "type": "Feature", "properties": { "Layer": "Limite OC", "PaperSpace": null, "SubClasses": "AcDbEntity:AcDbPolyline", "Linetype": null, "EntityHandle": "3DE", "Text": null }, "geometry": { "type": "LineString", "coordinates": [ [ -46.9006724, -23.1683417 ], [ -46.9003396, -23.1681377 ] ] } },
{ "type": "Feature", "properties": { "Layer": "Limite OC", "PaperSpace": null, "SubClasses": "AcDbEntity:AcDbPolyline", "Linetype": null, "EntityHandle": "3E7", "Text": null }, "geometry": { "type": "LineString", "coordinates": [ [ -46.9006644, -23.1683527 ], [ -46.9003431, -23.1681557 ] ] } },
{ "type": "Feature", "properties": { "Layer": "Limite OC", "PaperSpace": null, "SubClasses": "AcDbEntity:AcDbPolyline", "Linetype": null, "EntityHandle": "3E8", "Text": null }, "geometry": { "type": "LineString", "coordinates": [ [ -46.9006385, -23.1683888 ], [ -46.9003016, -23.1681823 ] ] } },
{ "type": "Feature", "properties": { "Layer": "Limite OC", "PaperSpace": null, "SubClasses": "AcDbEntity:AcDbPolyline", "Linetype": null, "EntityHandle": "3E9", "Text": null }, "geometry": { "type": "LineString", "coordinates": [ [ -46.9006196, -23.168415 ], [ -46.9002829, -23.1682087 ] ] } },
{ "type": "Feature", "properties": { "Layer": "Limite OC", "PaperSpace": null, "SubClasses": "AcDbEntity:AcDbPolyline", "Linetype": null, "EntityHandle": "3EA", "Text": null }, "geometry": { "type": "LineString", "coordinates": [ [ -46.9005831, -23.1684658 ], [ -46.9002465, -23.1682595 ] ] } },
{ "type": "Feature", "properties": { "Layer": "Limite OC", "PaperSpace": null, "SubClasses": "AcDbEntity:AcDbPolyline", "Linetype": null, "EntityHandle": "3EB", "Text": null }, "geometry": { "type": "LineString", "coordinates": [ [ -46.9005465, -23.1685166 ], [ -46.90021, -23.1683103 ] ] } },
{ "type": "Feature", "properties": { "Layer": "Limite OC", "PaperSpace": null, "SubClasses": "AcDbEntity:AcDbPolyline", "Linetype": null, "EntityHandle": "3EC", "Text": null }, "geometry": { "type": "LineString", "coordinates": [ [ -46.9006007, -23.1684413 ], [ -46.900264, -23.168235 ] ] } },
{ "type": "Feature", "properties": { "Layer": "Limite OC", "PaperSpace": null, "SubClasses": "AcDbEntity:AcDbPolyline", "Linetype": null, "EntityHandle": "3EE", "Text": null }, "geometry": { "type": "LineString", "coordinates": [ [ -46.9005641, -23.1684921 ], [ -46.9002276, -23.1682858 ] ] } },
{ "type": "Feature", "properties": { "Layer": "Limite OC", "PaperSpace": null, "SubClasses": "AcDbEntity:AcDbPolyline", "Linetype": null, "EntityHandle": "3EF", "Text": null }, "geometry": { "type": "LineString", "coordinates": [ [ -46.9005465, -23.1685165 ], [ -46.90021, -23.1683103 ] ] } },
{ "type": "Feature", "properties": { "Layer": "Limite OC", "PaperSpace": null, "SubClasses": "AcDbEntity:AcDbPolyline", "Linetype": null, "EntityHandle": "3F7", "Text": null }, "geometry": { "type": "LineString", "coordinates": [ [ -46.9005271, -23.1685436 ], [ -46.9001904, -23.1683372 ] ] } },
{ "type": "Feature", "properties": { "Layer": "Limite OC", "PaperSpace": null, "SubClasses": "AcDbEntity:AcDbPolyline", "Linetype": null, "EntityHandle": "3FF", "Text": null }, "geometry": { "type": "LineString", "coordinates": [ [ -46.9005077, -23.1685706 ], [ -46.9001735, -23.1683657 ] ] } },
{ "type": "Feature", "properties": { "Layer": "Limite OC", "PaperSpace": null, "SubClasses": "AcDbEntity:AcDbPolyline", "Linetype": null, "EntityHandle": "400", "Text": null }, "geometry": { "type": "LineString", "coordinates": [ [ -46.9004887, -23.1685969 ], [ -46.9001546, -23.1683921 ] ] } },
{ "type": "Feature", "properties": { "Layer": "Limite OC", "PaperSpace": null, "SubClasses": "AcDbEntity:AcDbPolyline", "Linetype": null, "EntityHandle": "401", "Text": null }, "geometry": { "type": "LineString", "coordinates": [ [ -46.9004727, -23.1686191 ], [ -46.9001391, -23.1684146 ] ] } },
{ "type": "Feature", "properties": { "Layer": "Limite OC", "PaperSpace": null, "SubClasses": "AcDbEntity:AcDbPolyline", "Linetype": null, "EntityHandle": "402", "Text": null }, "geometry": { "type": "LineString", "coordinates": [ [ -46.900455, -23.1686437 ], [ -46.9001213, -23.1684392 ] ] } },
{ "type": "Feature", "properties": { "Layer": "Limite OC", "PaperSpace": null, "SubClasses": "AcDbEntity:AcDbPolyline", "Linetype": null, "EntityHandle": "403", "Text": null }, "geometry": { "type": "LineString", "coordinates": [ [ -46.9004361, -23.16867 ], [ -46.9000978, -23.1684626 ] ] } },
{ "type": "Feature", "properties": { "Layer": "Limite OC", "PaperSpace": null, "SubClasses": "AcDbEntity:AcDbPolyline", "Linetype": null, "EntityHandle": "40B", "Text": null }, "geometry": { "type": "LineString", "coordinates": [ [ -46.9004091, -23.1687075 ], [ -46.9000831, -23.1685077 ] ] } },
{ "type": "Feature", "properties": { "Layer": "Limite OC", "PaperSpace": null, "SubClasses": "AcDbEntity:AcDbPolyline", "Linetype": null, "EntityHandle": "413", "Text": null }, "geometry": { "type": "LineString", "coordinates": [ [ -46.9004004, -23.1687196 ], [ -46.9000706, -23.1685175 ] ] } },
{ "type": "Feature", "properties": { "Layer": "Limite OC", "PaperSpace": null, "SubClasses": "AcDbEntity:AcDbPolyline", "Linetype": null, "EntityHandle": "41B", "Text": null }, "geometry": { "type": "LineString", "coordinates": [ [ -46.9003829, -23.1687439 ], [ -46.9000419, -23.1685349 ] ] } },
{ "type": "Feature", "properties": { "Layer": "Limite OC", "PaperSpace": null, "SubClasses": "AcDbEntity:AcDbPolyline", "Linetype": null, "EntityHandle": "423", "Text": null }, "geometry": { "type": "LineString", "coordinates": [ [ -46.900366, -23.1687673 ], [ -46.9000233, -23.1685572 ] ] } },
{ "type": "Feature", "properties": { "Layer": "Limite OC", "PaperSpace": null, "SubClasses": "AcDbEntity:AcDbPolyline", "Linetype": null, "EntityHandle": "42B", "Text": null }, "geometry": { "type": "LineString", "coordinates": [ [ -46.9003461, -23.168795 ], [ -46.9000081, -23.1685878 ] ] } },
{ "type": "Feature", "properties": { "Layer": "Limite OC", "PaperSpace": null, "SubClasses": "AcDbEntity:AcDbPolyline", "Linetype": null, "EntityHandle": "433", "Text": null }, "geometry": { "type": "LineString", "coordinates": [ [ -46.9003269, -23.1688217 ], [ -46.8999916, -23.1686162 ] ] } },
{ "type": "Feature", "properties": { "Layer": "Limite OC", "PaperSpace": null, "SubClasses": "AcDbEntity:AcDbPolyline", "Linetype": null, "EntityHandle": "43B", "Text": null }, "geometry": { "type": "LineString", "coordinates": [ [ -46.900311, -23.1688437 ], [ -46.8999767, -23.1686387 ] ] } },
{ "type": "Feature", "properties": { "Layer": "Limite OC", "PaperSpace": null, "SubClasses": "AcDbEntity:AcDbPolyline", "Linetype": null, "EntityHandle": "443", "Text": null }, "geometry": { "type": "LineString", "coordinates": [ [ -46.9002827, -23.1688828 ], [ -46.8999485, -23.168678 ] ] } },
{ "type": "Feature", "properties": { "Layer": "Limite OC", "PaperSpace": null, "SubClasses": "AcDbEntity:AcDbPolyline", "Linetype": null, "EntityHandle": "44B", "Text": null }, "geometry": { "type": "LineString", "coordinates": [ [ -46.9002565, -23.1689188 ], [ -46.8999226, -23.1687142 ] ] } },
{ "type": "Feature", "properties": { "Layer": "Limite OC", "PaperSpace": null, "SubClasses": "AcDbEntity:AcDbPolyline", "Linetype": null, "EntityHandle": "453", "Text": null }, "geometry": { "type": "LineString", "coordinates": [ [ -46.9002379, -23.1689445 ], [ -46.8999028, -23.1687391 ] ] } },
{ "type": "Feature", "properties": { "Layer": "Limite OC", "PaperSpace": null, "SubClasses": "AcDbEntity:AcDbPolyline", "Linetype": null, "EntityHandle": "45B", "Text": null }, "geometry": { "type": "LineString", "coordinates": [ [ -46.9002193, -23.1689702 ], [ -46.8998728, -23.1687578 ] ] } },
{ "type": "Feature", "properties": { "Layer": "Limite OC", "PaperSpace": null, "SubClasses": "AcDbEntity:AcDbPolyline", "Linetype": null, "EntityHandle": "463", "Text": null }, "geometry": { "type": "LineString", "coordinates": [ [ -46.9002016, -23.1689945 ], [ -46.8998575, -23.1687836 ] ] } },
{ "type": "Feature", "properties": { "Layer": "Limite OC", "PaperSpace": null, "SubClasses": "AcDbEntity:AcDbPolyline", "Linetype": null, "EntityHandle": "46B", "Text": null }, "geometry": { "type": "LineString", "coordinates": [ [ -46.9001625, -23.1690485 ], [ -46.8997936, -23.1688225 ] ] } },
{ "type": "Feature", "properties": { "Layer": "Limite OC", "PaperSpace": null, "SubClasses": "AcDbEntity:AcDbPolyline", "Linetype": null, "EntityHandle": "473", "Text": null }, "geometry": { "type": "LineString", "coordinates": [ [ -46.9001549, -23.1690591 ], [ -46.8997849, -23.1688323 ] ] } },
{ "type": "Feature", "properties": { "Layer": "Limite OC", "PaperSpace": null, "SubClasses": "AcDbEntity:AcDbPolyline", "Linetype": null, "EntityHandle": "47B", "Text": null }, "geometry": { "type": "LineString", "coordinates": [ [ -46.9001291, -23.1690946 ], [ -46.8997652, -23.1688715 ] ] } },
{ "type": "Feature", "properties": { "Layer": "Limite OC", "PaperSpace": null, "SubClasses": "AcDbEntity:AcDbPolyline", "Linetype": null, "EntityHandle": "483", "Text": null }, "geometry": { "type": "LineString", "coordinates": [ [ -46.9001111, -23.1691193 ], [ -46.8997476, -23.1688965 ] ] } },
{ "type": "Feature", "properties": { "Layer": "Limite OC", "PaperSpace": null, "SubClasses": "AcDbEntity:AcDbPolyline", "Linetype": null, "EntityHandle": "48B", "Text": null }, "geometry": { "type": "LineString", "coordinates": [ [ -46.9000936, -23.1691435 ], [ -46.8997388, -23.168926 ] ] } },
{ "type": "Feature", "properties": { "Layer": "Limite OC", "PaperSpace": null, "SubClasses": "AcDbEntity:AcDbPolyline", "Linetype": null, "EntityHandle": "493", "Text": null }, "geometry": { "type": "LineString", "coordinates": [ [ -46.9000738, -23.1691708 ], [ -46.8997206, -23.1689544 ] ] } },
{ "type": "Feature", "properties": { "Layer": "Limite OC", "PaperSpace": null, "SubClasses": "AcDbEntity:AcDbPolyline", "Linetype": null, "EntityHandle": "49B", "Text": null }, "geometry": { "type": "LineString", "coordinates": [ [ -46.9000553, -23.1691963 ], [ -46.899702, -23.1689797 ] ] } },
{ "type": "Feature", "properties": { "Layer": "Limite OC", "PaperSpace": null, "SubClasses": "AcDbEntity:AcDbPolyline", "Linetype": null, "EntityHandle": "4A3", "Text": null }, "geometry": { "type": "LineString", "coordinates": [ [ -46.900037, -23.1692216 ], [ -46.899686, -23.1690065 ] ] } },
{ "type": "Feature", "properties": { "Layer": "Limite OC", "PaperSpace": null, "SubClasses": "AcDbEntity:AcDbPolyline", "Linetype": null, "EntityHandle": "4AB", "Text": null }, "geometry": { "type": "LineString", "coordinates": [ [ -46.9000274, -23.1692348 ], [ -46.899674, -23.1690182 ] ] } },
{ "type": "Feature", "properties": { "Layer": "Limite OC", "PaperSpace": null, "SubClasses": "AcDbEntity:AcDbPolyline", "Linetype": null, "EntityHandle": "4B3", "Text": null }, "geometry": { "type": "LineString", "coordinates": [ [ -46.8999886, -23.1692883 ], [ -46.8996326, -23.16907 ] ] } },
{ "type": "Feature", "properties": { "Layer": "Limite OC", "PaperSpace": null, "SubClasses": "AcDbEntity:AcDbPolyline", "Linetype": null, "EntityHandle": "4BB", "Text": null }, "geometry": { "type": "LineString", "coordinates": [ [ -46.8999623, -23.1693246 ], [ -46.8995792, -23.1690898 ] ] } },
{ "type": "Feature", "properties": { "Layer": "Limite OC", "PaperSpace": null, "SubClasses": "AcDbEntity:AcDbPolyline", "Linetype": null, "EntityHandle": "4C3", "Text": null }, "geometry": { "type": "LineString", "coordinates": [ [ -46.8999447, -23.1693488 ], [ -46.8995662, -23.1691168 ] ] } },
{ "type": "Feature", "properties": { "Layer": "Limite OC", "PaperSpace": null, "SubClasses": "AcDbEntity:AcDbPolyline", "Linetype": null, "EntityHandle": "4CB", "Text": null }, "geometry": { "type": "LineString", "coordinates": [ [ -46.8999339, -23.1693637 ], [ -46.8995585, -23.1691336 ] ] } },
{ "type": "Feature", "properties": { "Layer": "Limite OC", "PaperSpace": null, "SubClasses": "AcDbEntity:AcDbPolyline", "Linetype": null, "EntityHandle": "4D3", "Text": null }, "geometry": { "type": "LineString", "coordinates": [ [ -46.8999071, -23.1694006 ], [ -46.8995398, -23.1691755 ] ] } },
{ "type": "Feature", "properties": { "Layer": "Limite OC", "PaperSpace": null, "SubClasses": "AcDbEntity:AcDbPolyline", "Linetype": null, "EntityHandle": "4DB", "Text": null }, "geometry": { "type": "LineString", "coordinates": [ [ -46.899893, -23.16942 ], [ -46.8995458, -23.1692072 ] ] } },
{ "type": "Feature", "properties": { "Layer": "Limite OC", "PaperSpace": null, "SubClasses": "AcDbEntity:AcDbPolyline", "Linetype": null, "EntityHandle": "4E3", "Text": null }, "geometry": { "type": "LineString", "coordinates": [ [ -46.8998627, -23.1694619 ], [ -46.8995193, -23.1692514 ] ] } },
{ "type": "Feature", "properties": { "Layer": "Limite OC", "PaperSpace": null, "SubClasses": "AcDbEntity:AcDbPolyline", "Linetype": null, "EntityHandle": "4EB", "Text": null }, "geometry": { "type": "LineString", "coordinates": [ [ -46.8998289, -23.1695085 ], [ -46.8994629, -23.1692841 ] ] } },
{ "type": "Feature", "properties": { "Layer": "Limite OC", "PaperSpace": null, "SubClasses": "AcDbEntity:AcDbPolyline", "Linetype": null, "EntityHandle": "4F3", "Text": null }, "geometry": { "type": "LineString", "coordinates": [ [ -46.8998204, -23.1695201 ], [ -46.8994768, -23.1693096 ] ] } },
{ "type": "Feature", "properties": { "Layer": "Limite OC", "PaperSpace": null, "SubClasses": "AcDbEntity:AcDbPolyline", "Linetype": null, "EntityHandle": "4FB", "Text": null }, "geometry": { "type": "LineString", "coordinates": [ [ -46.8997908, -23.169561 ], [ -46.8994473, -23.1693505 ] ] } },
{ "type": "Feature", "properties": { "Layer": "Limite OC", "PaperSpace": null, "SubClasses": "AcDbEntity:AcDbPolyline", "Linetype": null, "EntityHandle": "503", "Text": null }, "geometry": { "type": "LineString", "coordinates": [ [ -46.8997653, -23.1695962 ], [ -46.8994229, -23.1693863 ] ] } },
{ "type": "Feature", "properties": { "Layer": "Limite OC", "PaperSpace": null, "SubClasses": "AcDbEntity:AcDbPolyline", "Linetype": null, "EntityHandle": "50B", "Text": null }, "geometry": { "type": "LineString", "coordinates": [ [ -46.8997303, -23.1696445 ], [ -46.8993994, -23.1694417 ] ] } },
{ "type": "Feature", "properties": { "Layer": "Limite OC", "PaperSpace": null, "SubClasses": "AcDbEntity:AcDbPolyline", "Linetype": null, "EntityHandle": "514", "Text": null }, "geometry": { "type": "LineString", "coordinates": [ [ -46.899704, -23.1696806 ], [ -46.8993469, -23.1694618 ] ] } },
{ "type": "Feature", "properties": { "Layer": "Limite OC", "PaperSpace": null, "SubClasses": "AcDbEntity:AcDbPolyline", "Linetype": null, "EntityHandle": "51C", "Text": null }, "geometry": { "type": "LineString", "coordinates": [ [ -46.8996709, -23.1697263 ], [ -46.8993217, -23.1695123 ] ] } },
{ "type": "Feature", "properties": { "Layer": "Limite OC", "PaperSpace": null, "SubClasses": "AcDbEntity:AcDbPolyline", "Linetype": null, "EntityHandle": "524", "Text": null }, "geometry": { "type": "LineString", "coordinates": [ [ -46.8996503, -23.1697548 ], [ -46.8992932, -23.1695359 ] ] } },
{ "type": "Feature", "properties": { "Layer": "Limite OC", "PaperSpace": null, "SubClasses": "AcDbEntity:AcDbPolyline", "Linetype": null, "EntityHandle": "52C", "Text": null }, "geometry": { "type": "LineString", "coordinates": [ [ -46.8996343, -23.1697768 ], [ -46.8992772, -23.1695579 ] ] } },
{ "type": "Feature", "properties": { "Layer": "Limite OC", "PaperSpace": null, "SubClasses": "AcDbEntity:AcDbPolyline", "Linetype": null, "EntityHandle": "534", "Text": null }, "geometry": { "type": "LineString", "coordinates": [ [ -46.899618, -23.1697993 ], [ -46.8992639, -23.1695823 ] ] } },
{ "type": "Feature", "properties": { "Layer": "Limite OC", "PaperSpace": null, "SubClasses": "AcDbEntity:AcDbPolyline", "Linetype": null, "EntityHandle": "53C", "Text": null }, "geometry": { "type": "LineString", "coordinates": [ [ -46.8995994, -23.1698249 ], [ -46.8992449, -23.1696077 ] ] } },
{ "type": "Feature", "properties": { "Layer": "Limite OC", "PaperSpace": null, "SubClasses": "AcDbEntity:AcDbPolyline", "Linetype": null, "EntityHandle": "544", "Text": null }, "geometry": { "type": "LineString", "coordinates": [ [ -46.8995719, -23.1698628 ], [ -46.89921, -23.169641 ] ] } },
{ "type": "Feature", "properties": { "Layer": "Limite OC", "PaperSpace": null, "SubClasses": "AcDbEntity:AcDbPolyline", "Linetype": null, "EntityHandle": "54C", "Text": null }, "geometry": { "type": "LineString", "coordinates": [ [ -46.8995448, -23.1699001 ], [ -46.8991806, -23.1696769 ] ] } },
{ "type": "Feature", "properties": { "Layer": "Limite OC", "PaperSpace": null, "SubClasses": "AcDbEntity:AcDbPolyline", "Linetype": null, "EntityHandle": "554", "Text": null }, "geometry": { "type": "LineString", "coordinates": [ [ -46.8995259, -23.1699262 ], [ -46.8991673, -23.1697064 ] ] } },
{ "type": "Feature", "properties": { "Layer": "Limite OC", "PaperSpace": null, "SubClasses": "AcDbEntity:AcDbPolyline", "Linetype": null, "EntityHandle": "55C", "Text": null }, "geometry": { "type": "LineString", "coordinates": [ [ -46.8995078, -23.1699511 ], [ -46.8991588, -23.1697372 ] ] } },
{ "type": "Feature", "properties": { "Layer": "Limite OC", "PaperSpace": null, "SubClasses": "AcDbEntity:AcDbPolyline", "Linetype": null, "EntityHandle": "564", "Text": null }, "geometry": { "type": "LineString", "coordinates": [ [ -46.8994899, -23.1699759 ], [ -46.8991428, -23.1697632 ] ] } },
{ "type": "Feature", "properties": { "Layer": "Limite OC", "PaperSpace": null, "SubClasses": "AcDbEntity:AcDbPolyline", "Linetype": null, "EntityHandle": "56C", "Text": null }, "geometry": { "type": "LineString", "coordinates": [ [ -46.899473, -23.1699992 ], [ -46.8991132, -23.1697787 ] ] } },
{ "type": "Feature", "properties": { "Layer": "Limite OC", "PaperSpace": null, "SubClasses": "AcDbEntity:AcDbPolyline", "Linetype": null, "EntityHandle": "574", "Text": null }, "geometry": { "type": "LineString", "coordinates": [ [ -46.8994531, -23.1700266 ], [ -46.8990906, -23.1698044 ] ] } },
{ "type": "Feature", "properties": { "Layer": "Limite OC", "PaperSpace": null, "SubClasses": "AcDbEntity:AcDbPolyline", "Linetype": null, "EntityHandle": "57C", "Text": null }, "geometry": { "type": "LineString", "coordinates": [ [ -46.8994373, -23.1700484 ], [ -46.8990738, -23.1698256 ] ] } },
{ "type": "Feature", "properties": { "Layer": "Limite OC", "PaperSpace": null, "SubClasses": "AcDbEntity:AcDbPolyline", "Linetype": null, "EntityHandle": "584", "Text": null }, "geometry": { "type": "LineString", "coordinates": [ [ -46.8994182, -23.1700747 ], [ -46.8990634, -23.1698572 ] ] } },
{ "type": "Feature", "properties": { "Layer": "Limite OC", "PaperSpace": null, "SubClasses": "AcDbEntity:AcDbPolyline", "Linetype": null, "EntityHandle": "58C", "Text": null }, "geometry": { "type": "LineString", "coordinates": [ [ -46.8994007, -23.1700989 ], [ -46.8990308, -23.1698722 ] ] } },
{ "type": "Feature", "properties": { "Layer": "Limite OC", "PaperSpace": null, "SubClasses": "AcDbEntity:AcDbPolyline", "Linetype": null, "EntityHandle": "594", "Text": null }, "geometry": { "type": "LineString", "coordinates": [ [ -46.8993824, -23.1701241 ], [ -46.8990323, -23.1699095 ] ] } },
{ "type": "Feature", "properties": { "Layer": "Limite OC", "PaperSpace": null, "SubClasses": "AcDbEntity:AcDbPolyline", "Linetype": null, "EntityHandle": "59C", "Text": null }, "geometry": { "type": "LineString", "coordinates": [ [ -46.8993635, -23.1701501 ], [ -46.8989974, -23.1699257 ] ] } },
{ "type": "Feature", "properties": { "Layer": "Limite OC", "PaperSpace": null, "SubClasses": "AcDbEntity:AcDbPolyline", "Linetype": null, "EntityHandle": "5A4", "Text": null }, "geometry": { "type": "LineString", "coordinates": [ [ -46.8993434, -23.1701779 ], [ -46.8989881, -23.1699601 ] ] } },
{ "type": "Feature", "properties": { "Layer": "Limite OC", "PaperSpace": null, "SubClasses": "AcDbEntity:AcDbPolyline", "Linetype": null, "EntityHandle": "5AC", "Text": null }, "geometry": { "type": "LineString", "coordinates": [ [ -46.8993252, -23.170203 ], [ -46.8989631, -23.1699811 ] ] } },
{ "type": "Feature", "properties": { "Layer": "Limite OC", "PaperSpace": null, "SubClasses": "AcDbEntity:AcDbPolyline", "Linetype": null, "EntityHandle": "5B4", "Text": null }, "geometry": { "type": "LineString", "coordinates": [ [ -46.8993122, -23.1702208 ], [ -46.8989519, -23.17 ] ] } },
{ "type": "Feature", "properties": { "Layer": "Limite OC", "PaperSpace": null, "SubClasses": "AcDbEntity:AcDbPolyline", "Linetype": null, "EntityHandle": "5BC", "Text": null }, "geometry": { "type": "LineString", "coordinates": [ [ -46.8992907, -23.1702506 ], [ -46.898935, -23.1700326 ] ] } },
{ "type": "Feature", "properties": { "Layer": "Limite OC", "PaperSpace": null, "SubClasses": "AcDbEntity:AcDbPolyline", "Linetype": null, "EntityHandle": "5C4", "Text": null }, "geometry": { "type": "LineString", "coordinates": [ [ -46.8992754, -23.1702717 ], [ -46.8989192, -23.1700534 ] ] } },
{ "type": "Feature", "properties": { "Layer": "Limite OC", "PaperSpace": null, "SubClasses": "AcDbEntity:AcDbPolyline", "Linetype": null, "EntityHandle": "5CC", "Text": null }, "geometry": { "type": "LineString", "coordinates": [ [ -46.8992557, -23.1702988 ], [ -46.8988994, -23.1700805 ] ] } },
{ "type": "Feature", "properties": { "Layer": "Limite OC", "PaperSpace": null, "SubClasses": "AcDbEntity:AcDbPolyline", "Linetype": null, "EntityHandle": "5D4", "Text": null }, "geometry": { "type": "LineString", "coordinates": [ [ -46.8992409, -23.1703192 ], [ -46.8988818, -23.1700992 ] ] } },
{ "type": "Feature", "properties": { "Layer": "Limite OC", "PaperSpace": null, "SubClasses": "AcDbEntity:AcDbPolyline", "Linetype": null, "EntityHandle": "5DC", "Text": null }, "geometry": { "type": "LineString", "coordinates": [ [ -46.8992204, -23.1703474 ], [ -46.8988718, -23.1701338 ] ] } },
{ "type": "Feature", "properties": { "Layer": "Limite OC", "PaperSpace": null, "SubClasses": "AcDbEntity:AcDbPolyline", "Linetype": null, "EntityHandle": "5E4", "Text": null }, "geometry": { "type": "LineString", "coordinates": [ [ -46.8991982, -23.1703781 ], [ -46.8988491, -23.1701642 ] ] } },
{ "type": "Feature", "properties": { "Layer": "Limite OC", "PaperSpace": null, "SubClasses": "AcDbEntity:AcDbPolyline", "Linetype": null, "EntityHandle": "5EC", "Text": null }, "geometry": { "type": "LineString", "coordinates": [ [ -46.8991825, -23.1703997 ], [ -46.8988474, -23.1701943 ] ] } },
{ "type": "Feature", "properties": { "Layer": "Limite OC", "PaperSpace": null, "SubClasses": "AcDbEntity:AcDbPolyline", "Linetype": null, "EntityHandle": "5F4", "Text": null }, "geometry": { "type": "LineString", "coordinates": [ [ -46.8991656, -23.1704231 ], [ -46.8988283, -23.1702164 ] ] } },
{ "type": "Feature", "properties": { "Layer": "Limite OC", "PaperSpace": null, "SubClasses": "AcDbEntity:AcDbPolyline", "Linetype": null, "EntityHandle": "5FC", "Text": null }, "geometry": { "type": "LineString", "coordinates": [ [ -46.8991465, -23.1704494 ], [ -46.8988229, -23.1702511 ] ] } },
{ "type": "Feature", "properties": { "Layer": "Limite OC", "PaperSpace": null, "SubClasses": "AcDbEntity:AcDbPolyline", "Linetype": null, "EntityHandle": "604", "Text": null }, "geometry": { "type": "LineString", "coordinates": [ [ -46.8991294, -23.1704729 ], [ -46.8987879, -23.1702636 ] ] } },
{ "type": "Feature", "properties": { "Layer": "Limite OC", "PaperSpace": null, "SubClasses": "AcDbEntity:AcDbPolyline", "Linetype": null, "EntityHandle": "60C", "Text": null }, "geometry": { "type": "LineString", "coordinates": [ [ -46.8991113, -23.1704979 ], [ -46.8987683, -23.1702877 ] ] } },
{ "type": "Feature", "properties": { "Layer": "Limite OC", "PaperSpace": null, "SubClasses": "AcDbEntity:AcDbPolyline", "Linetype": null, "EntityHandle": "614", "Text": null }, "geometry": { "type": "LineString", "coordinates": [ [ -46.8990928, -23.1705234 ], [ -46.8987444, -23.1703098 ] ] } },
{ "type": "Feature", "properties": { "Layer": "Limite OC", "PaperSpace": null, "SubClasses": "AcDbEntity:AcDbPolyline", "Linetype": null, "EntityHandle": "61C", "Text": null }, "geometry": { "type": "LineString", "coordinates": [ [ -46.8990726, -23.1705512 ], [ -46.8987126, -23.1703306 ] ] } },
{ "type": "Feature", "properties": { "Layer": "Limite OC", "PaperSpace": null, "SubClasses": "AcDbEntity:AcDbPolyline", "Linetype": null, "EntityHandle": "624", "Text": null }, "geometry": { "type": "LineString", "coordinates": [ [ -46.8990567, -23.1705732 ], [ -46.8986956, -23.1703518 ] ] } },
{ "type": "Feature", "properties": { "Layer": "Limite OC", "PaperSpace": null, "SubClasses": "AcDbEntity:AcDbPolyline", "Linetype": null, "EntityHandle": "62C", "Text": null }, "geometry": { "type": "LineString", "coordinates": [ [ -46.8990436, -23.1705913 ], [ -46.898688, -23.1703733 ] ] } },
{ "type": "Feature", "properties": { "Layer": "Limite OC", "PaperSpace": null, "SubClasses": "AcDbEntity:AcDbPolyline", "Linetype": null, "EntityHandle": "634", "Text": null }, "geometry": { "type": "LineString", "coordinates": [ [ -46.8990212, -23.1706221 ], [ -46.898678, -23.1704118 ] ] } },
{ "type": "Feature", "properties": { "Layer": "Limite OC", "PaperSpace": null, "SubClasses": "AcDbEntity:AcDbPolyline", "Linetype": null, "EntityHandle": "63C", "Text": null }, "geometry": { "type": "LineString", "coordinates": [ [ -46.8989859, -23.1706708 ], [ -46.8986387, -23.170458 ] ] } },
{ "type": "Feature", "properties": { "Layer": "Limite OC", "PaperSpace": null, "SubClasses": "AcDbEntity:AcDbPolyline", "Linetype": null, "EntityHandle": "644", "Text": null }, "geometry": { "type": "LineString", "coordinates": [ [ -46.8989755, -23.1706852 ], [ -46.8986241, -23.1704699 ] ] } },
{ "type": "Feature", "properties": { "Layer": "Limite OC", "PaperSpace": null, "SubClasses": "AcDbEntity:AcDbPolyline", "Linetype": null, "EntityHandle": "64C", "Text": null }, "geometry": { "type": "LineString", "coordinates": [ [ -46.8989444, -23.170728 ], [ -46.8986006, -23.1705172 ] ] } },
{ "type": "Feature", "properties": { "Layer": "Limite OC", "PaperSpace": null, "SubClasses": "AcDbEntity:AcDbPolyline", "Linetype": null, "EntityHandle": "654", "Text": null }, "geometry": { "type": "LineString", "coordinates": [ [ -46.8989316, -23.1707456 ], [ -46.8985771, -23.1705283 ] ] } },
{ "type": "Feature", "properties": { "Layer": "Limite OC", "PaperSpace": null, "SubClasses": "AcDbEntity:AcDbPolyline", "Linetype": null, "EntityHandle": "65C", "Text": null }, "geometry": { "type": "LineString", "coordinates": [ [ -46.8989061, -23.1707808 ], [ -46.8985587, -23.1705679 ] ] } },
{ "type": "Feature", "properties": { "Layer": "Limite OC", "PaperSpace": null, "SubClasses": "AcDbEntity:AcDbPolyline", "Linetype": null, "EntityHandle": "664", "Text": null }, "geometry": { "type": "LineString", "coordinates": [ [ -46.8988125, -23.1709099 ], [ -46.8985232, -23.1707326 ] ] } },
{ "type": "Feature", "properties": { "Layer": "Limite OC", "PaperSpace": null, "SubClasses": "AcDbEntity:AcDbPolyline", "Linetype": null, "EntityHandle": "66C", "Text": null }, "geometry": { "type": "LineString", "coordinates": [ [ -46.9010239, -23.1678618 ], [ -46.9009705, -23.1679343 ], [ -46.9008455, -23.1681011 ], [ -46.9003145, -23.1688389 ], [ -46.8986805, -23.1710919 ], [ -46.8981621, -23.1718096 ] ] } },
{ "type": "Feature", "properties": { "Layer": "Guia", "PaperSpace": null, "SubClasses": "AcDbEntity:AcDbPolyline", "Linetype": null, "EntityHandle": "6E1", "Text": null }, "geometry": { "type": "LineString", "coordinates": [ [ -46.9005765, -23.1678022 ], [ -46.9005621, -23.1678209 ], [ -46.9005431, -23.1678489 ], [ -46.9005267, -23.1678721 ], [ -46.9004354, -23.168008 ], [ -46.9002242, -23.1683112 ], [ -46.8999018, -23.1687724 ], [ -46.8998596, -23.1688332 ], [ -46.8998441, -23.1688554 ], [ -46.899828, -23.168882 ], [ -46.8997972, -23.1689381 ], [ -46.8997776, -23.1689781 ], [ -46.8997368, -23.1690719 ], [ -46.8997113, -23.1691262 ], [ -46.8996774, -23.16918 ], [ -46.8996716, -23.169189 ], [ -46.8996134, -23.1692559 ], [ -46.8995871, -23.1692832 ], [ -46.8995091, -23.1693655 ], [ -46.8994732, -23.1694019 ], [ -46.8994311, -23.1694456 ], [ -46.8993669, -23.1695201 ], [ -46.8993268, -23.1695716 ], [ -46.899279, -23.1696338 ], [ -46.8991857, -23.1697568 ], [ -46.899131, -23.1698386 ], [ -46.8990941, -23.1698916 ], [ -46.8990376, -23.169972 ], [ -46.8989631, -23.1700764 ], [ -46.8988715, -23.1702055 ], [ -46.8987799, -23.170346 ], [ -46.8986938, -23.1704738 ], [ -46.8986673, -23.1705121 ], [ -46.8986495, -23.1705543 ], [ -46.8986027, -23.170666 ], [ -46.8985778, -23.1707492 ], [ -46.8985547, -23.1708256 ], [ -46.8985006, -23.1710187 ], [ -46.898474, -23.1710875 ], [ -46.8984609, -23.1711214 ], [ -46.8984357, -23.171175 ] ] } },
{ "type": "Feature", "properties": { "Layer": "Calçada", "PaperSpace": null, "SubClasses": "AcDbEntity:AcDbPolyline", "Linetype": null, "EntityHandle": "70A", "Text": null }, "geometry": { "type": "LineString", "coordinates": [ [ -46.9007354, -23.167864 ], [ -46.9008066, -23.1679076 ], [ -46.900808, -23.167898 ], [ -46.900801, -23.1678789 ], [ -46.9007877, -23.1678609 ], [ -46.9007746, -23.1678503 ], [ -46.9007623, -23.1678446 ], [ -46.9007546, -23.1678438 ], [ -46.9007502, -23.1678432 ], [ -46.9007354, -23.167864 ] ] } },
{ "type": "Feature", "properties": { "Layer": "Edificações", "PaperSpace": null, "SubClasses": "AcDbEntity:AcDbPolyline", "Linetype": null, "EntityHandle": "716", "Text": null }, "geometry": { "type": "LineString", "coordinates": [ [ -46.9006979, -23.1679164 ], [ -46.9007167, -23.1678901 ], [ -46.9007892, -23.1679345 ], [ -46.9007705, -23.167961 ], [ -46.9006979, -23.1679164 ] ] } },
{ "type": "Feature", "properties": { "Layer": "Edificações", "PaperSpace": null, "SubClasses": "AcDbEntity:AcDbPolyline", "Linetype": null, "EntityHandle": "717", "Text": null }, "geometry": { "type": "LineString", "coordinates": [ [ -46.9007167, -23.1678901 ], [ -46.9007354, -23.167864 ], [ -46.9008066, -23.1679076 ], [ -46.9008078, -23.1679083 ], [ -46.9007892, -23.1679345 ], [ -46.9007167, -23.1678901 ] ] } },
{ "type": "Feature", "properties": { "Layer": "Edificações", "PaperSpace": null, "SubClasses": "AcDbEntity:AcDbPolyline", "Linetype": null, "EntityHandle": "71D", "Text": null }, "geometry": { "type": "LineString", "coordinates": [ [ -46.9006979, -23.1679164 ], [ -46.9007466, -23.1679463 ], [ -46.9007277, -23.1679726 ], [ -46.900679, -23.1679428 ], [ -46.9006979, -23.1679164 ] ] } },
{ "type": "Feature", "properties": { "Layer": "Edificações", "PaperSpace": null, "SubClasses": "AcDbEntity:AcDbPolyline", "Linetype": null, "EntityHandle": "726", "Text": null }, "geometry": { "type": "LineString", "coordinates": [ [ -46.9006602, -23.1679691 ], [ -46.900679, -23.1679428 ], [ -46.9007277, -23.1679726 ], [ -46.9007713, -23.1679993 ], [ -46.9007553, -23.1680205 ], [ -46.9007783, -23.1680352 ], [ -46.9007743, -23.1680391 ], [ -46.9006602, -23.1679691 ] ] } },
{ "type": "Feature", "properties": { "Layer": "Calçada", "PaperSpace": null, "SubClasses": "AcDbEntity:AcDbPolyline", "Linetype": null, "EntityHandle": "747", "Text": null }, "geometry": { "type": "LineString", "coordinates": [ [ -46.9007502, -23.1678432 ], [ -46.9007546, -23.1678438 ], [ -46.9007623, -23.1678446 ], [ -46.9007746, -23.1678503 ], [ -46.9007877, -23.1678609 ], [ -46.900801, -23.1678789 ], [ -46.900808, -23.167898 ], [ -46.9008066, -23.1679076 ], [ -46.9007354, -23.167864 ], [ -46.9007502, -23.1678432 ] ] } },
{ "type": "Feature", "properties": { "Layer": "Edificações", "PaperSpace": null, "SubClasses": "AcDbEntity:AcDbPolyline", "Linetype": null, "EntityHandle": "786", "Text": null }, "geometry": { "type": "LineString", "coordinates": [ [ -46.9006413, -23.1679955 ], [ -46.9006602, -23.1679691 ], [ -46.9007743, -23.1680391 ], [ -46.9007806, -23.168043 ], [ -46.9007604, -23.1680685 ], [ -46.9006413, -23.1679955 ] ] } },
{ "type": "Feature", "properties": { "Layer": "Edificações", "PaperSpace": null, "SubClasses": "AcDbEntity:AcDbPolyline", "Linetype": null, "EntityHandle": "795", "Text": null }, "geometry": { "type": "LineString", "coordinates": [ [ -46.9007309, -23.1681048 ], [ -46.9007253, -23.1681134 ], [ -46.9007144, -23.1681058 ], [ -46.9007194, -23.1680983 ], [ -46.9007309, -23.1681048 ] ] } },
{ "type": "Feature", "properties": { "Layer": "Edificações", "PaperSpace": null, "SubClasses": "AcDbEntity:AcDbPolyline", "Linetype": null, "EntityHandle": "81E", "Text": null }, "geometry": { "type": "LineString", "coordinates": [ [ -46.9005695, -23.1680958 ], [ -46.9005965, -23.1680582 ], [ -46.9007006, -23.168122 ], [ -46.900689, -23.1681377 ], [ -46.9006435, -23.1681124 ], [ -46.9006286, -23.168132 ], [ -46.9005695, -23.1680958 ] ] } },
{ "type": "Feature", "properties": { "Layer": "Edificações", "PaperSpace": null, "SubClasses": "AcDbEntity:AcDbPolyline", "Linetype": null, "EntityHandle": "81F", "Text": null }, "geometry": { "type": "LineString", "coordinates": [ [ -46.9007144, -23.1681058 ], [ -46.9007194, -23.1680983 ], [ -46.9007309, -23.1681048 ], [ -46.9007253, -23.1681134 ], [ -46.9007144, -23.1681058 ] ] } },
{ "type": "Feature", "properties": { "Layer": "Edificações", "PaperSpace": null, "SubClasses": "AcDbEntity:AcDbPolyline", "Linetype": null, "EntityHandle": "820", "Text": null }, "geometry": { "type": "LineString", "coordinates": [ [ -46.9006036, -23.1680482 ], [ -46.9006224, -23.1680219 ], [ -46.9006964, -23.1680672 ], [ -46.9006784, -23.1680941 ], [ -46.9006036, -23.1680482 ] ] } },
{ "type": "Feature", "properties": { "Layer": "Edificações", "PaperSpace": null, "SubClasses": "AcDbEntity:AcDbPolyline", "Linetype": null, "EntityHandle": "821", "Text": null }, "geometry": { "type": "LineString", "coordinates": [ [ -46.9006224, -23.1680219 ], [ -46.9006413, -23.1679955 ], [ -46.9007604, -23.1680685 ], [ -46.9007632, -23.1680702 ], [ -46.9007427, -23.1680956 ], [ -46.9006224, -23.1680219 ] ] } },
{ "type": "Feature", "properties": { "Layer": "Edificações", "PaperSpace": null, "SubClasses": "AcDbEntity:AcDbPolyline", "Linetype": null, "EntityHandle": "822", "Text": null }, "geometry": { "type": "LineString", "coordinates": [ [ -46.9007632, -23.1680702 ], [ -46.9007795, -23.1680802 ], [ -46.9007606, -23.1681029 ], [ -46.9007449, -23.1680928 ], [ -46.9007632, -23.1680702 ] ] } },
{ "type": "Feature", "properties": { "Layer": "Edificações", "PaperSpace": null, "SubClasses": "AcDbEntity:AcDbPolyline", "Linetype": null, "EntityHandle": "830", "Text": null }, "geometry": { "type": "LineString", "coordinates": [ [ -46.9005163, -23.1681702 ], [ -46.9005352, -23.1681438 ], [ -46.900645, -23.1682112 ], [ -46.9006264, -23.1682377 ], [ -46.9005163, -23.1681702 ] ] } },
{ "type": "Feature", "properties": { "Layer": "Edificações", "PaperSpace": null, "SubClasses": "AcDbEntity:AcDbPolyline", "Linetype": null, "EntityHandle": "831", "Text": null }, "geometry": { "type": "LineString", "coordinates": [ [ -46.9005352, -23.1681438 ], [ -46.900554, -23.1681175 ], [ -46.9006636, -23.1681847 ], [ -46.900645, -23.1682112 ], [ -46.9005352, -23.1681438 ] ] } },
{ "type": "Feature", "properties": { "Layer": "Edificações", "PaperSpace": null, "SubClasses": "AcDbEntity:AcDbPolyline", "Linetype": null, "EntityHandle": "832", "Text": null }, "geometry": { "type": "LineString", "coordinates": [ [ -46.900554, -23.1681175 ], [ -46.9005695, -23.1680958 ], [ -46.9006286, -23.168132 ], [ -46.9006789, -23.1681629 ], [ -46.9006636, -23.1681847 ], [ -46.900554, -23.1681175 ] ] } },
{ "type": "Feature", "properties": { "Layer": "Edificações", "PaperSpace": null, "SubClasses": "AcDbEntity:AcDbPolyline", "Linetype": null, "EntityHandle": "84D", "Text": null }, "geometry": { "type": "LineString", "coordinates": [ [ -46.900466, -23.1682404 ], [ -46.900472, -23.1682448 ], [ -46.9004707, -23.1682464 ], [ -46.9004879, -23.1682571 ], [ -46.9004683, -23.1682845 ], [ -46.9004448, -23.1682701 ], [ -46.900466, -23.1682404 ] ] } },
{ "type": "Feature", "properties": { "Layer": "Edificações", "PaperSpace": null, "SubClasses": "AcDbEntity:AcDbPolyline", "Linetype": null, "EntityHandle": "84E", "Text": null }, "geometry": { "type": "LineString", "coordinates": [ [ -46.9004707, -23.168234 ], [ -46.9004786, -23.1682229 ], [ -46.9005054, -23.1682393 ], [ -46.9004987, -23.1682511 ], [ -46.9004707, -23.168234 ] ] } },
{ "type": "Feature", "properties": { "Layer": "Edificações", "PaperSpace": null, "SubClasses": "AcDbEntity:AcDbPolyline", "Linetype": null, "EntityHandle": "84F", "Text": null }, "geometry": { "type": "LineString", "coordinates": [ [ -46.9004786, -23.1682229 ], [ -46.9004974, -23.1681966 ], [ -46.9006217, -23.1682727 ], [ -46.9006026, -23.1682989 ], [ -46.9004786, -23.1682229 ] ] } },
{ "type": "Feature", "properties": { "Layer": "Edificações", "PaperSpace": null, "SubClasses": "AcDbEntity:AcDbPolyline", "Linetype": null, "EntityHandle": "850", "Text": null }, "geometry": { "type": "LineString", "coordinates": [ [ -46.9004974, -23.1681966 ], [ -46.9005163, -23.1681702 ], [ -46.9005606, -23.1681974 ], [ -46.9005431, -23.1682245 ], [ -46.9004974, -23.1681966 ] ] } },
{ "type": "Feature", "properties": { "Layer": "Edificações", "PaperSpace": null, "SubClasses": "AcDbEntity:AcDbPolyline", "Linetype": null, "EntityHandle": "851", "Text": null }, "geometry": { "type": "LineString", "coordinates": [ [ -46.9005371, -23.1684024 ], [ -46.9005691, -23.168422 ], [ -46.9005911, -23.1683976 ], [ -46.9005583, -23.1683774 ], [ -46.9005371, -23.1684024 ] ] } },
{ "type": "Feature", "properties": { "Layer": "Edificações", "PaperSpace": null, "SubClasses": "AcDbEntity:AcDbPolyline", "Linetype": null, "EntityHandle": "852", "Text": null }, "geometry": { "type": "LineString", "coordinates": [ [ -46.9005639, -23.1683809 ], [ -46.9006006, -23.1684034 ], [ -46.9006236, -23.1683797 ], [ -46.9005877, -23.1683577 ], [ -46.9005639, -23.1683809 ] ] } },
{ "type": "Feature", "properties": { "Layer": "Edificações", "PaperSpace": null, "SubClasses": "AcDbEntity:AcDbPolyline", "Linetype": null, "EntityHandle": "85B", "Text": null }, "geometry": { "type": "LineString", "coordinates": [ [ -46.9005583, -23.1683774 ], [ -46.9005911, -23.1683976 ], [ -46.9005691, -23.168422 ], [ -46.9005371, -23.1684024 ], [ -46.9005583, -23.1683774 ] ] } },
{ "type": "Feature", "properties": { "Layer": "Edificações", "PaperSpace": null, "SubClasses": "AcDbEntity:AcDbPolyline", "Linetype": null, "EntityHandle": "85C", "Text": null }, "geometry": { "type": "LineString", "coordinates": [ [ -46.9005877, -23.1683577 ], [ -46.9006236, -23.1683797 ], [ -46.9006006, -23.1684034 ], [ -46.9005639, -23.1683809 ], [ -46.9005877, -23.1683577 ] ] } },
{ "type": "Feature", "properties": { "Layer": "Edificações", "PaperSpace": null, "SubClasses": "AcDbEntity:AcDbPolyline", "Linetype": null, "EntityHandle": "874", "Text": null }, "geometry": { "type": "LineString", "coordinates": [ [ -46.9004829, -23.1683692 ], [ -46.9005042, -23.1683822 ], [ -46.9004859, -23.1684063 ], [ -46.9004664, -23.1683943 ], [ -46.9004829, -23.1683692 ] ] } },
{ "type": "Feature", "properties": { "Layer": "Edificações", "PaperSpace": null, "SubClasses": "AcDbEntity:AcDbPolyline", "Linetype": null, "EntityHandle": "875", "Text": null }, "geometry": { "type": "LineString", "coordinates": [ [ -46.9003708, -23.1683736 ], [ -46.9003896, -23.1683472 ], [ -46.9004414, -23.1683789 ], [ -46.9004238, -23.1684061 ], [ -46.9003708, -23.1683736 ] ] } },
{ "type": "Feature", "properties": { "Layer": "Edificações", "PaperSpace": null, "SubClasses": "AcDbEntity:AcDbPolyline", "Linetype": null, "EntityHandle": "876", "Text": null }, "geometry": { "type": "LineString", "coordinates": [ [ -46.9003896, -23.1683472 ], [ -46.9004072, -23.1683227 ], [ -46.900463, -23.1683569 ], [ -46.9004478, -23.1683785 ], [ -46.9004429, -23.1683747 ], [ -46.9004404, -23.1683783 ], [ -46.9003896, -23.1683472 ] ] } },
{ "type": "Feature", "properties": { "Layer": "Edificações", "PaperSpace": null, "SubClasses": "AcDbEntity:AcDbPolyline", "Linetype": null, "EntityHandle": "877", "Text": null }, "geometry": { "type": "LineString", "coordinates": [ [ -46.9004072, -23.1683227 ], [ -46.900426, -23.1682964 ], [ -46.9004691, -23.1683228 ], [ -46.9004506, -23.1683494 ], [ -46.9004072, -23.1683227 ] ] } },
{ "type": "Feature", "properties": { "Layer": "Edificações", "PaperSpace": null, "SubClasses": "AcDbEntity:AcDbPolyline", "Linetype": null, "EntityHandle": "878", "Text": null }, "geometry": { "type": "LineString", "coordinates": [ [ -46.900426, -23.1682964 ], [ -46.9004448, -23.1682701 ], [ -46.9004683, -23.1682845 ], [ -46.9005311, -23.168323 ], [ -46.9005129, -23.1683496 ], [ -46.900426, -23.1682964 ] ] } },
{ "type": "Feature", "properties": { "Layer": "Edificações", "PaperSpace": null, "SubClasses": "AcDbEntity:AcDbPolyline", "Linetype": null, "EntityHandle": "8B6", "Text": null }, "geometry": { "type": "LineString", "coordinates": [ [ -46.9002371, -23.1686195 ], [ -46.9002475, -23.1686085 ], [ -46.9003004, -23.1686409 ], [ -46.9002918, -23.1686531 ], [ -46.9002371, -23.1686195 ] ] } },
{ "type": "Feature", "properties": { "Layer": "Edificações", "PaperSpace": null, "SubClasses": "AcDbEntity:AcDbPolyline", "Linetype": null, "EntityHandle": "8B8", "Text": null }, "geometry": { "type": "LineString", "coordinates": [ [ -46.9001903, -23.1686259 ], [ -46.9002077, -23.1686015 ], [ -46.9002181, -23.1686079 ], [ -46.9002111, -23.1686166 ], [ -46.9002299, -23.1686292 ], [ -46.90022, -23.1686442 ], [ -46.9001903, -23.1686259 ] ] } },
{ "type": "Feature", "properties": { "Layer": "Edificações", "PaperSpace": null, "SubClasses": "AcDbEntity:AcDbPolyline", "Linetype": null, "EntityHandle": "8B9", "Text": null }, "geometry": { "type": "LineString", "coordinates": [ [ -46.9001735, -23.1686493 ], [ -46.9001903, -23.1686259 ], [ -46.9002245, -23.1686469 ], [ -46.900208, -23.1686705 ], [ -46.9001735, -23.1686493 ] ] } },
{ "type": "Feature", "properties": { "Layer": "Edificações", "PaperSpace": null, "SubClasses": "AcDbEntity:AcDbPolyline", "Linetype": null, "EntityHandle": "8BA", "Text": null }, "geometry": { "type": "LineString", "coordinates": [ [ -46.9001922, -23.1687006 ], [ -46.9002116, -23.1686726 ], [ -46.9002551, -23.1686993 ], [ -46.9002329, -23.1687256 ], [ -46.9001922, -23.1687006 ] ] } },
{ "type": "Feature", "properties": { "Layer": "Edificações", "PaperSpace": null, "SubClasses": "AcDbEntity:AcDbPolyline", "Linetype": null, "EntityHandle": "8EC", "Text": null }, "geometry": { "type": "LineString", "coordinates": [ [ -46.9003145, -23.1684522 ], [ -46.9003339, -23.1684252 ], [ -46.9004361, -23.1684878 ], [ -46.9004163, -23.1685146 ], [ -46.9003145, -23.1684522 ] ] } },
{ "type": "Feature", "properties": { "Layer": "Edificações", "PaperSpace": null, "SubClasses": "AcDbEntity:AcDbPolyline", "Linetype": null, "EntityHandle": "8ED", "Text": null }, "geometry": { "type": "LineString", "coordinates": [ [ -46.9002957, -23.1684786 ], [ -46.9003145, -23.1684522 ], [ -46.9004163, -23.1685146 ], [ -46.900397, -23.1685407 ], [ -46.9002957, -23.1684786 ] ] } },
{ "type": "Feature", "properties": { "Layer": "Edificações", "PaperSpace": null, "SubClasses": "AcDbEntity:AcDbPolyline", "Linetype": null, "EntityHandle": "8EE", "Text": null }, "geometry": { "type": "LineString", "coordinates": [ [ -46.9002797, -23.1685009 ], [ -46.9002957, -23.1684786 ], [ -46.9003513, -23.1685126 ], [ -46.9003334, -23.1685338 ], [ -46.9002797, -23.1685009 ] ] } },
{ "type": "Feature", "properties": { "Layer": "Edificações", "PaperSpace": null, "SubClasses": "AcDbEntity:AcDbPolyline", "Linetype": null, "EntityHandle": "8EF", "Text": null }, "geometry": { "type": "LineString", "coordinates": [ [ -46.9003274, -23.1685301 ], [ -46.9003607, -23.1685505 ], [ -46.9003418, -23.1685744 ], [ -46.9003098, -23.1685548 ], [ -46.9003274, -23.1685301 ] ] } },
{ "type": "Feature", "properties": { "Layer": "Edificações", "PaperSpace": null, "SubClasses": "AcDbEntity:AcDbPolyline", "Linetype": null, "EntityHandle": "8F0", "Text": null }, "geometry": { "type": "LineString", "coordinates": [ [ -46.9002433, -23.1685518 ], [ -46.9002621, -23.1685255 ], [ -46.9003578, -23.1685842 ], [ -46.9003371, -23.1686093 ], [ -46.9002433, -23.1685518 ] ] } },
{ "type": "Feature", "properties": { "Layer": "Edificações", "PaperSpace": null, "SubClasses": "AcDbEntity:AcDbPolyline", "Linetype": null, "EntityHandle": "91F", "Text": null }, "geometry": { "type": "LineString", "coordinates": [ [ -46.900426, -23.1682964 ], [ -46.9004448, -23.1682701 ], [ -46.9004683, -23.1682845 ], [ -46.9005311, -23.168323 ], [ -46.9005129, -23.1683496 ], [ -46.900426, -23.1682964 ] ] } },
{ "type": "Feature", "properties": { "Layer": "Edificações", "PaperSpace": null, "SubClasses": "AcDbEntity:AcDbPolyline", "Linetype": null, "EntityHandle": "920", "Text": null }, "geometry": { "type": "LineString", "coordinates": [ [ -46.9005639, -23.1683809 ], [ -46.9005877, -23.1683577 ], [ -46.9006236, -23.1683797 ], [ -46.9006006, -23.1684034 ], [ -46.9005639, -23.1683809 ] ] } },
{ "type": "Feature", "properties": { "Layer": "Edificações", "PaperSpace": null, "SubClasses": "AcDbEntity:AcDbPolyline", "Linetype": null, "EntityHandle": "921", "Text": null }, "geometry": { "type": "LineString", "coordinates": [ [ -46.9005583, -23.1683774 ], [ -46.9005911, -23.1683976 ], [ -46.9005691, -23.168422 ], [ -46.9005371, -23.1684024 ], [ -46.9005583, -23.1683774 ] ] } },
{ "type": "Feature", "properties": { "Layer": "Edificações", "PaperSpace": null, "SubClasses": "AcDbEntity:AcDbPolyline", "Linetype": null, "EntityHandle": "922", "Text": null }, "geometry": { "type": "LineString", "coordinates": [ [ -46.9004829, -23.1683692 ], [ -46.9005042, -23.1683822 ], [ -46.9004859, -23.1684063 ], [ -46.9004664, -23.1683943 ], [ -46.9004829, -23.1683692 ] ] } },
{ "type": "Feature", "properties": { "Layer": "Edificações", "PaperSpace": null, "SubClasses": "AcDbEntity:AcDbPolyline", "Linetype": null, "EntityHandle": "923", "Text": null }, "geometry": { "type": "LineString", "coordinates": [ [ -46.9004072, -23.1683227 ], [ -46.900426, -23.1682964 ], [ -46.9004691, -23.1683228 ], [ -46.9004506, -23.1683494 ], [ -46.9004072, -23.1683227 ] ] } },
{ "type": "Feature", "properties": { "Layer": "Edificações", "PaperSpace": null, "SubClasses": "AcDbEntity:AcDbPolyline", "Linetype": null, "EntityHandle": "924", "Text": null }, "geometry": { "type": "LineString", "coordinates": [ [ -46.9003896, -23.1683472 ], [ -46.9004072, -23.1683227 ], [ -46.9004506, -23.1683494 ], [ -46.900463, -23.1683569 ], [ -46.9004478, -23.1683785 ], [ -46.9004429, -23.1683747 ], [ -46.9004404, -23.1683783 ], [ -46.9003896, -23.1683472 ] ] } },
{ "type": "Feature", "properties": { "Layer": "Edificações", "PaperSpace": null, "SubClasses": "AcDbEntity:AcDbPolyline", "Linetype": null, "EntityHandle": "925", "Text": null }, "geometry": { "type": "LineString", "coordinates": [ [ -46.9003896, -23.1683472 ], [ -46.9004404, -23.1683783 ], [ -46.9004414, -23.1683789 ], [ -46.9004238, -23.1684061 ], [ -46.9003708, -23.1683736 ], [ -46.9003896, -23.1683472 ] ] } },
{ "type": "Feature", "properties": { "Layer": "Edificações", "PaperSpace": null, "SubClasses": "AcDbEntity:AcDbPolyline", "Linetype": null, "EntityHandle": "926", "Text": null }, "geometry": { "type": "LineString", "coordinates": [ [ -46.9003533, -23.1683981 ], [ -46.9003708, -23.1683736 ], [ -46.9004238, -23.1684061 ], [ -46.9004664, -23.1684322 ], [ -46.9004492, -23.1684569 ], [ -46.9003533, -23.1683981 ] ] } },
{ "type": "Feature", "properties": { "Layer": "Edificações", "PaperSpace": null, "SubClasses": "AcDbEntity:AcDbPolyline", "Linetype": null, "EntityHandle": "931", "Text": null }, "geometry": { "type": "LineString", "coordinates": [ [ -46.9004707, -23.168234 ], [ -46.9004786, -23.1682229 ], [ -46.9005054, -23.1682393 ], [ -46.9004987, -23.1682511 ], [ -46.9004707, -23.168234 ] ] } },
{ "type": "Feature", "properties": { "Layer": "Edificações", "PaperSpace": null, "SubClasses": "AcDbEntity:AcDbPolyline", "Linetype": null, "EntityHandle": "932", "Text": null }, "geometry": { "type": "LineString", "coordinates": [ [ -46.900466, -23.1682404 ], [ -46.900472, -23.1682448 ], [ -46.9004707, -23.1682464 ], [ -46.9004879, -23.1682571 ], [ -46.9004683, -23.1682845 ], [ -46.9004448, -23.1682701 ], [ -46.900466, -23.1682404 ] ] } },
{ "type": "Feature", "properties": { "Layer": "Edificações", "PaperSpace": null, "SubClasses": "AcDbEntity:AcDbPolyline", "Linetype": null, "EntityHandle": "953", "Text": null }, "geometry": { "type": "LineString", "coordinates": [ [ -46.9002085, -23.1687106 ], [ -46.9002329, -23.1687256 ], [ -46.9002439, -23.1687323 ], [ -46.9002254, -23.1687595 ], [ -46.9001901, -23.1687379 ], [ -46.9002085, -23.1687106 ] ] } },
{ "type": "Feature", "properties": { "Layer": "Edificações", "PaperSpace": null, "SubClasses": "AcDbEntity:AcDbPolyline", "Linetype": null, "EntityHandle": "954", "Text": null }, "geometry": { "type": "LineString", "coordinates": [ [ -46.9001345, -23.1687038 ], [ -46.9001537, -23.168677 ], [ -46.9002085, -23.1687106 ], [ -46.9001901, -23.1687379 ], [ -46.9001345, -23.1687038 ] ] } },
{ "type": "Feature", "properties": { "Layer": "Edificações", "PaperSpace": null, "SubClasses": "AcDbEntity:AcDbPolyline", "Linetype": null, "EntityHandle": "955", "Text": null }, "geometry": { "type": "LineString", "coordinates": [ [ -46.9001188, -23.1687258 ], [ -46.9001345, -23.1687038 ], [ -46.9002146, -23.1687529 ], [ -46.900198, -23.1687744 ], [ -46.9001188, -23.1687258 ] ] } },
{ "type": "Feature", "properties": { "Layer": "Edificações", "PaperSpace": null, "SubClasses": "AcDbEntity:AcDbPolyline", "Linetype": null, "EntityHandle": "956", "Text": null }, "geometry": { "type": "LineString", "coordinates": [ [ -46.9001188, -23.1687258 ], [ -46.900198, -23.1687744 ], [ -46.9001683, -23.1688127 ], [ -46.9000907, -23.1687651 ], [ -46.9001188, -23.1687258 ] ] } },
{ "type": "Feature", "properties": { "Layer": "Edificações", "PaperSpace": null, "SubClasses": "AcDbEntity:AcDbPolyline", "Linetype": null, "EntityHandle": "993", "Text": null }, "geometry": { "type": "LineString", "coordinates": [ [ -46.8989379, -23.1707389 ], [ -46.8989259, -23.1707547 ], [ -46.8989455, -23.1707664 ], [ -46.8989574, -23.1707497 ], [ -46.8989379, -23.1707389 ] ] } },
{ "type": "Feature", "properties": { "Layer": "Edificações", "PaperSpace": null, "SubClasses": "AcDbEntity:AcDbPolyline", "Linetype": null, "EntityHandle": "99D", "Text": null }, "geometry": { "type": "LineString", "coordinates": [ [ -46.898592, -23.1708401 ], [ -46.898611, -23.1708485 ], [ -46.8986033, -23.1708641 ], [ -46.8986282, -23.1708701 ], [ -46.8986341, -23.1708565 ], [ -46.8986535, -23.1708643 ], [ -46.898645, -23.1708855 ], [ -46.8985819, -23.1708695 ], [ -46.898592, -23.1708401 ] ] } },
{ "type": "Feature", "properties": { "Layer": "Edificações", "PaperSpace": null, "SubClasses": "AcDbEntity:AcDbPolyline", "Linetype": null, "EntityHandle": "9A3", "Text": null }, "geometry": { "type": "LineString", "coordinates": [ [ -46.8984963, -23.171078 ], [ -46.8985037, -23.1710807 ], [ -46.898493, -23.1711074 ], [ -46.8984849, -23.1711051 ], [ -46.8984963, -23.171078 ] ] } },
{ "type": "Feature", "properties": { "Layer": "Edificações", "PaperSpace": null, "SubClasses": "AcDbEntity:AcDbPolyline", "Linetype": null, "EntityHandle": "9BE", "Text": null }, "geometry": { "type": "LineString", "coordinates": [ [ -46.8986191, -23.170742 ], [ -46.8986104, -23.1707378 ], [ -46.8986336, -23.1707049 ], [ -46.8986254, -23.1707004 ], [ -46.8986326, -23.1706918 ], [ -46.8986872, -23.1707216 ], [ -46.8987273, -23.1706712 ], [ -46.8987599, -23.1706912 ], [ -46.8987208, -23.1707447 ], [ -46.8987372, -23.170757 ], [ -46.8987252, -23.1707717 ], [ -46.8987235, -23.1707713 ], [ -46.8987059, -23.1707949 ], [ -46.8986995, -23.1707908 ], [ -46.8986749, -23.1708256 ], [ -46.8985933, -23.1707756 ], [ -46.8986191, -23.170742 ] ] } },
{ "type": "Feature", "properties": { "Layer": "Edificações", "PaperSpace": null, "SubClasses": "AcDbEntity:AcDbPolyline", "Linetype": null, "EntityHandle": "9CB", "Text": null }, "geometry": { "type": "LineString", "coordinates": [ [ -46.8987541, -23.1706376 ], [ -46.8987528, -23.1706368 ], [ -46.8987531, -23.1706362 ], [ -46.8987818, -23.1706538 ], [ -46.8987563, -23.170689 ], [ -46.8987273, -23.1706712 ], [ -46.8987541, -23.1706376 ] ] } },
{ "type": "Feature", "properties": { "Layer": "Edificações", "PaperSpace": null, "SubClasses": "AcDbEntity:AcDbPolyline", "Linetype": null, "EntityHandle": "9CC", "Text": null }, "geometry": { "type": "LineString", "coordinates": [ [ -46.8987531, -23.1706362 ], [ -46.8987577, -23.1706284 ], [ -46.8987444, -23.1706205 ], [ -46.8987524, -23.1706102 ], [ -46.8987947, -23.1706362 ], [ -46.8987818, -23.1706538 ], [ -46.8987531, -23.1706362 ] ] } },
{ "type": "Feature", "properties": { "Layer": "Edificações", "PaperSpace": null, "SubClasses": "AcDbEntity:AcDbPolyline", "Linetype": null, "EntityHandle": "9DD", "Text": null }, "geometry": { "type": "LineString", "coordinates": [ [ -46.8987663, -23.170557 ], [ -46.8988168, -23.1705879 ], [ -46.8988167, -23.170588 ], [ -46.8988207, -23.1705907 ], [ -46.8987881, -23.1706322 ], [ -46.8987524, -23.1706102 ], [ -46.8987152, -23.1705875 ], [ -46.898716, -23.1705862 ], [ -46.8987367, -23.1705997 ], [ -46.8987663, -23.170557 ] ] } },
{ "type": "Feature", "properties": { "Layer": "Edificações", "PaperSpace": null, "SubClasses": "AcDbEntity:AcDbPolyline", "Linetype": null, "EntityHandle": "9DE", "Text": null }, "geometry": { "type": "LineString", "coordinates": [ [ -46.8986724, -23.1705868 ], [ -46.8986518, -23.1705739 ], [ -46.8986585, -23.1705527 ], [ -46.8987152, -23.1705875 ], [ -46.8987079, -23.1705989 ], [ -46.8987577, -23.1706284 ], [ -46.8987531, -23.1706362 ], [ -46.8986724, -23.1705868 ] ] } },
{ "type": "Feature", "properties": { "Layer": "Edificações", "PaperSpace": null, "SubClasses": "AcDbEntity:AcDbPolyline", "Linetype": null, "EntityHandle": "A65", "Text": null }, "geometry": { "type": "LineString", "coordinates": [ [ -46.8989376, -23.1703554 ], [ -46.898977, -23.1703796 ], [ -46.8989596, -23.1704049 ], [ -46.8989198, -23.1703806 ], [ -46.8989376, -23.1703554 ] ] } },
{ "type": "Feature", "properties": { "Layer": "Edificações", "PaperSpace": null, "SubClasses": "AcDbEntity:AcDbPolyline", "Linetype": null, "EntityHandle": "A66", "Text": null }, "geometry": { "type": "LineString", "coordinates": [ [ -46.8989198, -23.1703806 ], [ -46.8989596, -23.1704049 ], [ -46.8989417, -23.1704308 ], [ -46.8989016, -23.1704062 ], [ -46.8989198, -23.1703806 ] ] } },
{ "type": "Feature", "properties": { "Layer": "Edificações", "PaperSpace": null, "SubClasses": "AcDbEntity:AcDbPolyline", "Linetype": null, "EntityHandle": "A67", "Text": null }, "geometry": { "type": "LineString", "coordinates": [ [ -46.8987765, -23.1705424 ], [ -46.8988383, -23.1705803 ], [ -46.8988346, -23.170585 ], [ -46.8988238, -23.1705786 ], [ -46.8988168, -23.1705879 ], [ -46.8987663, -23.170557 ], [ -46.8987765, -23.1705424 ] ] } },
{ "type": "Feature", "properties": { "Layer": "Edificações", "PaperSpace": null, "SubClasses": "AcDbEntity:AcDbPolyline", "Linetype": null, "EntityHandle": "A68", "Text": null }, "geometry": { "type": "LineString", "coordinates": [ [ -46.8988108, -23.1704931 ], [ -46.8988726, -23.170531 ], [ -46.8988385, -23.1705804 ], [ -46.8987765, -23.1705424 ], [ -46.8988108, -23.1704931 ] ] } },
{ "type": "Feature", "properties": { "Layer": "Edificações", "PaperSpace": null, "SubClasses": "AcDbEntity:AcDbPolyline", "Linetype": null, "EntityHandle": "A69", "Text": null }, "geometry": { "type": "LineString", "coordinates": [ [ -46.8988325, -23.1704619 ], [ -46.8988942, -23.1704997 ], [ -46.8988726, -23.170531 ], [ -46.8988108, -23.1704931 ], [ -46.8988325, -23.1704619 ] ] } },
{ "type": "Feature", "properties": { "Layer": "Edificações", "PaperSpace": null, "SubClasses": "AcDbEntity:AcDbPolyline", "Linetype": null, "EntityHandle": "A6A", "Text": null }, "geometry": { "type": "LineString", "coordinates": [ [ -46.8988325, -23.1704619 ], [ -46.8988331, -23.1704611 ], [ -46.8987759, -23.1704272 ], [ -46.8987482, -23.1704102 ], [ -46.8987608, -23.1703918 ], [ -46.8989068, -23.1704813 ], [ -46.8988942, -23.1704997 ], [ -46.8988325, -23.1704619 ] ] } },
{ "type": "Feature", "properties": { "Layer": "Edificações", "PaperSpace": null, "SubClasses": "AcDbEntity:AcDbPolyline", "Linetype": null, "EntityHandle": "A6B", "Text": null }, "geometry": { "type": "LineString", "coordinates": [ [ -46.8989016, -23.1704062 ], [ -46.8989417, -23.1704308 ], [ -46.8989222, -23.170459 ], [ -46.8988817, -23.1704342 ], [ -46.8989016, -23.1704062 ] ] } },
{ "type": "Feature", "properties": { "Layer": "Edificações", "PaperSpace": null, "SubClasses": "AcDbEntity:AcDbPolyline", "Linetype": null, "EntityHandle": "A80", "Text": null }, "geometry": { "type": "LineString", "coordinates": [ [ -46.8990273, -23.1702291 ], [ -46.8990616, -23.1702501 ], [ -46.8990397, -23.170281 ], [ -46.8990054, -23.1702599 ], [ -46.8990273, -23.1702291 ] ] } },
{ "type": "Feature", "properties": { "Layer": "Edificações", "PaperSpace": null, "SubClasses": "AcDbEntity:AcDbPolyline", "Linetype": null, "EntityHandle": "A81", "Text": null }, "geometry": { "type": "LineString", "coordinates": [ [ -46.8990054, -23.1702599 ], [ -46.8990397, -23.170281 ], [ -46.8990244, -23.1703027 ], [ -46.89899, -23.1702817 ], [ -46.8990054, -23.1702599 ] ] } },
{ "type": "Feature", "properties": { "Layer": "Edificações", "PaperSpace": null, "SubClasses": "AcDbEntity:AcDbPolyline", "Linetype": null, "EntityHandle": "A82", "Text": null }, "geometry": { "type": "LineString", "coordinates": [ [ -46.89899, -23.1702817 ], [ -46.8990167, -23.170298 ], [ -46.8989994, -23.1703212 ], [ -46.8989733, -23.1703052 ], [ -46.89899, -23.1702817 ] ] } },
{ "type": "Feature", "properties": { "Layer": "Edificações", "PaperSpace": null, "SubClasses": "AcDbEntity:AcDbPolyline", "Linetype": null, "EntityHandle": "A83", "Text": null }, "geometry": { "type": "LineString", "coordinates": [ [ -46.8989733, -23.1703052 ], [ -46.8990178, -23.1703325 ], [ -46.8989996, -23.1703593 ], [ -46.8989545, -23.1703317 ], [ -46.8989733, -23.1703052 ] ] } },
{ "type": "Feature", "properties": { "Layer": "Edificações", "PaperSpace": null, "SubClasses": "AcDbEntity:AcDbPolyline", "Linetype": null, "EntityHandle": "A84", "Text": null }, "geometry": { "type": "LineString", "coordinates": [ [ -46.8989545, -23.1703317 ], [ -46.8989893, -23.170353 ], [ -46.898971, -23.1703759 ], [ -46.8989376, -23.1703554 ], [ -46.8989545, -23.1703317 ] ] } },
{ "type": "Feature", "properties": { "Layer": "Edificações", "PaperSpace": null, "SubClasses": "AcDbEntity:AcDbPolyline", "Linetype": null, "EntityHandle": "ACC", "Text": null }, "geometry": { "type": "LineString", "coordinates": [ [ -46.8990814, -23.1701528 ], [ -46.8990965, -23.1701316 ], [ -46.8991372, -23.1701565 ], [ -46.8991269, -23.1701689 ], [ -46.8991201, -23.170164 ], [ -46.8991129, -23.1701721 ], [ -46.8990814, -23.1701528 ] ] } },
{ "type": "Feature", "properties": { "Layer": "Edificações", "PaperSpace": null, "SubClasses": "AcDbEntity:AcDbPolyline", "Linetype": null, "EntityHandle": "ACD", "Text": null }, "geometry": { "type": "LineString", "coordinates": [ [ -46.899062, -23.1701802 ], [ -46.8990814, -23.1701528 ], [ -46.8991002, -23.1701643 ], [ -46.8990804, -23.1701915 ], [ -46.899062, -23.1701802 ] ] } },
{ "type": "Feature", "properties": { "Layer": "Edificações", "PaperSpace": null, "SubClasses": "AcDbEntity:AcDbPolyline", "Linetype": null, "EntityHandle": "ACE", "Text": null }, "geometry": { "type": "LineString", "coordinates": [ [ -46.8990475, -23.1702007 ], [ -46.899062, -23.1701802 ], [ -46.8990962, -23.1702011 ], [ -46.8990817, -23.1702217 ], [ -46.8990475, -23.1702007 ] ] } },
{ "type": "Feature", "properties": { "Layer": "Edificações", "PaperSpace": null, "SubClasses": "AcDbEntity:AcDbPolyline", "Linetype": null, "EntityHandle": "ACF", "Text": null }, "geometry": { "type": "LineString", "coordinates": [ [ -46.8990475, -23.1702007 ], [ -46.8990817, -23.1702217 ], [ -46.8990616, -23.1702501 ], [ -46.8990273, -23.1702291 ], [ -46.8990475, -23.1702007 ] ] } },
{ "type": "Feature", "properties": { "Layer": "Edificações", "PaperSpace": null, "SubClasses": "AcDbEntity:AcDbPolyline", "Linetype": null, "EntityHandle": "AE4", "Text": null }, "geometry": { "type": "LineString", "coordinates": [ [ -46.8992221, -23.1699545 ], [ -46.8992409, -23.169928 ], [ -46.8992838, -23.1699543 ], [ -46.8992643, -23.1699803 ], [ -46.8992221, -23.1699545 ] ] } },
{ "type": "Feature", "properties": { "Layer": "Edificações", "PaperSpace": null, "SubClasses": "AcDbEntity:AcDbPolyline", "Linetype": null, "EntityHandle": "AE5", "Text": null }, "geometry": { "type": "LineString", "coordinates": [ [ -46.8992048, -23.1699789 ], [ -46.8992221, -23.1699545 ], [ -46.8992643, -23.1699803 ], [ -46.8992463, -23.1700043 ], [ -46.8992048, -23.1699789 ] ] } },
{ "type": "Feature", "properties": { "Layer": "Edificações", "PaperSpace": null, "SubClasses": "AcDbEntity:AcDbPolyline", "Linetype": null, "EntityHandle": "AE6", "Text": null }, "geometry": { "type": "LineString", "coordinates": [ [ -46.8991869, -23.1700042 ], [ -46.8992048, -23.1699789 ], [ -46.8992463, -23.1700043 ], [ -46.8992276, -23.1700292 ], [ -46.8991869, -23.1700042 ] ] } },
{ "type": "Feature", "properties": { "Layer": "Edificações", "PaperSpace": null, "SubClasses": "AcDbEntity:AcDbPolyline", "Linetype": null, "EntityHandle": "AE7", "Text": null }, "geometry": { "type": "LineString", "coordinates": [ [ -46.8991683, -23.1700304 ], [ -46.8991869, -23.1700042 ], [ -46.8992276, -23.1700292 ], [ -46.8992083, -23.170055 ], [ -46.8991683, -23.1700304 ] ] } },
{ "type": "Feature", "properties": { "Layer": "Edificações", "PaperSpace": null, "SubClasses": "AcDbEntity:AcDbPolyline", "Linetype": null, "EntityHandle": "AE8", "Text": null }, "geometry": { "type": "LineString", "coordinates": [ [ -46.8991485, -23.1700584 ], [ -46.8991683, -23.1700304 ], [ -46.8992083, -23.170055 ], [ -46.8991877, -23.1700824 ], [ -46.8991485, -23.1700584 ] ] } },
{ "type": "Feature", "properties": { "Layer": "Edificações", "PaperSpace": null, "SubClasses": "AcDbEntity:AcDbPolyline", "Linetype": null, "EntityHandle": "AF9", "Text": null }, "geometry": { "type": "LineString", "coordinates": [ [ -46.8993291, -23.1698056 ], [ -46.899348, -23.1697795 ], [ -46.8994176, -23.1698222 ], [ -46.8993947, -23.1698458 ], [ -46.8993291, -23.1698056 ] ] } },
{ "type": "Feature", "properties": { "Layer": "Edificações", "PaperSpace": null, "SubClasses": "AcDbEntity:AcDbPolyline", "Linetype": null, "EntityHandle": "AFA", "Text": null }, "geometry": { "type": "LineString", "coordinates": [ [ -46.8993111, -23.1698306 ], [ -46.8993291, -23.1698056 ], [ -46.8993947, -23.1698458 ], [ -46.8993728, -23.1698684 ], [ -46.8993111, -23.1698306 ] ] } },
{ "type": "Feature", "properties": { "Layer": "Edificações", "PaperSpace": null, "SubClasses": "AcDbEntity:AcDbPolyline", "Linetype": null, "EntityHandle": "AFB", "Text": null }, "geometry": { "type": "LineString", "coordinates": [ [ -46.8993327, -23.1698438 ], [ -46.8993728, -23.1698684 ], [ -46.899351, -23.1698908 ], [ -46.8993168, -23.1698698 ], [ -46.8993327, -23.1698438 ] ] } },
{ "type": "Feature", "properties": { "Layer": "Edificações", "PaperSpace": null, "SubClasses": "AcDbEntity:AcDbPolyline", "Linetype": null, "EntityHandle": "AFC", "Text": null }, "geometry": { "type": "LineString", "coordinates": [ [ -46.8993111, -23.1698306 ], [ -46.8993327, -23.1698438 ], [ -46.8993168, -23.1698698 ], [ -46.8992932, -23.1698554 ], [ -46.8993111, -23.1698306 ] ] } },
{ "type": "Feature", "properties": { "Layer": "Edificações", "PaperSpace": null, "SubClasses": "AcDbEntity:AcDbPolyline", "Linetype": null, "EntityHandle": "B0C", "Text": null }, "geometry": { "type": "LineString", "coordinates": [ [ -46.8993749, -23.1697421 ], [ -46.8993749, -23.1697421 ], [ -46.8993863, -23.1697487 ], [ -46.8994134, -23.169711 ], [ -46.8994511, -23.169734 ], [ -46.8994208, -23.1697702 ], [ -46.8993749, -23.1697421 ] ] } },
{ "type": "Feature", "properties": { "Layer": "Edificações", "PaperSpace": null, "SubClasses": "AcDbEntity:AcDbPolyline", "Linetype": null, "EntityHandle": "B0D", "Text": null }, "geometry": { "type": "LineString", "coordinates": [ [ -46.8993749, -23.1697421 ], [ -46.8994208, -23.1697702 ], [ -46.8994196, -23.1697716 ], [ -46.8994224, -23.1697763 ], [ -46.8994168, -23.1697794 ], [ -46.8993979, -23.169806 ], [ -46.8994196, -23.1698202 ], [ -46.8994176, -23.1698222 ], [ -46.899348, -23.1697795 ], [ -46.8993749, -23.1697421 ] ] } },
{ "type": "Feature", "properties": { "Layer": "Edificações", "PaperSpace": null, "SubClasses": "AcDbEntity:AcDbPolyline", "Linetype": null, "EntityHandle": "B5B", "Text": null }, "geometry": { "type": "LineString", "coordinates": [ [ -46.899464, -23.1696406 ], [ -46.8995112, -23.1696696 ], [ -46.8994967, -23.1696924 ], [ -46.8994482, -23.1696627 ], [ -46.899464, -23.1696406 ] ] } },
{ "type": "Feature", "properties": { "Layer": "Edificações", "PaperSpace": null, "SubClasses": "AcDbEntity:AcDbPolyline", "Linetype": null, "EntityHandle": "B5C", "Text": null }, "geometry": { "type": "LineString", "coordinates": [ [ -46.8994845, -23.1696121 ], [ -46.8995159, -23.1696313 ], [ -46.8994985, -23.1696556 ], [ -46.8995144, -23.1696646 ], [ -46.8995112, -23.1696696 ], [ -46.899464, -23.1696406 ], [ -46.8994845, -23.1696121 ] ] } },
{ "type": "Feature", "properties": { "Layer": "Edificações", "PaperSpace": null, "SubClasses": "AcDbEntity:AcDbPolyline", "Linetype": null, "EntityHandle": "B5D", "Text": null }, "geometry": { "type": "LineString", "coordinates": [ [ -46.8995159, -23.1695685 ], [ -46.8995435, -23.1695855 ], [ -46.8995453, -23.1695834 ], [ -46.8995724, -23.1695999 ], [ -46.8995399, -23.169646 ], [ -46.8994845, -23.1696121 ], [ -46.8995159, -23.1695685 ] ] } },
{ "type": "Feature", "properties": { "Layer": "Edificações", "PaperSpace": null, "SubClasses": "AcDbEntity:AcDbPolyline", "Linetype": null, "EntityHandle": "B5E", "Text": null }, "geometry": { "type": "LineString", "coordinates": [ [ -46.8995551, -23.1695713 ], [ -46.8995831, -23.1695847 ], [ -46.8995724, -23.1695999 ], [ -46.8995453, -23.1695834 ], [ -46.8995551, -23.1695713 ] ] } },
{ "type": "Feature", "properties": { "Layer": "Edificações", "PaperSpace": null, "SubClasses": "AcDbEntity:AcDbPolyline", "Linetype": null, "EntityHandle": "B65", "Text": null }, "geometry": { "type": "LineString", "coordinates": [ [ -46.8994482, -23.1696627 ], [ -46.8994967, -23.1696924 ], [ -46.8994961, -23.1696933 ], [ -46.8994775, -23.1696816 ], [ -46.8994626, -23.169704 ], [ -46.8994319, -23.1696852 ], [ -46.8994482, -23.1696627 ] ] } },
{ "type": "Feature", "properties": { "Layer": "Edificações", "PaperSpace": null, "SubClasses": "AcDbEntity:AcDbPolyline", "Linetype": null, "EntityHandle": "B92", "Text": null }, "geometry": { "type": "LineString", "coordinates": [ [ -46.8996034, -23.1694462 ], [ -46.8996592, -23.1694804 ], [ -46.8996348, -23.1695162 ], [ -46.8995782, -23.1694815 ], [ -46.8996034, -23.1694462 ] ] } },
{ "type": "Feature", "properties": { "Layer": "Edificações", "PaperSpace": null, "SubClasses": "AcDbEntity:AcDbPolyline", "Linetype": null, "EntityHandle": "B93", "Text": null }, "geometry": { "type": "LineString", "coordinates": [ [ -46.8996328, -23.1694051 ], [ -46.899638, -23.1694083 ], [ -46.8996269, -23.1694266 ], [ -46.8996411, -23.1694351 ], [ -46.8996533, -23.1694177 ], [ -46.8996876, -23.1694387 ], [ -46.8996592, -23.1694804 ], [ -46.8996034, -23.1694462 ], [ -46.8996328, -23.1694051 ] ] } },
{ "type": "Feature", "properties": { "Layer": "Edificações", "PaperSpace": null, "SubClasses": "AcDbEntity:AcDbPolyline", "Linetype": null, "EntityHandle": "BA5", "Text": null }, "geometry": { "type": "LineString", "coordinates": [ [ -46.8995435, -23.16953 ], [ -46.8995726, -23.1695478 ], [ -46.899568, -23.1695551 ], [ -46.8995515, -23.1695451 ], [ -46.899534, -23.1695705 ], [ -46.8995199, -23.1695628 ], [ -46.8995435, -23.16953 ] ] } },
{ "type": "Feature", "properties": { "Layer": "Edificações", "PaperSpace": null, "SubClasses": "AcDbEntity:AcDbPolyline", "Linetype": null, "EntityHandle": "BA6", "Text": null }, "geometry": { "type": "LineString", "coordinates": [ [ -46.8995782, -23.1694815 ], [ -46.8995994, -23.1694945 ], [ -46.8995637, -23.1695424 ], [ -46.8995435, -23.16953 ], [ -46.8995782, -23.1694815 ] ] } },
{ "type": "Feature", "properties": { "Layer": "Edificações", "PaperSpace": null, "SubClasses": "AcDbEntity:AcDbPolyline", "Linetype": null, "EntityHandle": "BA7", "Text": null }, "geometry": { "type": "LineString", "coordinates": [ [ -46.8995994, -23.1694945 ], [ -46.8996348, -23.1695162 ], [ -46.8996383, -23.1695183 ], [ -46.8996198, -23.1695486 ], [ -46.8996161, -23.1695459 ], [ -46.8996028, -23.1695663 ], [ -46.8995637, -23.1695424 ], [ -46.8995994, -23.1694945 ] ] } },
{ "type": "Feature", "properties": { "Layer": "Edificações", "PaperSpace": null, "SubClasses": "AcDbEntity:AcDbPolyline", "Linetype": null, "EntityHandle": "BCA", "Text": null }, "geometry": { "type": "LineString", "coordinates": [ [ -46.8997994, -23.1691723 ], [ -46.8998428, -23.1691989 ], [ -46.8998421, -23.1691999 ], [ -46.89981, -23.1691808 ], [ -46.8997851, -23.169216 ], [ -46.8997733, -23.1692087 ], [ -46.8997994, -23.1691723 ] ] } },
{ "type": "Feature", "properties": { "Layer": "Edificações", "PaperSpace": null, "SubClasses": "AcDbEntity:AcDbPolyline", "Linetype": null, "EntityHandle": "BCB", "Text": null }, "geometry": { "type": "LineString", "coordinates": [ [ -46.8997733, -23.1692087 ], [ -46.8997851, -23.169216 ], [ -46.8997679, -23.1692405 ], [ -46.8997559, -23.1692331 ], [ -46.8997733, -23.1692087 ] ] } },
{ "type": "Feature", "properties": { "Layer": "Edificações", "PaperSpace": null, "SubClasses": "AcDbEntity:AcDbPolyline", "Linetype": null, "EntityHandle": "BCC", "Text": null }, "geometry": { "type": "LineString", "coordinates": [ [ -46.8997559, -23.1692331 ], [ -46.8997679, -23.1692405 ], [ -46.8997573, -23.1692555 ], [ -46.8997452, -23.169248 ], [ -46.8997559, -23.1692331 ] ] } },
{ "type": "Feature", "properties": { "Layer": "Edificações", "PaperSpace": null, "SubClasses": "AcDbEntity:AcDbPolyline", "Linetype": null, "EntityHandle": "BCD", "Text": null }, "geometry": { "type": "LineString", "coordinates": [ [ -46.8997573, -23.1692555 ], [ -46.8997838, -23.1692717 ], [ -46.899755, -23.1693074 ], [ -46.899731, -23.1692927 ], [ -46.8997573, -23.1692555 ] ] } },
{ "type": "Feature", "properties": { "Layer": "Edificações", "PaperSpace": null, "SubClasses": "AcDbEntity:AcDbPolyline", "Linetype": null, "EntityHandle": "BCE", "Text": null }, "geometry": { "type": "LineString", "coordinates": [ [ -46.8997452, -23.169248 ], [ -46.8997573, -23.1692555 ], [ -46.899731, -23.1692927 ], [ -46.8997186, -23.1692851 ], [ -46.8997452, -23.169248 ] ] } },
{ "type": "Feature", "properties": { "Layer": "Edificações", "PaperSpace": null, "SubClasses": "AcDbEntity:AcDbPolyline", "Linetype": null, "EntityHandle": "BCF", "Text": null }, "geometry": { "type": "LineString", "coordinates": [ [ -46.8997186, -23.1692851 ], [ -46.899755, -23.1693074 ], [ -46.8997399, -23.1693262 ], [ -46.8997047, -23.1693046 ], [ -46.8997186, -23.1692851 ] ] } },
{ "type": "Feature", "properties": { "Layer": "Edificações", "PaperSpace": null, "SubClasses": "AcDbEntity:AcDbPolyline", "Linetype": null, "EntityHandle": "BD0", "Text": null }, "geometry": { "type": "LineString", "coordinates": [ [ -46.8997047, -23.1693046 ], [ -46.8997182, -23.1693129 ], [ -46.8996883, -23.169355 ], [ -46.8996746, -23.1693466 ], [ -46.8997047, -23.1693046 ] ] } },
{ "type": "Feature", "properties": { "Layer": "Edificações", "PaperSpace": null, "SubClasses": "AcDbEntity:AcDbPolyline", "Linetype": null, "EntityHandle": "BD1", "Text": null }, "geometry": { "type": "LineString", "coordinates": [ [ -46.8996746, -23.1693466 ], [ -46.8996883, -23.169355 ], [ -46.8996589, -23.1693963 ], [ -46.8996449, -23.1693882 ], [ -46.8996746, -23.1693466 ] ] } },
{ "type": "Feature", "properties": { "Layer": "Edificações", "PaperSpace": null, "SubClasses": "AcDbEntity:AcDbPolyline", "Linetype": null, "EntityHandle": "C1E", "Text": null }, "geometry": { "type": "LineString", "coordinates": [ [ -46.8998378, -23.1691186 ], [ -46.899879, -23.1691438 ], [ -46.8998428, -23.1691989 ], [ -46.8997994, -23.1691723 ], [ -46.8998378, -23.1691186 ] ] } },
{ "type": "Feature", "properties": { "Layer": "Edificações", "PaperSpace": null, "SubClasses": "AcDbEntity:AcDbPolyline", "Linetype": null, "EntityHandle": "C1F", "Text": null }, "geometry": { "type": "LineString", "coordinates": [ [ -46.8998378, -23.1691186 ], [ -46.8998473, -23.1691053 ], [ -46.8998889, -23.1691308 ], [ -46.8998814, -23.1691402 ], [ -46.899879, -23.1691438 ], [ -46.8998378, -23.1691186 ] ] } },
{ "type": "Feature", "properties": { "Layer": "Edificações", "PaperSpace": null, "SubClasses": "AcDbEntity:AcDbPolyline", "Linetype": null, "EntityHandle": "C20", "Text": null }, "geometry": { "type": "LineString", "coordinates": [ [ -46.8998654, -23.1690799 ], [ -46.8999085, -23.1691063 ], [ -46.8998889, -23.1691308 ], [ -46.8998473, -23.1691053 ], [ -46.8998654, -23.1690799 ] ] } },
{ "type": "Feature", "properties": { "Layer": "Edificações", "PaperSpace": null, "SubClasses": "AcDbEntity:AcDbPolyline", "Linetype": null, "EntityHandle": "C21", "Text": null }, "geometry": { "type": "LineString", "coordinates": [ [ -46.8998837, -23.1690543 ], [ -46.8999495, -23.1690947 ], [ -46.8999403, -23.1691061 ], [ -46.8999196, -23.1690943 ], [ -46.8999091, -23.1691056 ], [ -46.8999085, -23.1691063 ], [ -46.8998654, -23.1690799 ], [ -46.8998837, -23.1690543 ] ] } },
{ "type": "Feature", "properties": { "Layer": "Edificações", "PaperSpace": null, "SubClasses": "AcDbEntity:AcDbPolyline", "Linetype": null, "EntityHandle": "C22", "Text": null }, "geometry": { "type": "LineString", "coordinates": [ [ -46.8999034, -23.1690269 ], [ -46.8999162, -23.1690347 ], [ -46.8999087, -23.1690454 ], [ -46.8999249, -23.1690555 ], [ -46.899928, -23.1690511 ], [ -46.8999482, -23.1690628 ], [ -46.8999317, -23.1690837 ], [ -46.8998837, -23.1690543 ], [ -46.8999034, -23.1690269 ] ] } },
{ "type": "Feature", "properties": { "Layer": "Edificações", "PaperSpace": null, "SubClasses": "AcDbEntity:AcDbPolyline", "Linetype": null, "EntityHandle": "C23", "Text": null }, "geometry": { "type": "LineString", "coordinates": [ [ -46.8999207, -23.1690026 ], [ -46.8999333, -23.1690103 ], [ -46.8999162, -23.1690347 ], [ -46.8999034, -23.1690269 ], [ -46.8999207, -23.1690026 ] ] } },
{ "type": "Feature", "properties": { "Layer": "Edificações", "PaperSpace": null, "SubClasses": "AcDbEntity:AcDbPolyline", "Linetype": null, "EntityHandle": "C24", "Text": null }, "geometry": { "type": "LineString", "coordinates": [ [ -46.8999385, -23.1689778 ], [ -46.8999509, -23.1689853 ], [ -46.8999333, -23.1690103 ], [ -46.8999207, -23.1690026 ], [ -46.8999385, -23.1689778 ] ] } },
{ "type": "Feature", "properties": { "Layer": "Edificações", "PaperSpace": null, "SubClasses": "AcDbEntity:AcDbPolyline", "Linetype": null, "EntityHandle": "C64", "Text": null }, "geometry": { "type": "LineString", "coordinates": [ [ -46.9000907, -23.1687651 ], [ -46.9001188, -23.1687258 ], [ -46.900198, -23.1687744 ], [ -46.9001683, -23.1688127 ], [ -46.9000907, -23.1687651 ] ] } },
{ "type": "Feature", "properties": { "Layer": "Edificações", "PaperSpace": null, "SubClasses": "AcDbEntity:AcDbPolyline", "Linetype": null, "EntityHandle": "C65", "Text": null }, "geometry": { "type": "LineString", "coordinates": [ [ -46.9000648, -23.1688013 ], [ -46.9000907, -23.1687651 ], [ -46.9001683, -23.1688127 ], [ -46.9001781, -23.1688187 ], [ -46.9001497, -23.1688533 ], [ -46.9000648, -23.1688013 ] ] } },
{ "type": "Feature", "properties": { "Layer": "Edificações", "PaperSpace": null, "SubClasses": "AcDbEntity:AcDbPolyline", "Linetype": null, "EntityHandle": "C66", "Text": null }, "geometry": { "type": "LineString", "coordinates": [ [ -46.9000463, -23.1688271 ], [ -46.9000648, -23.1688013 ], [ -46.9001442, -23.1688499 ], [ -46.9001241, -23.1688748 ], [ -46.9000463, -23.1688271 ] ] } },
{ "type": "Feature", "properties": { "Layer": "Edificações", "PaperSpace": null, "SubClasses": "AcDbEntity:AcDbPolyline", "Linetype": null, "EntityHandle": "C67", "Text": null }, "geometry": { "type": "LineString", "coordinates": [ [ -46.9000279, -23.1688528 ], [ -46.9000463, -23.1688271 ], [ -46.9000903, -23.1688541 ], [ -46.9000817, -23.1688661 ], [ -46.9001094, -23.1688832 ], [ -46.900101, -23.1688976 ], [ -46.9000279, -23.1688528 ] ] } },
{ "type": "Feature", "properties": { "Layer": "Edificações", "PaperSpace": null, "SubClasses": "AcDbEntity:AcDbPolyline", "Linetype": null, "EntityHandle": "C68", "Text": null }, "geometry": { "type": "LineString", "coordinates": [ [ -46.9000279, -23.1688528 ], [ -46.9000387, -23.1688594 ], [ -46.9000214, -23.1688841 ], [ -46.9000104, -23.1688773 ], [ -46.9000279, -23.1688528 ] ] } },
{ "type": "Feature", "properties": { "Layer": "Edificações", "PaperSpace": null, "SubClasses": "AcDbEntity:AcDbPolyline", "Linetype": null, "EntityHandle": "C69", "Text": null }, "geometry": { "type": "LineString", "coordinates": [ [ -46.9000387, -23.1688594 ], [ -46.900057, -23.1688707 ], [ -46.9000405, -23.1688958 ], [ -46.9000214, -23.1688841 ], [ -46.9000387, -23.1688594 ] ] } },
{ "type": "Feature", "properties": { "Layer": "Edificações", "PaperSpace": null, "SubClasses": "AcDbEntity:AcDbPolyline", "Linetype": null, "EntityHandle": "C6A", "Text": null }, "geometry": { "type": "LineString", "coordinates": [ [ -46.9000104, -23.1688773 ], [ -46.9000493, -23.1689012 ], [ -46.9000309, -23.1689271 ], [ -46.9000398, -23.1689323 ], [ -46.9000197, -23.168961 ], [ -46.8999716, -23.1689316 ], [ -46.9000104, -23.1688773 ] ] } },
{ "type": "Feature", "properties": { "Layer": "Edificações", "PaperSpace": null, "SubClasses": "AcDbEntity:AcDbPolyline", "Linetype": null, "EntityHandle": "C6B", "Text": null }, "geometry": { "type": "LineString", "coordinates": [ [ -46.899964, -23.1689421 ], [ -46.9000123, -23.1689717 ], [ -46.8999871, -23.1690075 ], [ -46.8999385, -23.1689778 ], [ -46.899964, -23.1689421 ] ] } },
{ "type": "Feature", "properties": { "Layer": "Edificações", "PaperSpace": null, "SubClasses": "AcDbEntity:AcDbPolyline", "Linetype": null, "EntityHandle": "C6C", "Text": null }, "geometry": { "type": "LineString", "coordinates": [ [ -46.899964, -23.1689421 ], [ -46.8999716, -23.1689316 ], [ -46.9000197, -23.168961 ], [ -46.9000123, -23.1689717 ], [ -46.899964, -23.1689421 ] ] } },
{ "type": "Feature", "properties": { "Layer": "Edificações", "PaperSpace": null, "SubClasses": "AcDbEntity:AcDbPolyline", "Linetype": null, "EntityHandle": "D50", "Text": null }, "geometry": { "type": "LineString", "coordinates": [ [ -46.9002164, -23.1685894 ], [ -46.9002433, -23.1685518 ], [ -46.9003284, -23.1686039 ], [ -46.9002971, -23.1686388 ], [ -46.9002475, -23.1686085 ], [ -46.9002164, -23.1685894 ] ] } },
{ "type": "Feature", "properties": { "Layer": "Edificações", "PaperSpace": null, "SubClasses": "AcDbEntity:AcDbPolyline", "Linetype": null, "EntityHandle": "FCF", "Text": null }, "geometry": { "type": "LineString", "coordinates": [ [ -46.8988813, -23.1704347 ], [ -46.8988814, -23.1704347 ], [ -46.8988817, -23.1704342 ], [ -46.8989203, -23.1704579 ], [ -46.8989047, -23.17048 ], [ -46.898866, -23.1704563 ], [ -46.8988813, -23.1704347 ] ] } },
{ "type": "Feature", "properties": { "Layer": "Piscinas", "PaperSpace": null, "SubClasses": "AcDbEntity:AcDbPolyline", "Linetype": null, "EntityHandle": "1072", "Text": null }, "geometry": { "type": "LineString", "coordinates": [ [ -46.9005078, -23.1682755 ], [ -46.9005157, -23.1682781 ], [ -46.9005187, -23.1682793 ], [ -46.9005266, -23.1682834 ], [ -46.900532, -23.1682858 ], [ -46.9005363, -23.1682895 ], [ -46.9005363, -23.1682947 ], [ -46.9005348, -23.1682995 ], [ -46.9005312, -23.1683031 ], [ -46.9005291, -23.168305 ], [ -46.900527, -23.1683054 ], [ -46.9005237, -23.1683056 ], [ -46.9005184, -23.1683036 ], [ -46.9005113, -23.1683008 ], [ -46.9005056, -23.1682971 ], [ -46.9004988, -23.1682928 ], [ -46.9004985, -23.1682909 ], [ -46.900498, -23.1682895 ], [ -46.9004979, -23.1682884 ], [ -46.9004986, -23.1682867 ], [ -46.9005, -23.1682844 ], [ -46.9005024, -23.1682794 ], [ -46.9005051, -23.1682767 ], [ -46.9005078, -23.1682755 ] ] } },
{ "type": "Feature", "properties": { "Layer": "Piscinas", "PaperSpace": null, "SubClasses": "AcDbEntity:AcDbPolyline", "Linetype": null, "EntityHandle": "108E", "Text": null }, "geometry": { "type": "LineString", "coordinates": [ [ -46.9004915, -23.1683463 ], [ -46.9004924, -23.1683476 ], [ -46.9004931, -23.1683483 ], [ -46.9004944, -23.1683488 ], [ -46.9004964, -23.1683489 ], [ -46.9004995, -23.1683493 ], [ -46.9005013, -23.1683506 ], [ -46.9005021, -23.1683515 ], [ -46.9005028, -23.1683529 ], [ -46.9005033, -23.1683541 ], [ -46.9005039, -23.1683565 ], [ -46.9005036, -23.1683582 ], [ -46.9005031, -23.16836 ], [ -46.9005023, -23.1683618 ], [ -46.9005014, -23.1683625 ], [ -46.9004993, -23.1683637 ], [ -46.9004979, -23.168364 ], [ -46.9004953, -23.1683643 ], [ -46.9004915, -23.1683636 ], [ -46.9004892, -23.168362 ], [ -46.900486, -23.1683595 ], [ -46.9004781, -23.1683543 ], [ -46.900477, -23.1683531 ], [ -46.9004766, -23.1683526 ], [ -46.9004762, -23.1683519 ], [ -46.9004757, -23.1683508 ], [ -46.9004754, -23.1683502 ], [ -46.9004754, -23.168349 ], [ -46.9004755, -23.1683481 ], [ -46.9004756, -23.1683472 ], [ -46.9004764, -23.1683444 ], [ -46.9004774, -23.1683429 ], [ -46.9004788, -23.1683422 ], [ -46.9004803, -23.1683413 ], [ -46.9004826, -23.1683409 ], [ -46.9004843, -23.1683408 ], [ -46.9004855, -23.1683408 ], [ -46.9004869, -23.1683413 ], [ -46.9004886, -23.168342 ], [ -46.9004894, -23.168343 ], [ -46.9004899, -23.1683437 ], [ -46.9004904, -23.1683443 ], [ -46.9004912, -23.1683456 ], [ -46.9004913, -23.168346 ], [ -46.9004915, -23.1683463 ] ] } },
{ "type": "Feature", "properties": { "Layer": "Calçada", "PaperSpace": null, "SubClasses": "AcDbEntity:AcDbPolyline", "Linetype": null, "EntityHandle": "10CB", "Text": null }, "geometry": { "type": "LineString", "coordinates": [ [ -46.8986126, -23.1706809 ], [ -46.8986326, -23.1706918 ], [ -46.8986254, -23.1707004 ], [ -46.8986336, -23.1707049 ], [ -46.8986104, -23.1707378 ], [ -46.8986191, -23.170742 ], [ -46.8985971, -23.1707705 ], [ -46.8985902, -23.1707657 ], [ -46.8986126, -23.1706809 ] ] } },
{ "type": "Feature", "properties": { "Layer": "Calçada", "PaperSpace": null, "SubClasses": "AcDbEntity:AcDbPolyline", "Linetype": null, "EntityHandle": "10DC", "Text": null }, "geometry": { "type": "LineString", "coordinates": [ [ -46.8987079, -23.1705989 ], [ -46.8987152, -23.1705875 ], [ -46.8987524, -23.1706102 ], [ -46.8987444, -23.1706205 ], [ -46.8987079, -23.1705989 ] ] } },
{ "type": "Feature", "properties": { "Layer": "Calçada", "PaperSpace": null, "SubClasses": "AcDbEntity:AcDbPolyline", "Linetype": null, "EntityHandle": "10F4", "Text": null }, "geometry": { "type": "LineString", "coordinates": [ [ -46.8991178, -23.1701016 ], [ -46.8991459, -23.1701189 ], [ -46.8991246, -23.1701488 ], [ -46.8990965, -23.1701316 ], [ -46.8991178, -23.1701016 ] ] } },
{ "type": "Feature", "properties": { "Layer": "Calçada", "PaperSpace": null, "SubClasses": "AcDbEntity:AcDbPolyline", "Linetype": null, "EntityHandle": "111D", "Text": null }, "geometry": { "type": "LineString", "coordinates": [ [ -46.8995175, -23.1695663 ], [ -46.8995181, -23.1695653 ], [ -46.8995199, -23.1695628 ], [ -46.899534, -23.1695705 ], [ -46.8995515, -23.1695451 ], [ -46.899568, -23.1695551 ], [ -46.8995726, -23.1695478 ], [ -46.8995867, -23.1695565 ], [ -46.8995668, -23.1695769 ], [ -46.8995551, -23.1695713 ], [ -46.8995453, -23.1695834 ], [ -46.8995175, -23.1695663 ] ] } },
{ "type": "Feature", "properties": { "Layer": "Calçada", "PaperSpace": null, "SubClasses": "AcDbEntity:AcDbPolyline", "Linetype": null, "EntityHandle": "1131", "Text": null }, "geometry": { "type": "LineString", "coordinates": [ [ -46.899638, -23.1694083 ], [ -46.8996533, -23.1694177 ], [ -46.8996411, -23.1694351 ], [ -46.8996269, -23.1694266 ], [ -46.899638, -23.1694083 ] ] } },
{ "type": "Feature", "properties": { "Layer": "Calçada", "PaperSpace": null, "SubClasses": "AcDbEntity:AcDbPolyline", "Linetype": null, "EntityHandle": "1143", "Text": null }, "geometry": { "type": "LineString", "coordinates": [ [ -46.8997679, -23.1692405 ], [ -46.8997953, -23.1692572 ], [ -46.8997836, -23.1692716 ], [ -46.8997573, -23.1692555 ], [ -46.8997679, -23.1692405 ] ] } },
{ "type": "Feature", "properties": { "Layer": "Calçada", "PaperSpace": null, "SubClasses": "AcDbEntity:AcDbPolyline", "Linetype": null, "EntityHandle": "1144", "Text": null }, "geometry": { "type": "LineString", "coordinates": [ [ -46.8997851, -23.169216 ], [ -46.8998144, -23.1692339 ], [ -46.8997953, -23.1692572 ], [ -46.8997679, -23.1692405 ], [ -46.8997851, -23.169216 ] ] } },
{ "type": "Feature", "properties": { "Layer": "Calçada", "PaperSpace": null, "SubClasses": "AcDbEntity:AcDbPolyline", "Linetype": null, "EntityHandle": "1162", "Text": null }, "geometry": { "type": "LineString", "coordinates": [ [ -46.8999162, -23.1690347 ], [ -46.8999333, -23.1690103 ], [ -46.8999884, -23.1690441 ], [ -46.8999696, -23.1690675 ], [ -46.8999162, -23.1690347 ] ] } },
{ "type": "Feature", "properties": { "Layer": "Calçada", "PaperSpace": null, "SubClasses": "AcDbEntity:AcDbPolyline", "Linetype": null, "EntityHandle": "1163", "Text": null }, "geometry": { "type": "LineString", "coordinates": [ [ -46.899928, -23.1690511 ], [ -46.8999249, -23.1690555 ], [ -46.8999087, -23.1690454 ], [ -46.8999162, -23.1690347 ], [ -46.8999696, -23.1690675 ], [ -46.8999484, -23.1690939 ], [ -46.8999317, -23.1690837 ], [ -46.8999482, -23.1690628 ], [ -46.899928, -23.1690511 ] ] } },
{ "type": "Feature", "properties": { "Layer": "Calçada", "PaperSpace": null, "SubClasses": "AcDbEntity:AcDbPolyline", "Linetype": null, "EntityHandle": "117D", "Text": null }, "geometry": { "type": "LineString", "coordinates": [ [ -46.9000123, -23.1689717 ], [ -46.9000239, -23.1689788 ], [ -46.8999977, -23.169014 ], [ -46.8999871, -23.1690075 ], [ -46.9000123, -23.1689717 ] ] } },
{ "type": "Feature", "properties": { "Layer": "Calçada", "PaperSpace": null, "SubClasses": "AcDbEntity:AcDbPolyline", "Linetype": null, "EntityHandle": "118B", "Text": null }, "geometry": { "type": "LineString", "coordinates": [ [ -46.8999509, -23.1689853 ], [ -46.8999767, -23.1690012 ], [ -46.8999573, -23.169025 ], [ -46.8999333, -23.1690103 ], [ -46.8999509, -23.1689853 ] ] } },
{ "type": "Feature", "properties": { "Layer": "Calçada", "PaperSpace": null, "SubClasses": "AcDbEntity:AcDbPolyline", "Linetype": null, "EntityHandle": "1195", "Text": null }, "geometry": { "type": "LineString", "coordinates": [ [ -46.9000888, -23.1688884 ], [ -46.9000701, -23.1689153 ] ] } },
{ "type": "Feature", "properties": { "Layer": "Edificações", "PaperSpace": null, "SubClasses": "AcDbEntity:AcDbPolyline", "Linetype": null, "EntityHandle": "11A3", "Text": null }, "geometry": { "type": "LineString", "coordinates": [ [ -46.900252, -23.1686287 ], [ -46.9002911, -23.1686526 ], [ -46.9002715, -23.1686757 ], [ -46.9002345, -23.168653 ], [ -46.900252, -23.1686287 ] ] } },
{ "type": "Feature", "properties": { "Layer": "Calçada", "PaperSpace": null, "SubClasses": "AcDbEntity:AcDbPolyline", "Linetype": null, "EntityHandle": "11B2", "Text": null }, "geometry": { "type": "LineString", "coordinates": [ [ -46.9002111, -23.1686166 ], [ -46.9002181, -23.1686079 ], [ -46.900252, -23.1686287 ], [ -46.9002345, -23.168653 ], [ -46.90022, -23.1686442 ], [ -46.9002299, -23.1686292 ], [ -46.9002111, -23.1686166 ] ] } },
{ "type": "Feature", "properties": { "Layer": "Calçada", "PaperSpace": null, "SubClasses": "AcDbEntity:AcDbPolyline", "Linetype": null, "EntityHandle": "11CE", "Text": null }, "geometry": { "type": "LineString", "coordinates": [ [ -46.9002245, -23.1686469 ], [ -46.9002345, -23.168653 ], [ -46.9002705, -23.1686751 ], [ -46.9002524, -23.1686977 ], [ -46.9002116, -23.1686726 ], [ -46.900208, -23.1686705 ], [ -46.9002245, -23.1686469 ] ] } },
{ "type": "Feature", "properties": { "Layer": "Calçada", "PaperSpace": null, "SubClasses": "AcDbEntity:AcDbPolyline", "Linetype": null, "EntityHandle": "11DD", "Text": null }, "geometry": { "type": "LineString", "coordinates": [ [ -46.9002621, -23.1685255 ], [ -46.9002797, -23.1685009 ], [ -46.9003274, -23.1685301 ], [ -46.9003098, -23.1685548 ], [ -46.9002621, -23.1685255 ] ] } },
{ "type": "Feature", "properties": { "Layer": "Calçada", "PaperSpace": null, "SubClasses": "AcDbEntity:AcDbPolyline", "Linetype": null, "EntityHandle": "11E9", "Text": null }, "geometry": { "type": "LineString", "coordinates": [ [ -46.9003334, -23.1685338 ], [ -46.9003513, -23.1685126 ], [ -46.9003865, -23.1685342 ], [ -46.9003693, -23.1685557 ], [ -46.9003334, -23.1685338 ] ] } },
{ "type": "Feature", "properties": { "Layer": "Calçada", "PaperSpace": null, "SubClasses": "AcDbEntity:AcDbPolyline", "Linetype": null, "EntityHandle": "1202", "Text": null }, "geometry": { "type": "LineString", "coordinates": [ [ -46.9004664, -23.1684322 ], [ -46.9004746, -23.1684372 ], [ -46.9004563, -23.1684613 ], [ -46.9004492, -23.1684569 ], [ -46.9004664, -23.1684322 ] ] } },
{ "type": "Feature", "properties": { "Layer": "Calçada", "PaperSpace": null, "SubClasses": "AcDbEntity:AcDbPolyline", "Linetype": null, "EntityHandle": "1203", "Text": null }, "geometry": { "type": "LineString", "coordinates": [ [ -46.9003339, -23.1684252 ], [ -46.9003533, -23.1683981 ], [ -46.9004563, -23.1684613 ], [ -46.9004361, -23.1684878 ], [ -46.9003339, -23.1684252 ] ] } },
{ "type": "Feature", "properties": { "Layer": "Edificações", "PaperSpace": null, "SubClasses": "AcDbEntity:AcDbPolyline", "Linetype": null, "EntityHandle": "1217", "Text": null }, "geometry": { "type": "LineString", "coordinates": [ [ -46.900437, -23.1684142 ], [ -46.9004571, -23.1683886 ], [ -46.9005129, -23.1684228 ], [ -46.9004933, -23.1684487 ], [ -46.900437, -23.1684142 ] ] } },
{ "type": "Feature", "properties": { "Layer": "Calçada", "PaperSpace": null, "SubClasses": "AcDbEntity:AcDbPolyline", "Linetype": null, "EntityHandle": "122B", "Text": null }, "geometry": { "type": "LineString", "coordinates": [ [ -46.900463, -23.1683569 ], [ -46.9004829, -23.1683692 ], [ -46.9004664, -23.1683943 ], [ -46.9004571, -23.1683886 ], [ -46.9004404, -23.1683783 ], [ -46.9004429, -23.1683747 ], [ -46.9004478, -23.1683785 ], [ -46.900463, -23.1683569 ] ] } },
{ "type": "Feature", "properties": { "Layer": "Calçada", "PaperSpace": null, "SubClasses": "AcDbEntity:AcDbPolyline", "Linetype": null, "EntityHandle": "122C", "Text": null }, "geometry": { "type": "LineString", "coordinates": [ [ -46.9004414, -23.1683789 ], [ -46.9004571, -23.1683886 ], [ -46.900437, -23.1684142 ], [ -46.9004238, -23.1684061 ], [ -46.9004414, -23.1683789 ] ] } },
{ "type": "Feature", "properties": { "Layer": "Calçada", "PaperSpace": null, "SubClasses": "AcDbEntity:AcDbPolyline", "Linetype": null, "EntityHandle": "1263", "Text": null }, "geometry": { "type": "LineString", "coordinates": [ [ -46.9005129, -23.1683496 ], [ -46.9005311, -23.168323 ], [ -46.9005877, -23.1683577 ], [ -46.9005639, -23.1683809 ], [ -46.9005583, -23.1683774 ], [ -46.9005129, -23.1683496 ] ] } },
{ "type": "Feature", "properties": { "Layer": "Calçada", "PaperSpace": null, "SubClasses": "AcDbEntity:AcDbPolyline", "Linetype": null, "EntityHandle": "1264", "Text": null }, "geometry": { "type": "LineString", "coordinates": [ [ -46.9005023, -23.1683618 ], [ -46.9005031, -23.16836 ], [ -46.9005036, -23.1683582 ], [ -46.9005039, -23.1683565 ], [ -46.9005033, -23.1683541 ], [ -46.9005028, -23.1683529 ], [ -46.9005021, -23.1683515 ], [ -46.9005013, -23.1683506 ], [ -46.9004995, -23.1683493 ], [ -46.9004964, -23.1683489 ], [ -46.9004944, -23.1683488 ], [ -46.9004931, -23.1683483 ], [ -46.9004924, -23.1683476 ], [ -46.9004915, -23.1683463 ], [ -46.9004913, -23.168346 ], [ -46.9004912, -23.1683456 ], [ -46.9004904, -23.1683443 ], [ -46.9004899, -23.1683437 ], [ -46.9004894, -23.168343 ], [ -46.9004886, -23.168342 ], [ -46.9004869, -23.1683413 ], [ -46.9004855, -23.1683408 ], [ -46.9004843, -23.1683408 ], [ -46.9004826, -23.1683409 ], [ -46.9004803, -23.1683413 ], [ -46.9004788, -23.1683422 ], [ -46.9004774, -23.1683429 ], [ -46.9004764, -23.1683444 ], [ -46.9004756, -23.1683472 ], [ -46.9004755, -23.1683481 ], [ -46.9004754, -23.168349 ], [ -46.9004754, -23.1683502 ], [ -46.9004757, -23.1683508 ], [ -46.9004762, -23.1683519 ], [ -46.9004766, -23.1683526 ], [ -46.900477, -23.1683531 ], [ -46.9004781, -23.1683543 ], [ -46.900486, -23.1683595 ], [ -46.9004892, -23.168362 ], [ -46.9004915, -23.1683636 ], [ -46.9004953, -23.1683643 ], [ -46.9004979, -23.168364 ], [ -46.9004993, -23.1683637 ], [ -46.9005014, -23.1683625 ], [ -46.9005023, -23.1683618 ] ] } },
{ "type": "Feature", "properties": { "Layer": "Calçada", "PaperSpace": null, "SubClasses": "AcDbEntity:AcDbPolyline", "Linetype": null, "EntityHandle": "1265", "Text": null }, "geometry": { "type": "LineString", "coordinates": [ [ -46.9004506, -23.1683494 ], [ -46.9004691, -23.1683228 ], [ -46.9005129, -23.1683496 ], [ -46.9005583, -23.1683774 ], [ -46.9005371, -23.1684024 ], [ -46.9004506, -23.1683494 ] ] } },
{ "type": "Feature", "properties": { "Layer": "Calçada", "PaperSpace": null, "SubClasses": "AcDbEntity:AcDbPolyline", "Linetype": null, "EntityHandle": "12D7", "Text": null }, "geometry": { "type": "LineString", "coordinates": [ [ -46.9005078, -23.1682755 ], [ -46.9005051, -23.1682767 ], [ -46.9005024, -23.1682794 ], [ -46.9005, -23.1682844 ], [ -46.9004986, -23.1682867 ], [ -46.9004979, -23.1682884 ], [ -46.900498, -23.1682895 ], [ -46.9004985, -23.1682909 ], [ -46.9004988, -23.1682928 ], [ -46.9005056, -23.1682971 ], [ -46.9005113, -23.1683008 ], [ -46.9005184, -23.1683036 ], [ -46.9005237, -23.1683056 ], [ -46.900527, -23.1683054 ], [ -46.9005291, -23.168305 ], [ -46.9005312, -23.1683031 ], [ -46.9005348, -23.1682995 ], [ -46.9005363, -23.1682947 ], [ -46.9005363, -23.1682895 ], [ -46.900532, -23.1682858 ], [ -46.9005266, -23.1682834 ], [ -46.9005187, -23.1682793 ], [ -46.9005157, -23.1682781 ], [ -46.9005078, -23.1682755 ] ] } },
{ "type": "Feature", "properties": { "Layer": "Calçada", "PaperSpace": null, "SubClasses": "AcDbEntity:AcDbPolyline", "Linetype": null, "EntityHandle": "12D8", "Text": null }, "geometry": { "type": "LineString", "coordinates": [ [ -46.9004879, -23.1682571 ], [ -46.9004707, -23.1682464 ], [ -46.900472, -23.1682448 ], [ -46.900466, -23.1682404 ], [ -46.9004707, -23.168234 ], [ -46.9004987, -23.1682511 ], [ -46.9005542, -23.1682851 ], [ -46.9005313, -23.1683232 ], [ -46.9005311, -23.168323 ], [ -46.9004683, -23.1682845 ], [ -46.9004879, -23.1682571 ] ] } },
{ "type": "Feature", "properties": { "Layer": "Calçada", "PaperSpace": null, "SubClasses": "AcDbEntity:AcDbPolyline", "Linetype": null, "EntityHandle": "130D", "Text": null }, "geometry": { "type": "LineString", "coordinates": [ [ -46.9006286, -23.168132 ], [ -46.9006435, -23.1681124 ], [ -46.900689, -23.1681377 ], [ -46.9007006, -23.168122 ], [ -46.9007285, -23.1681391 ], [ -46.9007066, -23.1681798 ], [ -46.9006286, -23.168132 ] ] } },
{ "type": "Feature", "properties": { "Layer": "Calçada", "PaperSpace": null, "SubClasses": "AcDbEntity:AcDbPolyline", "Linetype": null, "EntityHandle": "130E", "Text": null }, "geometry": { "type": "LineString", "coordinates": [ [ -46.9006636, -23.1681847 ], [ -46.9006789, -23.1681629 ], [ -46.9007066, -23.1681798 ], [ -46.900694, -23.1682033 ], [ -46.9006636, -23.1681847 ] ] } },
{ "type": "Feature", "properties": { "Layer": "Calçada", "PaperSpace": null, "SubClasses": "AcDbEntity:AcDbPolyline", "Linetype": null, "EntityHandle": "130F", "Text": null }, "geometry": { "type": "LineString", "coordinates": [ [ -46.9006636, -23.1681847 ], [ -46.900694, -23.1682033 ], [ -46.9006786, -23.1682318 ], [ -46.900645, -23.1682112 ], [ -46.9006636, -23.1681847 ] ] } },
{ "type": "Feature", "properties": { "Layer": "Calçada", "PaperSpace": null, "SubClasses": "AcDbEntity:AcDbPolyline", "Linetype": null, "EntityHandle": "1347", "Text": null }, "geometry": { "type": "LineString", "coordinates": [ [ -46.9006784, -23.1680941 ], [ -46.9006964, -23.1680672 ], [ -46.9007373, -23.1680923 ], [ -46.9007301, -23.1681044 ], [ -46.9007194, -23.1680983 ], [ -46.9007144, -23.1681058 ], [ -46.900725, -23.1681131 ], [ -46.9007209, -23.1681201 ], [ -46.9006784, -23.1680941 ] ] } },
{ "type": "Feature", "properties": { "Layer": "Calçada", "PaperSpace": null, "SubClasses": "AcDbEntity:AcDbPolyline", "Linetype": null, "EntityHandle": "1363", "Text": null }, "geometry": { "type": "LineString", "coordinates": [ [ -46.9007713, -23.1679993 ], [ -46.9008744, -23.1680626 ], [ -46.900868, -23.1680711 ], [ -46.9007895, -23.1680229 ], [ -46.9007777, -23.1680348 ], [ -46.9007553, -23.1680205 ], [ -46.9007713, -23.1679993 ] ] } },
{ "type": "Feature", "properties": { "Layer": "Calçada", "PaperSpace": null, "SubClasses": "AcDbEntity:AcDbPolyline", "Linetype": null, "EntityHandle": "1377", "Text": null }, "geometry": { "type": "LineString", "coordinates": [ [ -46.9007795, -23.1680802 ], [ -46.9008016, -23.1680938 ], [ -46.90079, -23.1681061 ], [ -46.900795, -23.1681101 ], [ -46.9007856, -23.1681218 ], [ -46.9007427, -23.1680956 ], [ -46.9007449, -23.1680928 ], [ -46.9007606, -23.1681029 ], [ -46.9007795, -23.1680802 ] ] } },
{ "type": "Feature", "properties": { "Layer": "Calçada", "PaperSpace": null, "SubClasses": "AcDbEntity:AcDbPolyline", "Linetype": null, "EntityHandle": "1393", "Text": null }, "geometry": { "type": "LineString", "coordinates": [ [ -46.8985858, -23.170771 ], [ -46.8986593, -23.1708161 ], [ -46.8986503, -23.1708323 ], [ -46.8986561, -23.1708384 ], [ -46.8986421, -23.1708598 ], [ -46.8986341, -23.1708565 ], [ -46.8986282, -23.1708701 ], [ -46.8986033, -23.1708641 ], [ -46.898611, -23.1708485 ], [ -46.898592, -23.1708401 ], [ -46.8985823, -23.1708683 ], [ -46.8985612, -23.1708621 ], [ -46.8985637, -23.1708529 ], [ -46.8985858, -23.170771 ] ] } },
{ "type": "Feature", "properties": { "Layer": "Calçada", "PaperSpace": null, "SubClasses": "AcDbEntity:AcDbPolyline", "Linetype": null, "EntityHandle": "13A1", "Text": null }, "geometry": { "type": "LineString", "coordinates": [ [ -46.8985858, -23.170771 ], [ -46.8986593, -23.1708161 ], [ -46.8986503, -23.1708323 ], [ -46.8986561, -23.1708384 ], [ -46.8986421, -23.1708598 ], [ -46.8986341, -23.1708565 ], [ -46.8986282, -23.1708701 ], [ -46.8986033, -23.1708641 ], [ -46.898611, -23.1708485 ], [ -46.898592, -23.1708401 ], [ -46.8985823, -23.1708683 ], [ -46.8985612, -23.1708621 ], [ -46.8985637, -23.1708529 ], [ -46.8985858, -23.170771 ] ] } },
{ "type": "Feature", "properties": { "Layer": "Lotes OC", "PaperSpace": null, "SubClasses": "AcDbEntity:AcDbPolyline", "Linetype": null, "EntityHandle": "13E9", "Text": null }, "geometry": { "type": "LineString", "coordinates": [ [ -46.8987273, -23.1706712 ], [ -46.8987541, -23.1706376 ], [ -46.8986724, -23.1705868 ], [ -46.8989316, -23.1707456 ], [ -46.8989061, -23.1707808 ], [ -46.8987273, -23.1706712 ] ] } },
{ "type": "Feature", "properties": { "Layer": "Lotes OC", "PaperSpace": null, "SubClasses": "AcDbEntity:AcDbPolyline", "Linetype": null, "EntityHandle": "13EA", "Text": null }, "geometry": { "type": "LineString", "coordinates": [ [ -46.8985858, -23.170771 ], [ -46.8986105, -23.1706798 ], [ -46.8986872, -23.1707216 ], [ -46.8987273, -23.1706712 ], [ -46.8989061, -23.1707808 ], [ -46.8988125, -23.1709099 ], [ -46.8985858, -23.170771 ] ] } },
{ "type": "Feature", "properties": { "Layer": "Lotes OC", "PaperSpace": null, "SubClasses": "AcDbEntity:AcDbPolyline", "Linetype": null, "EntityHandle": "17AE", "Text": null }, "geometry": { "type": "LineString", "coordinates": [ [ -46.8987608, -23.1703918 ], [ -46.898776, -23.1703697 ], [ -46.8988814, -23.1704347 ], [ -46.8988817, -23.1704342 ], [ -46.8990726, -23.1705512 ], [ -46.8990567, -23.1705732 ], [ -46.8987608, -23.1703918 ] ] } },
{ "type": "Feature", "properties": { "Layer": "Lotes OC", "PaperSpace": null, "SubClasses": "AcDbEntity:AcDbPolyline", "Linetype": null, "EntityHandle": "17AF", "Text": null }, "geometry": { "type": "LineString", "coordinates": [ [ -46.8988325, -23.1704619 ], [ -46.8988331, -23.1704611 ], [ -46.8987759, -23.1704272 ], [ -46.8987482, -23.1704102 ], [ -46.8987608, -23.1703918 ], [ -46.8990567, -23.1705732 ], [ -46.8990436, -23.1705913 ], [ -46.8988325, -23.1704619 ] ] } },
{ "type": "Feature", "properties": { "Layer": "Lotes OC", "PaperSpace": null, "SubClasses": "AcDbEntity:AcDbPolyline", "Linetype": null, "EntityHandle": "17B0", "Text": null }, "geometry": { "type": "LineString", "coordinates": [ [ -46.8988108, -23.1704931 ], [ -46.8988325, -23.1704619 ], [ -46.8990436, -23.1705913 ], [ -46.8990212, -23.1706221 ], [ -46.8988108, -23.1704931 ] ] } },
{ "type": "Feature", "properties": { "Layer": "Lotes OC", "PaperSpace": null, "SubClasses": "AcDbEntity:AcDbPolyline", "Linetype": null, "EntityHandle": "17B1", "Text": null }, "geometry": { "type": "LineString", "coordinates": [ [ -46.8987765, -23.1705424 ], [ -46.8988108, -23.1704931 ], [ -46.8990212, -23.1706221 ], [ -46.8989859, -23.1706708 ], [ -46.8987765, -23.1705424 ] ] } },
{ "type": "Feature", "properties": { "Layer": "Lotes OC", "PaperSpace": null, "SubClasses": "AcDbEntity:AcDbPolyline", "Linetype": null, "EntityHandle": "17B2", "Text": null }, "geometry": { "type": "LineString", "coordinates": [ [ -46.8987663, -23.170557 ], [ -46.8987765, -23.1705424 ], [ -46.8989859, -23.1706708 ], [ -46.8989755, -23.1706852 ], [ -46.8987663, -23.170557 ] ] } },
{ "type": "Feature", "properties": { "Layer": "Lotes OC", "PaperSpace": null, "SubClasses": "AcDbEntity:AcDbPolyline", "Linetype": null, "EntityHandle": "17B3", "Text": null }, "geometry": { "type": "LineString", "coordinates": [ [ -46.8986585, -23.1705527 ], [ -46.8986596, -23.1705494 ], [ -46.8987367, -23.1705997 ], [ -46.8987663, -23.170557 ], [ -46.8989755, -23.1706852 ], [ -46.8989444, -23.170728 ], [ -46.8986585, -23.1705527 ] ] } },
{ "type": "Feature", "properties": { "Layer": "Lotes OC", "PaperSpace": null, "SubClasses": "AcDbEntity:AcDbPolyline", "Linetype": null, "EntityHandle": "17CC", "Text": null }, "geometry": { "type": "LineString", "coordinates": [ [ -46.8989733, -23.1703052 ], [ -46.89899, -23.1702817 ], [ -46.8991825, -23.1703997 ], [ -46.8991656, -23.1704231 ], [ -46.8989733, -23.1703052 ] ] } },
{ "type": "Feature", "properties": { "Layer": "Lotes OC", "PaperSpace": null, "SubClasses": "AcDbEntity:AcDbPolyline", "Linetype": null, "EntityHandle": "17CD", "Text": null }, "geometry": { "type": "LineString", "coordinates": [ [ -46.8989545, -23.1703317 ], [ -46.8989733, -23.1703052 ], [ -46.8991656, -23.1704231 ], [ -46.8991465, -23.1704494 ], [ -46.8989545, -23.1703317 ] ] } },
{ "type": "Feature", "properties": { "Layer": "Lotes OC", "PaperSpace": null, "SubClasses": "AcDbEntity:AcDbPolyline", "Linetype": null, "EntityHandle": "17CE", "Text": null }, "geometry": { "type": "LineString", "coordinates": [ [ -46.8989376, -23.1703554 ], [ -46.8989545, -23.1703317 ], [ -46.8991465, -23.1704494 ], [ -46.8991294, -23.1704729 ], [ -46.8989376, -23.1703554 ] ] } },
{ "type": "Feature", "properties": { "Layer": "Lotes OC", "PaperSpace": null, "SubClasses": "AcDbEntity:AcDbPolyline", "Linetype": null, "EntityHandle": "17CF", "Text": null }, "geometry": { "type": "LineString", "coordinates": [ [ -46.8989198, -23.1703806 ], [ -46.8989376, -23.1703554 ], [ -46.8991294, -23.1704729 ], [ -46.8991113, -23.1704979 ], [ -46.8989198, -23.1703806 ] ] } },
{ "type": "Feature", "properties": { "Layer": "Lotes OC", "PaperSpace": null, "SubClasses": "AcDbEntity:AcDbPolyline", "Linetype": null, "EntityHandle": "17D0", "Text": null }, "geometry": { "type": "LineString", "coordinates": [ [ -46.8989016, -23.1704062 ], [ -46.8989198, -23.1703806 ], [ -46.8991113, -23.1704979 ], [ -46.8990928, -23.1705234 ], [ -46.8989016, -23.1704062 ] ] } },
{ "type": "Feature", "properties": { "Layer": "Lotes OC", "PaperSpace": null, "SubClasses": "AcDbEntity:AcDbPolyline", "Linetype": null, "EntityHandle": "17D1", "Text": null }, "geometry": { "type": "LineString", "coordinates": [ [ -46.8988817, -23.1704342 ], [ -46.8989016, -23.1704062 ], [ -46.8990928, -23.1705234 ], [ -46.8990726, -23.1705512 ], [ -46.8988817, -23.1704342 ] ] } },
{ "type": "Feature", "properties": { "Layer": "Lotes OC", "PaperSpace": null, "SubClasses": "AcDbEntity:AcDbPolyline", "Linetype": null, "EntityHandle": "1BA3", "Text": null }, "geometry": { "type": "LineString", "coordinates": [ [ -46.8991305, -23.1700837 ], [ -46.8991485, -23.1700584 ], [ -46.8993434, -23.1701779 ], [ -46.8993252, -23.170203 ], [ -46.8991305, -23.1700837 ] ] } },
{ "type": "Feature", "properties": { "Layer": "Lotes OC", "PaperSpace": null, "SubClasses": "AcDbEntity:AcDbPolyline", "Linetype": null, "EntityHandle": "1BA4", "Text": null }, "geometry": { "type": "LineString", "coordinates": [ [ -46.8991178, -23.1701016 ], [ -46.8991305, -23.1700837 ], [ -46.8993252, -23.170203 ], [ -46.8993122, -23.1702208 ], [ -46.8991178, -23.1701016 ] ] } },
{ "type": "Feature", "properties": { "Layer": "Lotes OC", "PaperSpace": null, "SubClasses": "AcDbEntity:AcDbPolyline", "Linetype": null, "EntityHandle": "1BA5", "Text": null }, "geometry": { "type": "LineString", "coordinates": [ [ -46.8990965, -23.1701316 ], [ -46.8991178, -23.1701016 ], [ -46.8993122, -23.1702208 ], [ -46.8992907, -23.1702506 ], [ -46.8990965, -23.1701316 ] ] } },
{ "type": "Feature", "properties": { "Layer": "Lotes OC", "PaperSpace": null, "SubClasses": "AcDbEntity:AcDbPolyline", "Linetype": null, "EntityHandle": "1BA6", "Text": null }, "geometry": { "type": "LineString", "coordinates": [ [ -46.8990814, -23.1701528 ], [ -46.8990965, -23.1701316 ], [ -46.8992907, -23.1702506 ], [ -46.8992754, -23.1702717 ], [ -46.8990814, -23.1701528 ] ] } },
{ "type": "Feature", "properties": { "Layer": "Lotes OC", "PaperSpace": null, "SubClasses": "AcDbEntity:AcDbPolyline", "Linetype": null, "EntityHandle": "1BA7", "Text": null }, "geometry": { "type": "LineString", "coordinates": [ [ -46.899062, -23.1701802 ], [ -46.8990814, -23.1701528 ], [ -46.8992754, -23.1702717 ], [ -46.8992557, -23.1702988 ], [ -46.899062, -23.1701802 ] ] } },
{ "type": "Feature", "properties": { "Layer": "Lotes OC", "PaperSpace": null, "SubClasses": "AcDbEntity:AcDbPolyline", "Linetype": null, "EntityHandle": "1BA8", "Text": null }, "geometry": { "type": "LineString", "coordinates": [ [ -46.8990475, -23.1702007 ], [ -46.899062, -23.1701802 ], [ -46.8992557, -23.1702988 ], [ -46.8992409, -23.1703192 ], [ -46.8990475, -23.1702007 ] ] } },
{ "type": "Feature", "properties": { "Layer": "Lotes OC", "PaperSpace": null, "SubClasses": "AcDbEntity:AcDbPolyline", "Linetype": null, "EntityHandle": "1BA9", "Text": null }, "geometry": { "type": "LineString", "coordinates": [ [ -46.8990273, -23.1702291 ], [ -46.8990475, -23.1702007 ], [ -46.8992409, -23.1703192 ], [ -46.8992204, -23.1703474 ], [ -46.8990273, -23.1702291 ] ] } },
{ "type": "Feature", "properties": { "Layer": "Lotes OC", "PaperSpace": null, "SubClasses": "AcDbEntity:AcDbPolyline", "Linetype": null, "EntityHandle": "1BAA", "Text": null }, "geometry": { "type": "LineString", "coordinates": [ [ -46.8990054, -23.1702599 ], [ -46.8990273, -23.1702291 ], [ -46.8992204, -23.1703474 ], [ -46.8991982, -23.1703781 ], [ -46.8990054, -23.1702599 ] ] } },
{ "type": "Feature", "properties": { "Layer": "Lotes OC", "PaperSpace": null, "SubClasses": "AcDbEntity:AcDbPolyline", "Linetype": null, "EntityHandle": "1BAB", "Text": null }, "geometry": { "type": "LineString", "coordinates": [ [ -46.89899, -23.1702817 ], [ -46.8990054, -23.1702599 ], [ -46.8991982, -23.1703781 ], [ -46.8991825, -23.1703997 ], [ -46.89899, -23.1702817 ] ] } },
{ "type": "Feature", "properties": { "Layer": "Lotes OC", "PaperSpace": null, "SubClasses": "AcDbEntity:AcDbPolyline", "Linetype": null, "EntityHandle": "1F89", "Text": null }, "geometry": { "type": "LineString", "coordinates": [ [ -46.8993111, -23.1698306 ], [ -46.8993291, -23.1698056 ], [ -46.8995259, -23.1699262 ], [ -46.8995078, -23.1699511 ], [ -46.8993111, -23.1698306 ] ] } },
{ "type": "Feature", "properties": { "Layer": "Lotes OC", "PaperSpace": null, "SubClasses": "AcDbEntity:AcDbPolyline", "Linetype": null, "EntityHandle": "1F8A", "Text": null }, "geometry": { "type": "LineString", "coordinates": [ [ -46.8992932, -23.1698554 ], [ -46.8993111, -23.1698306 ], [ -46.8995078, -23.1699511 ], [ -46.8994899, -23.1699759 ], [ -46.8992932, -23.1698554 ] ] } },
{ "type": "Feature", "properties": { "Layer": "Lotes OC", "PaperSpace": null, "SubClasses": "AcDbEntity:AcDbPolyline", "Linetype": null, "EntityHandle": "1F8B", "Text": null }, "geometry": { "type": "LineString", "coordinates": [ [ -46.8992764, -23.1698787 ], [ -46.8992932, -23.1698554 ], [ -46.8994899, -23.1699759 ], [ -46.899473, -23.1699992 ], [ -46.8992764, -23.1698787 ] ] } },
{ "type": "Feature", "properties": { "Layer": "Lotes OC", "PaperSpace": null, "SubClasses": "AcDbEntity:AcDbPolyline", "Linetype": null, "EntityHandle": "1F8C", "Text": null }, "geometry": { "type": "LineString", "coordinates": [ [ -46.8992566, -23.1699062 ], [ -46.8992764, -23.1698787 ], [ -46.899473, -23.1699992 ], [ -46.8994531, -23.1700266 ], [ -46.8992566, -23.1699062 ] ] } },
{ "type": "Feature", "properties": { "Layer": "Lotes OC", "PaperSpace": null, "SubClasses": "AcDbEntity:AcDbPolyline", "Linetype": null, "EntityHandle": "1F8D", "Text": null }, "geometry": { "type": "LineString", "coordinates": [ [ -46.8992409, -23.169928 ], [ -46.8992488, -23.169917 ], [ -46.8992566, -23.1699062 ], [ -46.8994531, -23.1700266 ], [ -46.8994373, -23.1700484 ], [ -46.8992409, -23.169928 ] ] } },
{ "type": "Feature", "properties": { "Layer": "Lotes OC", "PaperSpace": null, "SubClasses": "AcDbEntity:AcDbPolyline", "Linetype": null, "EntityHandle": "1F8E", "Text": null }, "geometry": { "type": "LineString", "coordinates": [ [ -46.8992221, -23.1699545 ], [ -46.8992409, -23.169928 ], [ -46.8994373, -23.1700484 ], [ -46.8994182, -23.1700747 ], [ -46.8992221, -23.1699545 ] ] } },
{ "type": "Feature", "properties": { "Layer": "Lotes OC", "PaperSpace": null, "SubClasses": "AcDbEntity:AcDbPolyline", "Linetype": null, "EntityHandle": "1F8F", "Text": null }, "geometry": { "type": "LineString", "coordinates": [ [ -46.8992048, -23.1699789 ], [ -46.8992221, -23.1699545 ], [ -46.8994182, -23.1700747 ], [ -46.8994007, -23.1700989 ], [ -46.8992048, -23.1699789 ] ] } },
{ "type": "Feature", "properties": { "Layer": "Lotes OC", "PaperSpace": null, "SubClasses": "AcDbEntity:AcDbPolyline", "Linetype": null, "EntityHandle": "1F90", "Text": null }, "geometry": { "type": "LineString", "coordinates": [ [ -46.8991869, -23.1700042 ], [ -46.8992048, -23.1699789 ], [ -46.8994007, -23.1700989 ], [ -46.8993824, -23.1701241 ], [ -46.8991869, -23.1700042 ] ] } },
{ "type": "Feature", "properties": { "Layer": "Lotes OC", "PaperSpace": null, "SubClasses": "AcDbEntity:AcDbPolyline", "Linetype": null, "EntityHandle": "1F91", "Text": null }, "geometry": { "type": "LineString", "coordinates": [ [ -46.8991683, -23.1700304 ], [ -46.8991869, -23.1700042 ], [ -46.8993824, -23.1701241 ], [ -46.8993635, -23.1701501 ], [ -46.8991683, -23.1700304 ] ] } },
{ "type": "Feature", "properties": { "Layer": "Lotes OC", "PaperSpace": null, "SubClasses": "AcDbEntity:AcDbPolyline", "Linetype": null, "EntityHandle": "1F92", "Text": null }, "geometry": { "type": "LineString", "coordinates": [ [ -46.8991485, -23.1700584 ], [ -46.8991683, -23.1700304 ], [ -46.8993635, -23.1701501 ], [ -46.8993434, -23.1701779 ], [ -46.8991485, -23.1700584 ] ] } },
{ "type": "Feature", "properties": { "Layer": "Lotes OC", "PaperSpace": null, "SubClasses": "AcDbEntity:AcDbPolyline", "Linetype": null, "EntityHandle": "1FBE", "Text": null }, "geometry": { "type": "LineString", "coordinates": [ [ -46.8995435, -23.16953 ], [ -46.8995782, -23.1694815 ], [ -46.8997653, -23.1695962 ], [ -46.8997303, -23.1696445 ], [ -46.8995435, -23.16953 ] ] } },
{ "type": "Feature", "properties": { "Layer": "Lotes OC", "PaperSpace": null, "SubClasses": "AcDbEntity:AcDbPolyline", "Linetype": null, "EntityHandle": "1FBF", "Text": null }, "geometry": { "type": "LineString", "coordinates": [ [ -46.8995175, -23.1695663 ], [ -46.8995181, -23.1695653 ], [ -46.8995435, -23.16953 ], [ -46.8997303, -23.1696445 ], [ -46.899704, -23.1696806 ], [ -46.8995175, -23.1695663 ] ] } },
{ "type": "Feature", "properties": { "Layer": "Lotes OC", "PaperSpace": null, "SubClasses": "AcDbEntity:AcDbPolyline", "Linetype": null, "EntityHandle": "1FC0", "Text": null }, "geometry": { "type": "LineString", "coordinates": [ [ -46.8994845, -23.1696121 ], [ -46.8995175, -23.1695663 ], [ -46.899704, -23.1696806 ], [ -46.8996709, -23.1697263 ], [ -46.8994845, -23.1696121 ] ] } },
{ "type": "Feature", "properties": { "Layer": "Lotes OC", "PaperSpace": null, "SubClasses": "AcDbEntity:AcDbPolyline", "Linetype": null, "EntityHandle": "1FC1", "Text": null }, "geometry": { "type": "LineString", "coordinates": [ [ -46.899464, -23.1696406 ], [ -46.8994845, -23.1696121 ], [ -46.8996709, -23.1697263 ], [ -46.8996503, -23.1697548 ], [ -46.899464, -23.1696406 ] ] } },
{ "type": "Feature", "properties": { "Layer": "Lotes OC", "PaperSpace": null, "SubClasses": "AcDbEntity:AcDbPolyline", "Linetype": null, "EntityHandle": "1FC2", "Text": null }, "geometry": { "type": "LineString", "coordinates": [ [ -46.8994482, -23.1696627 ], [ -46.899464, -23.1696406 ], [ -46.8996503, -23.1697548 ], [ -46.8996343, -23.1697768 ], [ -46.8994482, -23.1696627 ] ] } },
{ "type": "Feature", "properties": { "Layer": "Lotes OC", "PaperSpace": null, "SubClasses": "AcDbEntity:AcDbPolyline", "Linetype": null, "EntityHandle": "1FC3", "Text": null }, "geometry": { "type": "LineString", "coordinates": [ [ -46.8994319, -23.1696852 ], [ -46.8994482, -23.1696627 ], [ -46.8996343, -23.1697768 ], [ -46.899618, -23.1697993 ], [ -46.8994319, -23.1696852 ] ] } },
{ "type": "Feature", "properties": { "Layer": "Lotes OC", "PaperSpace": null, "SubClasses": "AcDbEntity:AcDbPolyline", "Linetype": null, "EntityHandle": "1FC4", "Text": null }, "geometry": { "type": "LineString", "coordinates": [ [ -46.8994134, -23.169711 ], [ -46.8994319, -23.1696852 ], [ -46.899618, -23.1697993 ], [ -46.8995994, -23.1698249 ], [ -46.8994134, -23.169711 ] ] } },
{ "type": "Feature", "properties": { "Layer": "Lotes OC", "PaperSpace": null, "SubClasses": "AcDbEntity:AcDbPolyline", "Linetype": null, "EntityHandle": "1FC5", "Text": null }, "geometry": { "type": "LineString", "coordinates": [ [ -46.8993749, -23.1697421 ], [ -46.8993749, -23.1697421 ], [ -46.8993863, -23.1697487 ], [ -46.8994134, -23.169711 ], [ -46.8995994, -23.1698249 ], [ -46.8995719, -23.1698628 ], [ -46.8993749, -23.1697421 ] ] } },
{ "type": "Feature", "properties": { "Layer": "Lotes OC", "PaperSpace": null, "SubClasses": "AcDbEntity:AcDbPolyline", "Linetype": null, "EntityHandle": "1FC6", "Text": null }, "geometry": { "type": "LineString", "coordinates": [ [ -46.899348, -23.1697795 ], [ -46.8993749, -23.1697421 ], [ -46.8995719, -23.1698628 ], [ -46.8995448, -23.1699001 ], [ -46.899348, -23.1697795 ] ] } },
{ "type": "Feature", "properties": { "Layer": "Lotes OC", "PaperSpace": null, "SubClasses": "AcDbEntity:AcDbPolyline", "Linetype": null, "EntityHandle": "1FC7", "Text": null }, "geometry": { "type": "LineString", "coordinates": [ [ -46.8993291, -23.1698056 ], [ -46.899348, -23.1697795 ], [ -46.8995448, -23.1699001 ], [ -46.8995259, -23.1699262 ], [ -46.8993291, -23.1698056 ] ] } },
{ "type": "Feature", "properties": { "Layer": "Lotes OC", "PaperSpace": null, "SubClasses": "AcDbEntity:AcDbPolyline", "Linetype": null, "EntityHandle": "23BA", "Text": null }, "geometry": { "type": "LineString", "coordinates": [ [ -46.9000553, -23.1691963 ], [ -46.900037, -23.1692216 ], [ -46.8998473, -23.1691053 ], [ -46.8998654, -23.1690799 ], [ -46.9000553, -23.1691963 ] ] } },
{ "type": "Feature", "properties": { "Layer": "Lotes OC", "PaperSpace": null, "SubClasses": "AcDbEntity:AcDbPolyline", "Linetype": null, "EntityHandle": "23BC", "Text": null }, "geometry": { "type": "LineString", "coordinates": [ [ -46.8998378, -23.1691186 ], [ -46.8998473, -23.1691053 ], [ -46.900037, -23.1692216 ], [ -46.9000274, -23.1692348 ], [ -46.8998378, -23.1691186 ] ] } },
{ "type": "Feature", "properties": { "Layer": "Lotes OC", "PaperSpace": null, "SubClasses": "AcDbEntity:AcDbPolyline", "Linetype": null, "EntityHandle": "23BD", "Text": null }, "geometry": { "type": "LineString", "coordinates": [ [ -46.8997994, -23.1691723 ], [ -46.8998378, -23.1691186 ], [ -46.9000274, -23.1692348 ], [ -46.8999886, -23.1692883 ], [ -46.8997994, -23.1691723 ] ] } },
{ "type": "Feature", "properties": { "Layer": "Lotes OC", "PaperSpace": null, "SubClasses": "AcDbEntity:AcDbPolyline", "Linetype": null, "EntityHandle": "23BE", "Text": null }, "geometry": { "type": "LineString", "coordinates": [ [ -46.8997733, -23.1692087 ], [ -46.8997994, -23.1691723 ], [ -46.8999886, -23.1692883 ], [ -46.8999623, -23.1693246 ], [ -46.8997733, -23.1692087 ] ] } },
{ "type": "Feature", "properties": { "Layer": "Lotes OC", "PaperSpace": null, "SubClasses": "AcDbEntity:AcDbPolyline", "Linetype": null, "EntityHandle": "23BF", "Text": null }, "geometry": { "type": "LineString", "coordinates": [ [ -46.8997559, -23.1692331 ], [ -46.8997733, -23.1692087 ], [ -46.8999623, -23.1693246 ], [ -46.8999447, -23.1693488 ], [ -46.8997559, -23.1692331 ] ] } },
{ "type": "Feature", "properties": { "Layer": "Lotes OC", "PaperSpace": null, "SubClasses": "AcDbEntity:AcDbPolyline", "Linetype": null, "EntityHandle": "23C0", "Text": null }, "geometry": { "type": "LineString", "coordinates": [ [ -46.8997452, -23.169248 ], [ -46.8997559, -23.1692331 ], [ -46.8999447, -23.1693488 ], [ -46.8999339, -23.1693637 ], [ -46.8997452, -23.169248 ] ] } },
{ "type": "Feature", "properties": { "Layer": "Lotes OC", "PaperSpace": null, "SubClasses": "AcDbEntity:AcDbPolyline", "Linetype": null, "EntityHandle": "23C1", "Text": null }, "geometry": { "type": "LineString", "coordinates": [ [ -46.8997186, -23.1692851 ], [ -46.8997452, -23.169248 ], [ -46.8999339, -23.1693637 ], [ -46.8999071, -23.1694006 ], [ -46.8997186, -23.1692851 ] ] } },
{ "type": "Feature", "properties": { "Layer": "Lotes OC", "PaperSpace": null, "SubClasses": "AcDbEntity:AcDbPolyline", "Linetype": null, "EntityHandle": "23C2", "Text": null }, "geometry": { "type": "LineString", "coordinates": [ [ -46.8997047, -23.1693046 ], [ -46.8997186, -23.1692851 ], [ -46.8999071, -23.1694006 ], [ -46.899893, -23.16942 ], [ -46.8997047, -23.1693046 ] ] } },
{ "type": "Feature", "properties": { "Layer": "Lotes OC", "PaperSpace": null, "SubClasses": "AcDbEntity:AcDbPolyline", "Linetype": null, "EntityHandle": "23C3", "Text": null }, "geometry": { "type": "LineString", "coordinates": [ [ -46.8996746, -23.1693466 ], [ -46.8997047, -23.1693046 ], [ -46.899893, -23.16942 ], [ -46.8998627, -23.1694619 ], [ -46.8996746, -23.1693466 ] ] } },
{ "type": "Feature", "properties": { "Layer": "Lotes OC", "PaperSpace": null, "SubClasses": "AcDbEntity:AcDbPolyline", "Linetype": null, "EntityHandle": "23C4", "Text": null }, "geometry": { "type": "LineString", "coordinates": [ [ -46.8996412, -23.1693934 ], [ -46.8996746, -23.1693466 ], [ -46.8998627, -23.1694619 ], [ -46.8998289, -23.1695085 ], [ -46.8996412, -23.1693934 ] ] } },
{ "type": "Feature", "properties": { "Layer": "Lotes OC", "PaperSpace": null, "SubClasses": "AcDbEntity:AcDbPolyline", "Linetype": null, "EntityHandle": "23C5", "Text": null }, "geometry": { "type": "LineString", "coordinates": [ [ -46.8996328, -23.1694051 ], [ -46.8996412, -23.1693934 ], [ -46.8998289, -23.1695085 ], [ -46.8998204, -23.1695201 ], [ -46.8996328, -23.1694051 ] ] } },
{ "type": "Feature", "properties": { "Layer": "Lotes OC", "PaperSpace": null, "SubClasses": "AcDbEntity:AcDbPolyline", "Linetype": null, "EntityHandle": "23C6", "Text": null }, "geometry": { "type": "LineString", "coordinates": [ [ -46.8996034, -23.1694462 ], [ -46.8996328, -23.1694051 ], [ -46.8998204, -23.1695201 ], [ -46.8997908, -23.169561 ], [ -46.8996034, -23.1694462 ] ] } },
{ "type": "Feature", "properties": { "Layer": "Lotes OC", "PaperSpace": null, "SubClasses": "AcDbEntity:AcDbPolyline", "Linetype": null, "EntityHandle": "23C7", "Text": null }, "geometry": { "type": "LineString", "coordinates": [ [ -46.8995782, -23.1694815 ], [ -46.8996034, -23.1694462 ], [ -46.8997908, -23.169561 ], [ -46.8997653, -23.1695962 ], [ -46.8995782, -23.1694815 ] ] } },
{ "type": "Feature", "properties": { "Layer": "Lotes OC", "PaperSpace": null, "SubClasses": "AcDbEntity:AcDbPolyline", "Linetype": null, "EntityHandle": "27C6", "Text": null }, "geometry": { "type": "LineString", "coordinates": [ [ -46.9001345, -23.1687038 ], [ -46.9001537, -23.168677 ], [ -46.9003461, -23.168795 ], [ -46.9003269, -23.1688217 ], [ -46.9001345, -23.1687038 ] ] } },
{ "type": "Feature", "properties": { "Layer": "Lotes OC", "PaperSpace": null, "SubClasses": "AcDbEntity:AcDbPolyline", "Linetype": null, "EntityHandle": "27C7", "Text": null }, "geometry": { "type": "LineString", "coordinates": [ [ -46.9001188, -23.1687258 ], [ -46.9001345, -23.1687038 ], [ -46.9003269, -23.1688217 ], [ -46.9003145, -23.1688389 ], [ -46.900311, -23.1688437 ], [ -46.9001188, -23.1687258 ] ] } },
{ "type": "Feature", "properties": { "Layer": "Lotes OC", "PaperSpace": null, "SubClasses": "AcDbEntity:AcDbPolyline", "Linetype": null, "EntityHandle": "27C8", "Text": null }, "geometry": { "type": "LineString", "coordinates": [ [ -46.9000907, -23.1687651 ], [ -46.9001188, -23.1687258 ], [ -46.900311, -23.1688437 ], [ -46.9002827, -23.1688828 ], [ -46.9000907, -23.1687651 ] ] } },
{ "type": "Feature", "properties": { "Layer": "Lotes OC", "PaperSpace": null, "SubClasses": "AcDbEntity:AcDbPolyline", "Linetype": null, "EntityHandle": "27C9", "Text": null }, "geometry": { "type": "LineString", "coordinates": [ [ -46.9000648, -23.1688013 ], [ -46.9000907, -23.1687651 ], [ -46.9002827, -23.1688828 ], [ -46.9002565, -23.1689188 ], [ -46.9000648, -23.1688013 ] ] } },
{ "type": "Feature", "properties": { "Layer": "Lotes OC", "PaperSpace": null, "SubClasses": "AcDbEntity:AcDbPolyline", "Linetype": null, "EntityHandle": "27CA", "Text": null }, "geometry": { "type": "LineString", "coordinates": [ [ -46.9000463, -23.1688271 ], [ -46.9000648, -23.1688013 ], [ -46.9002565, -23.1689188 ], [ -46.9002379, -23.1689445 ], [ -46.9000463, -23.1688271 ] ] } },
{ "type": "Feature", "properties": { "Layer": "Lotes OC", "PaperSpace": null, "SubClasses": "AcDbEntity:AcDbPolyline", "Linetype": null, "EntityHandle": "27CB", "Text": null }, "geometry": { "type": "LineString", "coordinates": [ [ -46.9000279, -23.1688528 ], [ -46.9000463, -23.1688271 ], [ -46.9002379, -23.1689445 ], [ -46.9002193, -23.1689702 ], [ -46.9000279, -23.1688528 ] ] } },
{ "type": "Feature", "properties": { "Layer": "Lotes OC", "PaperSpace": null, "SubClasses": "AcDbEntity:AcDbPolyline", "Linetype": null, "EntityHandle": "27CC", "Text": null }, "geometry": { "type": "LineString", "coordinates": [ [ -46.9000104, -23.1688773 ], [ -46.9000279, -23.1688528 ], [ -46.9002193, -23.1689702 ], [ -46.9002016, -23.1689945 ], [ -46.9000104, -23.1688773 ] ] } },
{ "type": "Feature", "properties": { "Layer": "Lotes OC", "PaperSpace": null, "SubClasses": "AcDbEntity:AcDbPolyline", "Linetype": null, "EntityHandle": "27CD", "Text": null }, "geometry": { "type": "LineString", "coordinates": [ [ -46.8999716, -23.1689316 ], [ -46.9000104, -23.1688773 ], [ -46.9002016, -23.1689945 ], [ -46.9001625, -23.1690485 ], [ -46.8999716, -23.1689316 ] ] } },
{ "type": "Feature", "properties": { "Layer": "Lotes OC", "PaperSpace": null, "SubClasses": "AcDbEntity:AcDbPolyline", "Linetype": null, "EntityHandle": "27CE", "Text": null }, "geometry": { "type": "LineString", "coordinates": [ [ -46.899964, -23.1689421 ], [ -46.8999716, -23.1689316 ], [ -46.9001625, -23.1690485 ], [ -46.9001549, -23.1690591 ], [ -46.899964, -23.1689421 ] ] } },
{ "type": "Feature", "properties": { "Layer": "Lotes OC", "PaperSpace": null, "SubClasses": "AcDbEntity:AcDbPolyline", "Linetype": null, "EntityHandle": "27CF", "Text": null }, "geometry": { "type": "LineString", "coordinates": [ [ -46.8999385, -23.1689778 ], [ -46.899964, -23.1689421 ], [ -46.9001549, -23.1690591 ], [ -46.9001291, -23.1690946 ], [ -46.8999385, -23.1689778 ] ] } },
{ "type": "Feature", "properties": { "Layer": "Lotes OC", "PaperSpace": null, "SubClasses": "AcDbEntity:AcDbPolyline", "Linetype": null, "EntityHandle": "27D0", "Text": null }, "geometry": { "type": "LineString", "coordinates": [ [ -46.8999207, -23.1690026 ], [ -46.8999385, -23.1689778 ], [ -46.9001291, -23.1690946 ], [ -46.9001111, -23.1691193 ], [ -46.8999207, -23.1690026 ] ] } },
{ "type": "Feature", "properties": { "Layer": "Lotes OC", "PaperSpace": null, "SubClasses": "AcDbEntity:AcDbPolyline", "Linetype": null, "EntityHandle": "27D1", "Text": null }, "geometry": { "type": "LineString", "coordinates": [ [ -46.8999034, -23.1690269 ], [ -46.8999207, -23.1690026 ], [ -46.9001111, -23.1691193 ], [ -46.9000936, -23.1691435 ], [ -46.8999034, -23.1690269 ] ] } },
{ "type": "Feature", "properties": { "Layer": "Lotes OC", "PaperSpace": null, "SubClasses": "AcDbEntity:AcDbPolyline", "Linetype": null, "EntityHandle": "27D2", "Text": null }, "geometry": { "type": "LineString", "coordinates": [ [ -46.8998837, -23.1690543 ], [ -46.8999034, -23.1690269 ], [ -46.9000936, -23.1691435 ], [ -46.9000738, -23.1691708 ], [ -46.8998837, -23.1690543 ] ] } },
{ "type": "Feature", "properties": { "Layer": "Lotes OC", "PaperSpace": null, "SubClasses": "AcDbEntity:AcDbPolyline", "Linetype": null, "EntityHandle": "27D3", "Text": null }, "geometry": { "type": "LineString", "coordinates": [ [ -46.8998654, -23.1690799 ], [ -46.8998837, -23.1690543 ], [ -46.9000738, -23.1691708 ], [ -46.9000553, -23.1691963 ], [ -46.8998654, -23.1690799 ] ] } },
{ "type": "Feature", "properties": { "Layer": "Lotes OC", "PaperSpace": null, "SubClasses": "AcDbEntity:AcDbPolyline", "Linetype": null, "EntityHandle": "281B", "Text": null }, "geometry": { "type": "LineString", "coordinates": [ [ -46.9003708, -23.1683736 ], [ -46.9003896, -23.1683472 ], [ -46.9005831, -23.1684658 ], [ -46.9005641, -23.1684921 ], [ -46.9003708, -23.1683736 ] ] } },
{ "type": "Feature", "properties": { "Layer": "Lotes OC", "PaperSpace": null, "SubClasses": "AcDbEntity:AcDbPolyline", "Linetype": null, "EntityHandle": "281C", "Text": null }, "geometry": { "type": "LineString", "coordinates": [ [ -46.9003533, -23.1683981 ], [ -46.9003708, -23.1683736 ], [ -46.9005641, -23.1684921 ], [ -46.9005465, -23.1685165 ], [ -46.9003533, -23.1683981 ] ] } },
{ "type": "Feature", "properties": { "Layer": "Lotes OC", "PaperSpace": null, "SubClasses": "AcDbEntity:AcDbPolyline", "Linetype": null, "EntityHandle": "281D", "Text": null }, "geometry": { "type": "LineString", "coordinates": [ [ -46.9003339, -23.1684252 ], [ -46.9003533, -23.1683981 ], [ -46.9005465, -23.1685166 ], [ -46.9005271, -23.1685436 ], [ -46.9003339, -23.1684252 ] ] } },
{ "type": "Feature", "properties": { "Layer": "Lotes OC", "PaperSpace": null, "SubClasses": "AcDbEntity:AcDbPolyline", "Linetype": null, "EntityHandle": "281E", "Text": null }, "geometry": { "type": "LineString", "coordinates": [ [ -46.9003145, -23.1684522 ], [ -46.9003339, -23.1684252 ], [ -46.9005271, -23.1685436 ], [ -46.9005077, -23.1685706 ], [ -46.9003145, -23.1684522 ] ] } },
{ "type": "Feature", "properties": { "Layer": "Lotes OC", "PaperSpace": null, "SubClasses": "AcDbEntity:AcDbPolyline", "Linetype": null, "EntityHandle": "281F", "Text": null }, "geometry": { "type": "LineString", "coordinates": [ [ -46.9002957, -23.1684786 ], [ -46.9003145, -23.1684522 ], [ -46.9005077, -23.1685706 ], [ -46.9004887, -23.1685969 ], [ -46.9002957, -23.1684786 ] ] } },
{ "type": "Feature", "properties": { "Layer": "Lotes OC", "PaperSpace": null, "SubClasses": "AcDbEntity:AcDbPolyline", "Linetype": null, "EntityHandle": "2820", "Text": null }, "geometry": { "type": "LineString", "coordinates": [ [ -46.9002797, -23.1685009 ], [ -46.9002957, -23.1684786 ], [ -46.9004887, -23.1685969 ], [ -46.9004727, -23.1686191 ], [ -46.9002797, -23.1685009 ] ] } },
{ "type": "Feature", "properties": { "Layer": "Lotes OC", "PaperSpace": null, "SubClasses": "AcDbEntity:AcDbPolyline", "Linetype": null, "EntityHandle": "2821", "Text": null }, "geometry": { "type": "LineString", "coordinates": [ [ -46.9002621, -23.1685255 ], [ -46.9002797, -23.1685009 ], [ -46.9004727, -23.1686191 ], [ -46.900455, -23.1686437 ], [ -46.9002621, -23.1685255 ] ] } },
{ "type": "Feature", "properties": { "Layer": "Lotes OC", "PaperSpace": null, "SubClasses": "AcDbEntity:AcDbPolyline", "Linetype": null, "EntityHandle": "2822", "Text": null }, "geometry": { "type": "LineString", "coordinates": [ [ -46.9002433, -23.1685518 ], [ -46.9002621, -23.1685255 ], [ -46.900455, -23.1686437 ], [ -46.9004361, -23.16867 ], [ -46.9002433, -23.1685518 ] ] } },
{ "type": "Feature", "properties": { "Layer": "Lotes OC", "PaperSpace": null, "SubClasses": "AcDbEntity:AcDbPolyline", "Linetype": null, "EntityHandle": "2823", "Text": null }, "geometry": { "type": "LineString", "coordinates": [ [ -46.9002164, -23.1685894 ], [ -46.9002433, -23.1685518 ], [ -46.9004361, -23.16867 ], [ -46.9004091, -23.1687075 ], [ -46.9002164, -23.1685894 ] ] } },
{ "type": "Feature", "properties": { "Layer": "Lotes OC", "PaperSpace": null, "SubClasses": "AcDbEntity:AcDbPolyline", "Linetype": null, "EntityHandle": "2824", "Text": null }, "geometry": { "type": "LineString", "coordinates": [ [ -46.9002077, -23.1686015 ], [ -46.9002164, -23.1685894 ], [ -46.9004091, -23.1687075 ], [ -46.9004004, -23.1687196 ], [ -46.9002077, -23.1686015 ] ] } },
{ "type": "Feature", "properties": { "Layer": "Lotes OC", "PaperSpace": null, "SubClasses": "AcDbEntity:AcDbPolyline", "Linetype": null, "EntityHandle": "2825", "Text": null }, "geometry": { "type": "LineString", "coordinates": [ [ -46.9001903, -23.1686259 ], [ -46.9002077, -23.1686015 ], [ -46.9004004, -23.1687196 ], [ -46.9003829, -23.1687439 ], [ -46.9001903, -23.1686259 ] ] } },
{ "type": "Feature", "properties": { "Layer": "Lotes OC", "PaperSpace": null, "SubClasses": "AcDbEntity:AcDbPolyline", "Linetype": null, "EntityHandle": "2826", "Text": null }, "geometry": { "type": "LineString", "coordinates": [ [ -46.9001735, -23.1686493 ], [ -46.9001903, -23.1686259 ], [ -46.9003829, -23.1687439 ], [ -46.900366, -23.1687673 ], [ -46.9001735, -23.1686493 ] ] } },
{ "type": "Feature", "properties": { "Layer": "Lotes OC", "PaperSpace": null, "SubClasses": "AcDbEntity:AcDbPolyline", "Linetype": null, "EntityHandle": "2827", "Text": null }, "geometry": { "type": "LineString", "coordinates": [ [ -46.9001537, -23.168677 ], [ -46.9001735, -23.1686493 ], [ -46.900366, -23.1687673 ], [ -46.9003461, -23.168795 ], [ -46.9001537, -23.168677 ] ] } },
{ "type": "Feature", "properties": { "Layer": "Lotes OC", "PaperSpace": null, "SubClasses": "AcDbEntity:AcDbPolyline", "Linetype": null, "EntityHandle": "2C39", "Text": null }, "geometry": { "type": "LineString", "coordinates": [ [ -46.9006224, -23.1680219 ], [ -46.9006413, -23.1679955 ], [ -46.9008358, -23.1681147 ], [ -46.9008168, -23.168141 ], [ -46.9006224, -23.1680219 ] ] } },
{ "type": "Feature", "properties": { "Layer": "Lotes OC", "PaperSpace": null, "SubClasses": "AcDbEntity:AcDbPolyline", "Linetype": null, "EntityHandle": "2C3A", "Text": null }, "geometry": { "type": "LineString", "coordinates": [ [ -46.9006036, -23.1680482 ], [ -46.9006224, -23.1680219 ], [ -46.9008168, -23.168141 ], [ -46.9007979, -23.1681673 ], [ -46.9006036, -23.1680482 ] ] } },
{ "type": "Feature", "properties": { "Layer": "Lotes OC", "PaperSpace": null, "SubClasses": "AcDbEntity:AcDbPolyline", "Linetype": null, "EntityHandle": "2C3B", "Text": null }, "geometry": { "type": "LineString", "coordinates": [ [ -46.9005965, -23.1680582 ], [ -46.9006036, -23.1680482 ], [ -46.9007979, -23.1681673 ], [ -46.9007907, -23.1681772 ], [ -46.9005965, -23.1680582 ] ] } },
{ "type": "Feature", "properties": { "Layer": "Lotes OC", "PaperSpace": null, "SubClasses": "AcDbEntity:AcDbPolyline", "Linetype": null, "EntityHandle": "2C3C", "Text": null }, "geometry": { "type": "LineString", "coordinates": [ [ -46.900554, -23.1681175 ], [ -46.9005695, -23.1680958 ], [ -46.9007637, -23.1682148 ], [ -46.9007481, -23.1682365 ], [ -46.900554, -23.1681175 ] ] } },
{ "type": "Feature", "properties": { "Layer": "Lotes OC", "PaperSpace": null, "SubClasses": "AcDbEntity:AcDbPolyline", "Linetype": null, "EntityHandle": "2C3D", "Text": null }, "geometry": { "type": "LineString", "coordinates": [ [ -46.9005695, -23.1680958 ], [ -46.9005965, -23.1680582 ], [ -46.9007907, -23.1681772 ], [ -46.9007637, -23.1682148 ], [ -46.9005695, -23.1680958 ] ] } },
{ "type": "Feature", "properties": { "Layer": "Lotes OC", "PaperSpace": null, "SubClasses": "AcDbEntity:AcDbPolyline", "Linetype": null, "EntityHandle": "2C3E", "Text": null }, "geometry": { "type": "LineString", "coordinates": [ [ -46.9005352, -23.1681438 ], [ -46.900554, -23.1681175 ], [ -46.9007481, -23.1682365 ], [ -46.9007292, -23.1682628 ], [ -46.9005352, -23.1681438 ] ] } },
{ "type": "Feature", "properties": { "Layer": "Lotes OC", "PaperSpace": null, "SubClasses": "AcDbEntity:AcDbPolyline", "Linetype": null, "EntityHandle": "2C3F", "Text": null }, "geometry": { "type": "LineString", "coordinates": [ [ -46.9005163, -23.1681702 ], [ -46.9005352, -23.1681438 ], [ -46.9007292, -23.1682628 ], [ -46.9007102, -23.1682891 ], [ -46.9005163, -23.1681702 ] ] } },
{ "type": "Feature", "properties": { "Layer": "Lotes OC", "PaperSpace": null, "SubClasses": "AcDbEntity:AcDbPolyline", "Linetype": null, "EntityHandle": "2C40", "Text": null }, "geometry": { "type": "LineString", "coordinates": [ [ -46.9004974, -23.1681966 ], [ -46.9005163, -23.1681702 ], [ -46.9007102, -23.1682891 ], [ -46.9006913, -23.1683154 ], [ -46.9004974, -23.1681966 ] ] } },
{ "type": "Feature", "properties": { "Layer": "Lotes OC", "PaperSpace": null, "SubClasses": "AcDbEntity:AcDbPolyline", "Linetype": null, "EntityHandle": "2C41", "Text": null }, "geometry": { "type": "LineString", "coordinates": [ [ -46.9004786, -23.1682229 ], [ -46.9004974, -23.1681966 ], [ -46.9006913, -23.1683154 ], [ -46.9006724, -23.1683417 ], [ -46.9004786, -23.1682229 ] ] } },
{ "type": "Feature", "properties": { "Layer": "Lotes OC", "PaperSpace": null, "SubClasses": "AcDbEntity:AcDbPolyline", "Linetype": null, "EntityHandle": "2C42", "Text": null }, "geometry": { "type": "LineString", "coordinates": [ [ -46.9004707, -23.168234 ], [ -46.9004786, -23.1682229 ], [ -46.9006724, -23.1683417 ], [ -46.9006644, -23.1683527 ], [ -46.9004707, -23.168234 ] ] } },
{ "type": "Feature", "properties": { "Layer": "Lotes OC", "PaperSpace": null, "SubClasses": "AcDbEntity:AcDbPolyline", "Linetype": null, "EntityHandle": "2C43", "Text": null }, "geometry": { "type": "LineString", "coordinates": [ [ -46.9004448, -23.1682701 ], [ -46.9004707, -23.168234 ], [ -46.9006644, -23.1683527 ], [ -46.9006385, -23.1683888 ], [ -46.9004448, -23.1682701 ] ] } },
{ "type": "Feature", "properties": { "Layer": "Lotes OC", "PaperSpace": null, "SubClasses": "AcDbEntity:AcDbPolyline", "Linetype": null, "EntityHandle": "2C44", "Text": null }, "geometry": { "type": "LineString", "coordinates": [ [ -46.900426, -23.1682964 ], [ -46.9004448, -23.1682701 ], [ -46.9006385, -23.1683888 ], [ -46.9006196, -23.168415 ], [ -46.900426, -23.1682964 ] ] } },
{ "type": "Feature", "properties": { "Layer": "Lotes OC", "PaperSpace": null, "SubClasses": "AcDbEntity:AcDbPolyline", "Linetype": null, "EntityHandle": "2C45", "Text": null }, "geometry": { "type": "LineString", "coordinates": [ [ -46.9004072, -23.1683227 ], [ -46.900426, -23.1682964 ], [ -46.9006196, -23.168415 ], [ -46.9006007, -23.1684413 ], [ -46.9004072, -23.1683227 ] ] } },
{ "type": "Feature", "properties": { "Layer": "Lotes OC", "PaperSpace": null, "SubClasses": "AcDbEntity:AcDbPolyline", "Linetype": null, "EntityHandle": "2C46", "Text": null }, "geometry": { "type": "LineString", "coordinates": [ [ -46.9003896, -23.1683472 ], [ -46.9004072, -23.1683227 ], [ -46.9006007, -23.1684413 ], [ -46.9005831, -23.1684658 ], [ -46.9003896, -23.1683472 ] ] } },
{ "type": "Feature", "properties": { "Layer": "Lotes OC", "PaperSpace": null, "SubClasses": "AcDbEntity:AcDbPolyline", "Linetype": null, "EntityHandle": "2C65", "Text": null }, "geometry": { "type": "LineString", "coordinates": [ [ -46.9007167, -23.1678901 ], [ -46.9007354, -23.167864 ], [ -46.9009326, -23.1679849 ], [ -46.9009134, -23.1680106 ], [ -46.9007167, -23.1678901 ] ] } },
{ "type": "Feature", "properties": { "Layer": "Lotes OC", "PaperSpace": null, "SubClasses": "AcDbEntity:AcDbPolyline", "Linetype": null, "EntityHandle": "2C66", "Text": null }, "geometry": { "type": "LineString", "coordinates": [ [ -46.9006979, -23.1679164 ], [ -46.9007167, -23.1678901 ], [ -46.9009134, -23.1680106 ], [ -46.9008939, -23.1680366 ], [ -46.9006979, -23.1679164 ] ] } },
{ "type": "Feature", "properties": { "Layer": "Lotes OC", "PaperSpace": null, "SubClasses": "AcDbEntity:AcDbPolyline", "Linetype": null, "EntityHandle": "2C67", "Text": null }, "geometry": { "type": "LineString", "coordinates": [ [ -46.900679, -23.1679428 ], [ -46.9006979, -23.1679164 ], [ -46.9008939, -23.1680366 ], [ -46.9008744, -23.1680626 ], [ -46.900679, -23.1679428 ] ] } },
{ "type": "Feature", "properties": { "Layer": "Lotes OC", "PaperSpace": null, "SubClasses": "AcDbEntity:AcDbPolyline", "Linetype": null, "EntityHandle": "2C68", "Text": null }, "geometry": { "type": "LineString", "coordinates": [ [ -46.9006602, -23.1679691 ], [ -46.900679, -23.1679428 ], [ -46.9008744, -23.1680626 ], [ -46.9008549, -23.1680885 ], [ -46.9006602, -23.1679691 ] ] } },
{ "type": "Feature", "properties": { "Layer": "Lotes OC", "PaperSpace": null, "SubClasses": "AcDbEntity:AcDbPolyline", "Linetype": null, "EntityHandle": "2C69", "Text": null }, "geometry": { "type": "LineString", "coordinates": [ [ -46.9006413, -23.1679955 ], [ -46.9006602, -23.1679691 ], [ -46.9008549, -23.1680885 ], [ -46.9008455, -23.1681011 ], [ -46.9008358, -23.1681147 ], [ -46.9006413, -23.1679955 ] ] } },
{ "type": "Feature", "properties": { "Layer": "Lotes OC", "PaperSpace": null, "SubClasses": "AcDbEntity:AcDbPolyline", "Linetype": null, "EntityHandle": "2C6F", "Text": null }, "geometry": { "type": "LineString", "coordinates": [ [ -46.8986724, -23.1705868 ], [ -46.8986518, -23.1705739 ], [ -46.8986585, -23.1705527 ], [ -46.8989444, -23.170728 ], [ -46.8989316, -23.1707456 ], [ -46.8986724, -23.1705868 ] ] } }
]
}
